CODE1,-8233.475,2053.374,-6103.344,0.040,0.040,0.049,0.000
CODE5,-4094.153,-774.359,-3875.656,0.032,0.041,0.056,0.000
CODE6,-4396.118,-3369.967,-3962.065,0.059,0.099,0.169,0.000
CODE7,-2902.241,-934.488,-3089.575,0.030,0.043,0.051,0.000
CODE8,-7991.580,2236.020,2641.144,0.137,0.077,0.051,0.000
CODE9,-8286.776,-395.539,2561.210,0.044,0.029,0.025,0.000
CODE10,-7258.089,-536.549,3241.161,0.066,0.041,0.042,0.000
CODE11,-8635.465,-3081.934,2542.756,0.108,0.044,0.039,0.000
CODE12,-11848.714,2317.312,-497.631,0.046,0.037,0.020,0.000
CODE13,-8945.115,994.079,-5686.603,0.054,0.028,0.045,0.000
CODE16,-7452.073,-4372.893,-4377.615,0.021,0.013,0.024,0.000
CODE25,-9554.346,2214.071,-5398.598,0.079,0.039,0.059,0.000
CODE26,-11722.831,2446.702,-2060.372,0.122,0.045,0.041,0.000
CODE28,-8979.679,1152.472,-5472.995,0.109,0.077,0.076,0.000
CODE36,-6985.073,3795.835,-3844.333,0.071,0.092,0.049,0.000
CODE39,-9178.384,3999.720,-509.029,0.086,0.098,0.031,0.000
CODE41,-5091.343,1709.945,2296.851,0.238,0.283,0.122,0.000
CODE49,-6288.398,2185.580,2968.583,0.146,0.121,0.080,0.000
CODE55,-2481.699,1743.257,-1939.713,0.035,0.078,0.036,0.000
CODE56,-5832.125,2066.260,3083.311,0.069,0.131,0.080,0.000
CODE58,-8295.744,-5615.208,976.786,0.158,0.131,0.032,0.000
CODE59,-6802.925,-5809.184,1704.154,0.141,0.113,0.048,0.000
CODE61,-9060.567,-3796.419,-1897.183,0.019,0.012,0.015,0.000
CODE62,-8808.443,535.154,-5193.264,0.054,0.025,0.043,0.000
CODE73,-8712.130,-6021.549,284.260,0.103,0.049,0.029,0.000
CODE75,-2862.154,1446.298,106.954,0.041,0.081,0.028,0.000
CODE79,-8444.858,-5842.703,662.255,0.062,0.023,0.030,0.000
CODE80,-8038.217,-5910.740,940.004,0.278,0.088,0.053,0.000
CODE87,-8714.730,-5772.133,373.147,0.057,0.019,0.023,0.000
CODE88,-9027.780,-5744.890,-182.195,0.058,0.024,0.024,0.000
CODE89,-9142.213,-5714.987,-638.749,0.070,0.025,0.026,0.000
CODE97,-9545.523,5018.738,-1463.481,0.072,0.260,0.033,0.000
CODE98,-8091.880,4893.565,-3722.559,0.483,2.617,0.499,0.000
CODE99,-9253.711,4600.161,-2960.969,0.039,0.077,0.028,0.000
CODE100,-6802.652,1263.852,-5768.737,0.048,0.068,0.083,0.000
CODE101,-6489.442,-445.048,-5462.487,0.031,0.032,0.052,0.000
CODE103,-10784.421,1611.251,816.267,0.072,0.056,0.039,0.000
CODE104,-10689.847,-71.194,976.208,0.052,0.029,0.024,0.000
CODE105,-10870.861,-1622.074,949.368,0.045,0.040,0.023,0.000
CODE106,-9463.353,-5456.829,123.247,0.137,0.100,0.035,0.000
CODE107,-9695.259,-3931.047,1904.419,0.037,0.024,0.026,0.000
CODE108,-5114.358,-4016.871,-4395.143,0.081,0.128,0.193,0.000
CODE109,-7054.101,-5679.885,-3544.425,0.062,0.054,0.051,0.000
CODE110,-6030.880,4674.312,-5374.783,0.032,0.104,0.053,0.000
CODE111,-1663.233,1337.402,-1840.371,0.041,0.071,0.041,0.000
CODE112,-5351.909,1679.189,3826.704,0.064,0.119,0.086,0.000
CODE113,-5075.758,1847.792,2634.335,0.060,0.109,0.062,0.000
CODE114,-4018.712,1554.428,1898.849,0.041,0.074,0.038,0.000
CODE115,-9412.209,4336.886,-616.135,0.066,0.230,0.025,0.000
CODE116,-9614.168,4187.396,479.611,0.074,0.248,0.038,0.000
CODE117,-7084.822,4107.134,-4084.496,0.032,0.267,0.082,0.000
CODE118,-6198.673,3853.389,-4618.606,0.028,0.292,0.106,0.000
CODE119,-2581.100,1609.102,-1113.458,0.033,0.069,0.028,0.000
CODE120,-10321.215,-4136.571,0.743,0.028,0.015,0.016,0.000
CODE133,-8652.890,-5502.644,300.890,0.162,0.129,0.043,0.000
CODE134,-8919.453,-5460.569,-227.445,0.142,0.116,0.047,0.000
CSB-045-4,-8631.809,-5512.959,348.733,0.183,0.150,0.048,0.000
CSB-045-5,-8946.668,-5463.040,-275.654,0.263,0.223,0.089,0.000
NUGGET133_1,-8658.759,-5502.253,321.047,0.162,0.130,0.042,0.000
NUGGET133_5,-8670.129,-5500.671,310.212,0.163,0.130,0.043,0.000
NUGGET133_15,-8659.229,-5501.663,286.475,0.162,0.129,0.043,0.000
NUGGET133_A,-8679.026,-5499.094,292.039,0.163,0.130,0.043,0.000
NUGGET133_B,-8638.790,-5504.373,294.472,0.161,0.129,0.043,0.000
NUGGET133_C,-8632.221,-5505.500,307.787,0.161,0.129,0.043,0.000
NUGGET133_D,-8645.119,-5503.546,314.516,0.162,0.129,0.042,0.000
NUGGET134_2,-8930.078,-5459.774,-204.683,0.160,0.130,0.052,0.000
NUGGET134_5,-8936.871,-5458.927,-218.329,0.155,0.128,0.051,0.000
NUGGET134_15,-8925.930,-5459.569,-241.693,0.142,0.116,0.047,0.000
NUGGET134_A,-8946.202,-5457.460,-236.379,0.153,0.124,0.049,0.000
NUGGET134_B,-8905.576,-5462.418,-233.829,0.147,0.118,0.048,0.000
NUGGET134_C,-8898.898,-5463.418,-220.616,0.142,0.116,0.047,0.000
NUGGET134_D,-8912.245,-5462.019,-213.972,0.154,0.128,0.051,0.000
TARGET1,-9855.800,-4391.710,-198.297,0.024,0.014,0.015,0.000
TARGET2,-9659.158,-4414.268,-516.191,0.024,0.013,0.015,0.000
TARGET3,-9783.218,-4029.800,-611.901,0.022,0.013,0.014,0.000
TARGET4,-11572.062,1441.019,-1445.266,0.044,0.029,0.019,0.000
TARGET5,-9622.278,-4055.041,-863.977,0.022,0.013,0.015,0.000
TARGET6,-9450.559,-4299.380,-958.815,0.021,0.013,0.015,0.000
TARGET7,-9420.921,-4076.935,-1182.834,0.020,0.012,0.015,0.000
TARGET8,-9299.106,-4464.893,-1080.045,0.022,0.013,0.016,0.000
TARGET9,-9139.382,-4480.410,-1331.239,0.020,0.012,0.015,0.000
TARGET10,-9715.035,-3745.740,-950.087,0.021,0.013,0.014,0.000
TARGET11,-9512.032,-3773.858,-1267.071,0.020,0.013,0.015,0.000
TARGET12,-9356.913,-3781.197,-1517.108,0.021,0.013,0.015,0.000
TARGET13,-9263.531,-4091.245,-1431.269,0.021,0.012,0.016,0.000
TARGET14,-9306.248,-3637.154,-1709.805,0.021,0.012,0.015,0.000
TARGET15,-9091.530,-4334.606,-1523.352,0.020,0.012,0.016,0.000
TARGET16,-9061.544,-4110.280,-1745.679,0.018,0.012,0.015,0.000
TARGET17,-9979.715,-4010.312,-291.543,0.024,0.014,0.015,0.000
TARGET18,-9808.915,-4251.626,-391.374,0.024,0.013,0.015,0.000
TARGET19,-10021.571,-3559.519,-575.918,0.027,0.014,0.015,0.000
TARGET20,-8899.664,-4126.155,-1993.981,0.020,0.012,0.017,0.000
TARGET21,-9498.753,-4443.206,-763.903,0.024,0.013,0.016,0.000
TARGET22,-9153.889,-3803.626,-1830.558,0.021,0.013,0.016,0.000
TARGET23,-8938.048,-4500.768,-1643.422,0.021,0.012,0.016,0.000
TARGET24,-10223.601,-3683.623,-129.779,0.030,0.015,0.016,0.000
TARGET25,-10069.971,-3699.876,-382.551,0.033,0.016,0.017,0.000
TARGET26,-9874.057,-3724.244,-698.264,0.025,0.014,0.015,0.000
TARGET27,-9663.192,-3602.137,-1148.154,0.030,0.014,0.016,0.000
TARGET28,-9477.210,-3392.718,-1615.652,0.029,0.013,0.016,0.000
TARGET29,-10418.122,-3657.952,190.164,0.044,0.019,0.018,0.000
TARGET30,-9832.388,-3358.425,-1052.435,0.027,0.014,0.015,0.000
TARGET31,-8777.085,-4512.460,-1893.462,0.020,0.012,0.017,0.000
TARGET32,-8692.526,-4145.354,-2308.886,0.019,0.012,0.016,0.000
TARGET33,-7433.952,-4627.762,-3868.721,0.022,0.014,0.023,0.000
TARGET34,-8786.644,-3838.501,-2391.091,0.022,0.012,0.017,0.000
TARGET35,-8623.569,-3849.750,-2638.812,0.020,0.012,0.017,0.000
TARGET36,-8352.261,-4400.677,-2648.681,0.018,0.012,0.017,0.000
TARGET37,-8412.424,-3871.521,-2949.887,0.024,0.013,0.019,0.000
TARGET38,-8247.477,-3881.240,-3195.471,0.024,0.013,0.020,0.000
TARGET39,-7939.283,-4210.607,-3421.384,0.020,0.013,0.019,0.000
TARGET40,-7816.580,-4600.365,-3318.698,0.025,0.014,0.022,0.000
TARGET41,-7773.136,-4222.851,-3661.265,0.021,0.013,0.021,0.000
TARGET42,-7558.554,-4235.756,-3969.878,0.022,0.014,0.022,0.000
TARGET43,-7593.815,-4462.429,-3753.322,0.024,0.014,0.023,0.000
TARGET44,-8724.648,-4368.005,-2088.369,0.018,0.011,0.016,0.000
TARGET45,-8568.916,-4535.745,-2206.691,0.020,0.012,0.018,0.000
TARGET46,-8406.756,-4545.762,-2453.873,0.019,0.012,0.017,0.000
TARGET47,-8529.052,-4158.551,-2555.620,0.019,0.012,0.016,0.000
TARGET48,-8194.949,-4567.256,-2766.542,0.019,0.012,0.018,0.000
TARGET49,-8318.663,-4176.217,-2868.921,0.021,0.012,0.018,0.000
TARGET50,-8029.889,-4580.342,-3009.916,0.020,0.012,0.020,0.000
TARGET51,-8150.943,-4194.997,-3112.180,0.022,0.013,0.019,0.000
TARGET52,-7974.339,-4434.547,-3203.299,0.022,0.013,0.020,0.000
TARGET53,-7650.824,-4609.561,-3560.471,0.023,0.014,0.022,0.000
TARGET54,-8934.613,1197.451,-5449.298,0.043,0.028,0.035,0.000
TARGET55,-9630.424,-3382.852,-1370.653,0.027,0.013,0.016,0.000
TARGET56,-7650.062,-3931.841,-4053.213,0.029,0.016,0.026,0.000
TARGET57,-7480.823,-3935.751,-4298.723,0.029,0.016,0.027,0.000
TARGET58,-8878.671,-5997.349,20.795,0.087,0.043,0.027,0.000
TARGET59,-9048.211,-5960.821,-425.750,0.049,0.025,0.023,0.000
TARGET60,-8993.839,-3816.008,-2078.724,0.023,0.013,0.017,0.000
TARGET61,-9113.355,-3427.300,-2178.807,0.024,0.013,0.017,0.000
TARGET62,-8939.928,-3670.280,-2274.104,0.023,0.013,0.017,0.000
TARGET63,-9204.540,-3119.423,-2260.520,0.042,0.015,0.021,0.000
TARGET64,-8907.115,-3446.629,-2492.018,0.032,0.014,0.020,0.000
TARGET65,-9321.189,-2730.324,-2358.089,0.041,0.015,0.021,0.000
TARGET66,-9150.412,-2972.804,-2453.984,0.042,0.015,0.021,0.000
TARGET67,-8742.272,-3462.916,-2738.520,0.039,0.016,0.023,0.000
TARGET68,-8567.320,-3704.840,-2833.306,0.030,0.015,0.021,0.000
TARGET69,-9115.267,-2748.642,-2671.586,0.040,0.015,0.022,0.000
TARGET70,-8834.748,-3153.317,-2819.661,0.040,0.015,0.023,0.000
TARGET71,-9355.540,-2272.546,-2631.152,0.041,0.015,0.022,0.000
TARGET72,-9204.259,-2441.128,-2750.710,0.041,0.015,0.023,0.000
TARGET73,-8532.697,-3480.055,-3050.794,0.039,0.016,0.024,0.000
TARGET74,-8951.300,-2763.176,-2918.173,0.039,0.015,0.023,0.000
TARGET75,-8778.418,-3005.738,-3013.321,0.039,0.015,0.024,0.000
TARGET76,-8624.052,-3173.292,-3131.506,0.038,0.016,0.024,0.000
TARGET77,-9317.874,-2048.126,-2848.280,0.041,0.015,0.022,0.000
TARGET78,-9040.634,-2453.118,-2998.533,0.039,0.015,0.023,0.000
TARGET79,-8367.409,-3493.313,-3294.182,0.038,0.016,0.025,0.000
TARGET80,-8190.682,-3734.936,-3388.090,0.026,0.014,0.021,0.000
TARGET81,-9404.618,-1740.408,-2924.916,0.042,0.015,0.022,0.000
TARGET82,-8742.111,-2779.612,-3230.074,0.039,0.015,0.025,0.000
TARGET83,-8459.848,-3183.470,-3375.381,0.037,0.016,0.025,0.000
TARGET84,-9153.973,-2063.345,-3094.214,0.040,0.015,0.023,0.000
TARGET85,-8982.961,-2305.525,-3191.229,0.039,0.015,0.024,0.000
TARGET86,-8829.816,-2473.802,-3309.948,0.038,0.015,0.024,0.000
TARGET87,-8154.213,-3508.535,-3605.929,0.039,0.017,0.028,0.000
TARGET88,-9243.440,-1747.457,-3172.163,0.041,0.015,0.024,0.000
TARGET89,-8576.029,-2793.144,-3474.487,0.038,0.015,0.025,0.000
TARGET90,-8401.461,-3036.603,-3567.905,0.037,0.015,0.026,0.000
TARGET91,-8245.814,-3204.447,-3684.045,0.037,0.016,0.027,0.000
TARGET92,-8944.904,-2079.725,-3406.010,0.039,0.015,0.025,0.000
TARGET93,-8664.663,-2483.490,-3555.467,0.037,0.015,0.025,0.000
TARGET94,-9352.801,-1355.504,-3267.495,0.043,0.016,0.024,0.000
TARGET95,-9184.077,-1599.723,-3364.428,0.041,0.015,0.025,0.000
TARGET96,-9031.773,-1770.307,-3483.470,0.040,0.015,0.025,0.000
TARGET97,-8363.051,-2809.629,-3784.572,0.037,0.016,0.027,0.000
TARGET98,-9438.147,-1041.973,-3343.984,0.043,0.016,0.025,0.000
TARGET99,-8078.171,-3213.647,-3927.989,0.038,0.016,0.028,0.000
TARGET100,-8776.884,-2094.630,-3652.145,0.038,0.015,0.026,0.000
TARGET101,-8605.272,-2336.791,-3746.353,0.037,0.015,0.026,0.000
TARGET102,-9143.336,-1372.214,-3579.594,0.041,0.016,0.025,0.000
TARGET103,-8867.319,-1779.312,-3728.262,0.038,0.015,0.026,0.000
TARGET104,-8194.270,-2823.434,-4026.900,0.037,0.016,0.028,0.000
TARGET105,-9376.696,-894.942,-3535.875,0.043,0.017,0.026,0.000
TARGET106,-9226.927,-1064.641,-3654.887,0.042,0.016,0.026,0.000
TARGET107,-7861.422,-3231.723,-4235.615,0.038,0.017,0.030,0.000
TARGET108,-8564.305,-2109.567,-3962.482,0.038,0.016,0.028,0.000
TARGET109,-8653.549,-1798.904,-4037.225,0.039,0.016,0.028,0.000
TARGET110,-9334.206,-667.082,-3749.357,0.044,0.018,0.027,0.000
TARGET111,-7979.065,-2837.463,-4334.802,0.038,0.016,0.030,0.000
TARGET112,-9061.671,-1073.365,-3900.861,0.042,0.017,0.027,0.000
TARGET113,-8396.607,-2122.235,-4203.886,0.037,0.016,0.028,0.000
TARGET114,-9415.989,-359.068,-3821.632,0.045,0.019,0.028,0.000
TARGET115,-8066.620,-2531.475,-4414.438,0.037,0.016,0.030,0.000
TARGET116,-9168.339,-680.226,-3992.071,0.043,0.018,0.028,0.000
TARGET117,-8999.674,-924.250,-4091.012,0.042,0.017,0.028,0.000
TARGET118,-7808.368,-2847.275,-4576.972,0.037,0.017,0.032,0.000
TARGET119,-9519.844,39.555,-3914.119,0.047,0.020,0.029,0.000
TARGET120,-8848.042,-1092.581,-4210.001,0.041,0.017,0.029,0.000
TARGET121,-9251.071,-364.802,-4068.991,0.044,0.019,0.029,0.000
TARGET122,-8595.806,-1414.313,-4376.406,0.040,0.017,0.030,0.000
TARGET123,-7897.070,-2538.322,-4657.036,0.038,0.017,0.032,0.000
TARGET124,-8423.443,-1658.448,-4471.382,0.038,0.017,0.030,0.000
TARGET125,-8955.523,-696.393,-4303.135,0.042,0.018,0.029,0.000
TARGET126,-8268.412,-1826.136,-4589.000,0.037,0.017,0.030,0.000
TARGET127,-9354.611,28.709,-4158.619,0.047,0.021,0.030,0.000
TARGET128,-8682.750,-1101.936,-4449.754,0.040,0.018,0.030,0.000
TARGET129,-7589.067,-2861.336,-4883.759,0.037,0.017,0.034,0.000
TARGET130,-9188.976,-215.271,-4256.536,0.046,0.020,0.031,0.000
TARGET131,-8010.747,-2147.424,-4752.518,0.036,0.017,0.031,0.000
TARGET132,-9036.787,-385.461,-4378.079,0.044,0.019,0.031,0.000
TARGET133,-9435.793,345.173,-4230.754,0.049,0.022,0.031,0.000
TARGET134,-7678.529,-2554.470,-4961.180,0.037,0.017,0.033,0.000
TARGET135,-8098.437,-1834.889,-4830.621,0.037,0.017,0.032,0.000
TARGET136,-8617.979,-953.336,-4640.172,0.040,0.018,0.031,0.000
TARGET137,-9142.080,13.420,-4468.604,0.047,0.021,0.032,0.000
TARGET138,-8464.003,-1121.745,-4758.637,0.038,0.018,0.031,0.000
TARGET139,-9535.688,739.961,-4319.424,0.051,0.024,0.033,0.000
TARGET140,-8869.802,-394.686,-4620.444,0.044,0.020,0.032,0.000
TARGET141,-9370.292,493.697,-4420.081,0.049,0.023,0.032,0.000
TARGET142,-7792.355,-2159.758,-5058.897,0.037,0.017,0.034,0.000
TARGET143,-8208.456,-1442.657,-4925.016,0.038,0.018,0.033,0.000
TARGET144,-8034.322,-1685.923,-5019.749,0.037,0.018,0.033,0.000
TARGET145,-9221.033,323.923,-4540.689,0.049,0.023,0.034,0.000
TARGET146,-9613.625,1057.340,-4391.206,0.054,0.026,0.035,0.000
TARGET147,-8572.748,-722.796,-4851.957,0.041,0.020,0.033,0.000
TARGET148,-7877.785,-1853.051,-5136.472,0.037,0.018,0.033,0.000
TARGET149,-8973.382,-0.763,-4710.496,0.046,0.022,0.033,0.000
TARGET150,-8292.988,-1128.198,-5003.079,0.038,0.018,0.033,0.000
TARGET151,-9322.345,721.965,-4629.211,0.052,0.024,0.036,0.000
TARGET152,-8652.543,-413.382,-4927.831,0.043,0.021,0.034,0.000
TARGET153,-9054.726,315.625,-4782.745,0.048,0.023,0.035,0.000
TARGET154,-9547.210,1206.527,-4579.616,0.057,0.028,0.037,0.000
TARGET155,-7989.303,-1456.234,-5231.552,0.037,0.018,0.034,0.000
TARGET156,-8401.728,-735.084,-5092.693,0.040,0.020,0.034,0.000
TARGET157,-9398.677,1034.969,-4701.230,0.054,0.026,0.037,0.000
TARGET158,-8229.028,-978.994,-5189.257,0.040,0.019,0.035,0.000
TARGET159,-8757.579,-15.307,-5018.530,0.045,0.022,0.035,0.000
TARGET160,-8074.525,-1146.053,-5305.941,0.038,0.019,0.034,0.000
TARGET161,-9154.519,710.327,-4871.540,0.051,0.025,0.037,0.000
TARGET162,-8485.791,-418.941,-5166.605,0.042,0.021,0.035,0.000
TARGET163,-8988.523,465.784,-4970.540,0.049,0.024,0.036,0.000
TARGET164,-9498.481,1437.534,-4787.938,0.058,0.030,0.040,0.000
TARGET165,-8837.158,295.964,-5090.377,0.047,0.024,0.036,0.000
TARGET166,-9231.167,1027.173,-4945.618,0.051,0.027,0.037,0.000
TARGET167,-8182.434,-749.299,-5399.210,0.039,0.020,0.036,0.000
TARGET168,-8587.685,-23.990,-5260.125,0.044,0.023,0.036,0.000
TARGET169,-8418.651,-269.609,-5354.859,0.043,0.022,0.036,0.000
TARGET170,-8938.756,695.029,-5179.551,0.050,0.026,0.039,0.000
TARGET171,-9329.866,1425.117,-5031.612,0.064,0.032,0.047,0.000
TARGET172,-8667.705,290.231,-5333.141,0.047,0.024,0.039,0.000
TARGET173,-9165.018,1177.183,-5130.735,0.056,0.028,0.042,0.000
TARGET174,-9014.889,1008.107,-5252.257,0.053,0.028,0.041,0.000
TARGET175,-8368.588,-39.839,-5565.744,0.043,0.023,0.038,0.000
TARGET176,-8768.531,686.241,-5421.979,0.049,0.026,0.040,0.000
TARGET177,-8600.500,441.015,-5519.755,0.047,0.025,0.040,0.000
TARGET178,-9115.168,1409.072,-5338.349,0.057,0.032,0.044,0.000
TARGET179,-8448.188,271.338,-5637.742,0.045,0.024,0.040,0.000
TARGET180,-8550.372,671.363,-5727.443,0.049,0.027,0.042,0.000
TARGET181,-8997.420,-3141.250,-2573.342,0.041,0.016,0.022,0.000
TARGET182,-7838.311,-4742.908,-3179.822,0.040,0.020,0.028,0.000
TARGET183,-8033.313,-3900.465,-3505.792,0.022,0.014,0.020,0.000
TARGET184,-7867.192,-3912.902,-3745.380,0.023,0.014,0.022,0.000
TARGET185,-7986.155,-3525.819,-3844.858,0.039,0.017,0.029,0.000
TARGET186,-7373.497,-4420.521,-4076.754,0.037,0.019,0.031,0.000
TARGET187,-7808.841,-3765.371,-3937.651,0.038,0.018,0.029,0.000
TARGET188,-7771.180,-3540.296,-4152.413,0.038,0.017,0.030,0.000
TARGET189,-7599.757,-3548.454,-4397.647,0.037,0.017,0.031,0.000
TARGET190,-7421.771,-3789.482,-4488.333,0.037,0.018,0.032,0.000
TARGET191,-7262.610,-3955.399,-4601.718,0.036,0.019,0.033,0.000
TARGET192,-7692.701,-3237.350,-4478.122,0.037,0.017,0.032,0.000
TARGET193,-7380.455,-3564.130,-4704.094,0.036,0.018,0.033,0.000
TARGET194,-8450.200,-2505.156,-3864.249,0.037,0.015,0.027,0.000
TARGET195,-8018.162,-3065.719,-4119.963,0.038,0.016,0.029,0.000
TARGET196,-8283.710,-2511.132,-4108.364,0.037,0.016,0.028,0.000
TARGET197,-8806.667,-1630.978,-3919.062,0.039,0.016,0.027,0.000
TARGET198,-8222.927,-2363.463,-4298.255,0.036,0.016,0.029,0.000
TARGET199,-8764.282,-1403.239,-4132.982,0.040,0.017,0.029,0.000
TARGET200,-8485.436,-1806.556,-4282.546,0.039,0.016,0.029,0.000
TARGET201,-7631.683,-3089.020,-4667.977,0.036,0.017,0.032,0.000
TARGET202,-8788.952,-707.185,-4544.044,0.041,0.019,0.031,0.000
TARGET203,-8805.157,-245.211,-4808.125,0.045,0.021,0.034,0.000
TARGET204,-7472.002,-3255.848,-4784.064,0.036,0.017,0.033,0.000
TARGET205,-8265.251,-440.114,-5470.982,0.043,0.022,0.038,0.000
TARGET206,-8977.619,-1386.165,-3823.018,0.041,0.016,0.027,0.000
TARGET207,-8181.470,-2136.084,-4511.520,0.036,0.016,0.030,0.000
TARGET208,-7835.028,-2389.453,-4846.045,0.037,0.017,0.033,0.000
TARGET209,-8379.425,-1429.817,-4684.594,0.038,0.017,0.031,0.000
TARGET210,-9599.812,352.815,-3986.375,0.051,0.022,0.031,0.000
TARGET211,-9747.781,524.263,-3864.785,0.052,0.023,0.031,0.000
TARGET212,-9565.195,-186.852,-3701.826,0.047,0.019,0.028,0.000
TARGET213,-9910.901,771.215,-3764.246,0.057,0.024,0.032,0.000
TARGET214,-9810.572,375.260,-3675.726,0.052,0.022,0.029,0.000
TARGET215,-9730.555,59.374,-3602.051,0.050,0.020,0.028,0.000
TARGET216,-9627.363,-335.037,-3511.277,0.046,0.018,0.026,0.000
TARGET217,-10075.810,785.603,-3516.419,0.057,0.024,0.031,0.000
TARGET218,-9973.189,385.404,-3428.780,0.053,0.021,0.028,0.000
TARGET219,-9894.476,73.104,-3355.166,0.051,0.020,0.027,0.000
TARGET220,-9707.650,-635.217,-3191.356,0.047,0.017,0.025,0.000
TARGET221,-10120.457,557.278,-3304.486,0.054,0.022,0.028,0.000
TARGET222,-9515.067,-1344.017,-3021.737,0.044,0.016,0.024,0.000
TARGET223,-10282.253,803.311,-3201.814,0.060,0.025,0.030,0.000
TARGET224,-9748.726,-861.785,-2976.960,0.046,0.016,0.024,0.000
TARGET225,-9996.932,-302.283,-2951.902,0.051,0.018,0.025,0.000
TARGET226,-9554.592,-1570.067,-2805.433,0.044,0.015,0.023,0.000
TARGET227,-9914.285,-616.141,-2877.221,0.048,0.017,0.024,0.000
TARGET228,-10442.049,814.783,-2953.642,0.063,0.024,0.030,0.000
TARGET229,-9807.301,-1009.080,-2785.477,0.047,0.016,0.023,0.000
TARGET230,-10339.938,415.509,-2865.793,0.057,0.022,0.026,0.000
TARGET231,-9721.673,-1325.517,-2707.457,0.045,0.015,0.022,0.000
TARGET232,-9613.068,-1716.300,-2611.559,0.044,0.015,0.021,0.000
TARGET233,-10156.817,-289.786,-2704.285,0.053,0.019,0.024,0.000
TARGET234,-9525.325,-2027.377,-2534.084,0.043,0.015,0.021,0.000
TARGET235,-10485.251,585.085,-2739.223,0.060,0.023,0.027,0.000
TARGET236,-10075.462,-599.913,-2630.175,0.051,0.017,0.023,0.000
TARGET237,-9967.149,-996.635,-2537.823,0.049,0.016,0.022,0.000
TARGET238,-10302.925,-119.015,-2580.522,0.055,0.019,0.024,0.000
TARGET239,-9882.289,-1307.171,-2462.442,0.047,0.015,0.022,0.000
TARGET240,-9770.927,-1704.412,-2366.685,0.045,0.015,0.021,0.000
TARGET241,-10114.837,-825.796,-2414.894,0.051,0.017,0.022,0.000
TARGET242,-10465.590,129.332,-2478.300,0.059,0.020,0.025,0.000
TARGET243,-9684.778,-2012.982,-2288.380,0.045,0.015,0.021,0.000
TARGET244,-9570.092,-2407.832,-2191.278,0.044,0.015,0.020,0.000
TARGET245,-10278.024,-579.858,-2315.057,0.055,0.017,0.023,0.000
TARGET246,-9920.408,-1533.431,-2244.298,0.047,0.015,0.020,0.000
TARGET247,-10801.493,852.434,-2393.296,0.069,0.025,0.028,0.000
TARGET248,-9481.547,-2716.965,-2110.322,0.044,0.015,0.020,0.000
TARGET249,-10171.490,-973.536,-2222.207,0.052,0.016,0.021,0.000
TARGET250,-10699.480,452.364,-2304.638,0.062,0.022,0.025,0.000
TARGET251,-10086.445,-1286.940,-2145.161,0.050,0.015,0.020,0.000
TARGET252,-10623.476,139.634,-2226.138,0.064,0.020,0.025,0.000
TARGET253,-9720.303,-2238.039,-2070.265,0.047,0.015,0.020,0.000
TARGET254,-10843.515,624.548,-2178.009,0.068,0.023,0.026,0.000
TARGET255,-9515.837,-2941.566,-1889.683,0.045,0.016,0.020,0.000
TARGET256,-10662.883,-87.883,-2010.577,0.060,0.019,0.022,0.000
TARGET257,-9774.852,-2382.835,-1876.663,0.047,0.015,0.019,0.000
TARGET258,-10900.060,477.953,-1988.700,0.070,0.023,0.026,0.000
TARGET259,-10244.917,-1270.960,-1895.893,0.051,0.015,0.020,0.000
TARGET260,-10822.968,161.346,-1909.713,0.063,0.021,0.023,0.000
TARGET261,-9568.268,-3085.687,-1697.152,0.035,0.014,0.017,0.000
TARGET262,-10717.068,-236.418,-1820.604,0.061,0.019,0.022,0.000
TARGET263,-9933.596,-2369.881,-1624.659,0.050,0.016,0.019,0.000
TARGET264,-10979.736,184.108,-1661.327,0.072,0.021,0.024,0.000
TARGET265,-10876.779,-212.874,-1568.148,0.064,0.019,0.021,0.000
TARGET266,-9725.234,-3077.394,-1444.726,0.037,0.015,0.017,0.000
TARGET267,-10334.885,-1640.777,-1484.333,0.053,0.015,0.018,0.000
TARGET268,-11019.014,-42.455,-1442.689,0.072,0.020,0.023,0.000
TARGET269,-10683.325,-927.154,-1402.967,0.059,0.017,0.019,0.000
TARGET270,-9875.111,-2907.344,-1323.159,0.048,0.016,0.018,0.000
TARGET271,-10135.277,-2343.512,-1307.902,0.050,0.015,0.018,0.000
TARGET272,-10827.327,-758.342,-1276.518,0.063,0.018,0.019,0.000
TARGET273,-10489.863,-1626.980,-1232.864,0.055,0.016,0.018,0.000
TARGET274,-11073.072,-187.966,-1251.053,0.073,0.020,0.022,0.000
TARGET275,-10403.590,-1936.855,-1154.030,0.053,0.015,0.017,0.000
TARGET276,-10988.725,-506.915,-1175.585,0.068,0.019,0.020,0.000
TARGET277,-9925.788,-3051.026,-1129.880,0.049,0.016,0.018,0.000
TARGET278,-11405.094,530.595,-1166.459,0.096,0.026,0.027,0.000
TARGET279,-10879.221,-904.450,-1084.829,0.064,0.018,0.019,0.000
TARGET280,-11328.204,218.709,-1089.042,0.092,0.022,0.025,0.000
TARGET281,-10199.537,-2643.270,-975.903,0.051,0.016,0.017,0.000
TARGET282,-11143.048,-486.472,-923.851,0.088,0.020,0.024,0.000
TARGET283,-11364.491,-7.308,-871.589,0.094,0.023,0.025,0.000
TARGET284,-9993.456,-3334.795,-798.374,0.051,0.018,0.018,0.000
TARGET285,-11520.999,244.096,-770.621,0.108,0.027,0.027,0.000
TARGET286,-11417.455,-150.384,-679.904,0.100,0.023,0.026,0.000
TARGET287,-10841.391,-1585.035,-660.207,0.067,0.018,0.019,0.000
TARGET288,-10280.890,-3008.577,-558.855,0.054,0.018,0.017,0.000
TARGET289,-11227.876,-859.040,-511.717,0.082,0.020,0.022,0.000
TARGET290,-10783.952,-2122.071,-360.924,0.063,0.017,0.017,0.000
TARGET291,-10947.482,-1871.881,-261.882,0.069,0.018,0.018,0.000
TARGET292,-10007.978,-4179.360,-72.913,0.064,0.027,0.020,0.000
TARGET293,-9544.751,-649.219,-3436.428,0.045,0.017,0.026,0.000
TARGET294,-9789.252,-326.227,-3264.403,0.048,0.018,0.026,0.000
TARGET295,-9599.616,-1032.409,-3098.307,0.045,0.016,0.024,0.000
TARGET296,-9936.983,-154.703,-3142.431,0.050,0.019,0.026,0.000
TARGET297,-10101.489,92.697,-3040.988,0.054,0.020,0.026,0.000
TARGET298,-10541.668,434.679,-2551.763,0.061,0.022,0.026,0.000
TARGET299,-10879.340,1165.373,-2462.613,0.074,0.027,0.030,0.000
TARGET300,-9975.281,-1679.803,-2052.123,0.049,0.015,0.020,0.000
TARGET301,-10437.379,-563.662,-2064.315,0.055,0.017,0.021,0.000
TARGET302,-10329.176,-961.175,-1971.442,0.054,0.016,0.021,0.000
TARGET303,-10474.090,-789.725,-1849.409,0.056,0.017,0.020,0.000
TARGET304,-10133.681,-1666.789,-1800.707,0.050,0.015,0.019,0.000
TARGET305,-10047.838,-1974.969,-1722.435,0.049,0.015,0.019,0.000
TARGET306,-10636.706,-542.710,-1747.315,0.059,0.018,0.021,0.000
TARGET307,-10280.362,-1496.346,-1678.328,0.053,0.015,0.019,0.000
TARGET308,-10529.980,-936.837,-1654.420,0.057,0.017,0.019,0.000
TARGET309,-10445.173,-1248.708,-1578.119,0.055,0.016,0.019,0.000
TARGET310,-10370.659,-3515.408,-6.598,0.062,0.022,0.019,0.000
TARGET311,-10580.609,-2821.603,-182.766,0.062,0.019,0.018,0.000
TARGET312,-10189.523,-3315.160,-478.460,0.052,0.018,0.017,0.000
TARGET313,-10550.840,-2600.790,-404.393,0.061,0.018,0.018,0.000
TARGET314,-11037.951,-1555.446,-338.290,0.072,0.018,0.019,0.000
TARGET315,-10083.801,-3035.882,-874.630,0.051,0.017,0.018,0.000
TARGET316,-10753.805,-1895.947,-582.738,0.064,0.017,0.018,0.000
TARGET317,-9412.387,-2417.896,-2437.354,0.043,0.015,0.021,0.000
TARGET318,-9777.707,1066.954,-4147.667,0.058,0.027,0.035,0.000
TARGET319,-10536.963,-3270.182,91.487,0.065,0.022,0.019,0.000
TARGET320,-10629.629,-2961.852,12.438,0.068,0.022,0.019,0.000
TARGET321,-10343.958,-3292.732,-228.776,0.061,0.021,0.018,0.000
TARGET322,-10435.034,-2990.897,-305.680,0.060,0.019,0.018,0.000
TARGET323,-10831.857,-2264.733,-168.879,0.067,0.019,0.018,0.000
TARGET324,-10638.931,-2288.848,-488.242,0.061,0.017,0.017,0.000
TARGET325,-10396.757,-2620.055,-656.363,0.055,0.017,0.017,0.000
TARGET326,-10485.393,-2308.054,-739.165,0.055,0.016,0.017,0.000
TARGET327,-11146.284,-1163.697,-434.711,0.080,0.019,0.021,0.000
TARGET328,-10599.314,-1914.738,-835.918,0.057,0.016,0.017,0.000
TARGET329,-10435.066,-2163.025,-933.687,0.053,0.015,0.017,0.000
TARGET330,-10952.250,-1188.361,-755.907,0.065,0.017,0.018,0.000
TARGET331,-10687.845,-1600.613,-914.081,0.059,0.016,0.018,0.000
TARGET332,-11335.833,-463.514,-603.695,0.090,0.021,0.024,0.000
TARGET333,-11177.073,-713.014,-704.941,0.082,0.020,0.022,0.000
TARGET334,-11034.347,-883.305,-832.089,0.074,0.019,0.021,0.000
TARGET335,-10797.199,-1209.423,-1008.778,0.061,0.017,0.018,0.000
TARGET336,-10634.939,-1456.010,-1109.395,0.057,0.016,0.018,0.000
TARGET337,-10247.792,-1954.660,-1403.759,0.052,0.015,0.018,0.000
TARGET338,-10081.980,-2198.949,-1503.166,0.050,0.015,0.018,0.000
TARGET339,-11223.501,-178.863,-998.213,0.085,0.021,0.024,0.000
TARGET340,-10792.783,-529.966,-1493.553,0.063,0.018,0.021,0.000
TARGET341,-11175.911,210.581,-1345.280,0.086,0.023,0.027,0.000
TARGET342,-10231.602,-2865.964,-752.531,0.053,0.017,0.017,0.000
TARGET343,-9101.872,-5927.261,-776.494,0.064,0.034,0.024,0.000
TARGET344,-10288.654,-2331.803,-1057.781,0.052,0.016,0.018,0.000
TARGET345,-10042.314,-2660.076,-1228.710,0.049,0.016,0.018,0.000
TARGET346,-9841.605,-2684.502,-1545.357,0.047,0.016,0.018,0.000
TARGET347,-9685.354,-2694.497,-1795.284,0.046,0.015,0.019,0.000
TARGET348,-8908.045,-5932.704,-1792.971,0.058,0.033,0.027,0.000
TARGET349,-9888.129,-1993.815,-1971.734,0.048,0.015,0.020,0.000
TARGET350,-9274.487,-3413.342,-1930.214,0.025,0.013,0.016,0.000
TARGET351,-9365.481,-3107.593,-2010.851,0.035,0.014,0.018,0.000
TARGET352,-8621.416,-5961.939,-2233.223,0.055,0.030,0.028,0.000
TARGET353,-8237.090,-6000.859,-2579.532,0.051,0.029,0.029,0.000
TARGET354,-10743.848,-2577.821,-84.277,0.065,0.019,0.018,0.000
TARGET355,-10985.182,-1412.919,-535.480,0.066,0.017,0.018,0.000
TARGET356,-10600.565,-1232.829,-1327.504,0.057,0.016,0.019,0.000
TARGET357,-10644.004,834.744,-2639.856,0.066,0.024,0.029,0.000
TARGET358,-10517.486,-258.626,-2137.561,0.058,0.019,0.022,0.000
TARGET359,-10180.475,407.297,-3115.577,0.055,0.022,0.027,0.000
TARGET360,-9701.102,751.834,-4075.069,0.053,0.024,0.033,0.000
TARGET361,-10361.343,-266.682,-2388.314,0.056,0.019,0.023,0.000
TARGET362,-10262.078,109.222,-2794.731,0.056,0.020,0.025,0.000
TARGET363,-11057.650,494.358,-1735.499,0.082,0.023,0.028,0.000
TARGET364,-10357.830,1119.914,-3276.893,0.066,0.027,0.033,0.000
TARGET365,-10295.997,1269.833,-3465.737,0.067,0.028,0.035,0.000
TARGET366,-10150.341,1097.388,-3590.105,0.063,0.027,0.034,0.000
TARGET367,-10249.159,1498.497,-3677.156,0.069,0.029,0.038,0.000
TARGET368,-10086.401,1484.088,-3921.835,0.066,0.029,0.039,0.000
TARGET369,-9924.771,1237.098,-4024.051,0.062,0.027,0.037,0.000
TARGET370,-9876.923,1466.981,-4233.592,0.061,0.029,0.038,0.000
TARGET371,-9710.529,1454.398,-4479.153,0.064,0.031,0.041,0.000
TARGET372,-11000.468,874.352,-2078.064,0.090,0.026,0.034,0.000
TARGET373,-10979.379,1567.490,-2548.544,0.086,0.031,0.036,0.000
TARGET374,-10663.475,1299.991,-2897.823,0.073,0.028,0.032,0.000
TARGET375,-10518.205,1130.691,-3027.893,0.073,0.027,0.034,0.000
TARGET376,-10619.481,1532.221,-3110.610,0.080,0.031,0.039,0.000
TARGET377,-10455.941,1517.460,-3362.788,0.080,0.031,0.041,0.000
TARGET378,-9988.655,1087.706,-3836.047,0.063,0.027,0.036,0.000
TARGET379,-11600.078,556.536,-845.153,0.139,0.030,0.036,0.000
TARGET380,-11546.338,703.145,-1036.808,0.114,0.029,0.030,0.000
TARGET381,-11355.462,916.241,-1505.725,0.119,0.028,0.036,0.000
TARGET382,-8993.735,-5949.937,-251.808,0.078,0.041,0.026,0.000
TARGET383,-11253.469,518.859,-1418.571,0.111,0.024,0.036,0.000
TARGET384,-9070.416,-5921.530,-1301.171,0.062,0.034,0.026,0.000
TARGET385,-11605.410,1402.959,-1450.243,0.070,0.096,0.025,0.000
TARGET386,-8660.644,-6030.138,350.130,0.269,0.078,0.037,0.000
TARGET387,-4466.071,2567.150,-2839.416,0.024,0.066,0.027,0.000
TARGET388,-4481.911,2611.773,-3088.898,0.027,0.084,0.032,0.000
TARGET389,-6175.717,2387.744,1466.732,0.044,0.148,0.056,0.000
TARGET390,-5998.570,2386.418,1204.407,0.043,0.112,0.045,0.000
TARGET391,-5713.056,2276.416,1164.844,0.035,0.084,0.035,0.000
TARGET392,-5489.056,2201.734,1083.254,0.039,0.077,0.033,0.000
TARGET393,-4710.024,2146.875,-82.630,0.031,0.066,0.025,0.000
TARGET394,-3583.249,1619.551,-143.675,0.032,0.069,0.027,0.000
TARGET395,-4032.129,1859.616,-221.667,0.034,0.072,0.028,0.000
TARGET396,-5000.777,2324.654,-281.076,0.030,0.063,0.024,0.000
TARGET397,-3813.604,1772.858,-308.401,0.033,0.071,0.027,0.000
TARGET398,-4540.041,2127.099,-337.134,0.031,0.065,0.025,0.000
TARGET399,-3414.518,1596.276,-410.763,0.035,0.074,0.028,0.000
TARGET400,-3137.490,1463.051,-453.317,0.035,0.076,0.030,0.000
TARGET401,-4100.943,1956.978,-503.924,0.035,0.078,0.030,0.000
TARGET402,-4831.268,2306.832,-543.059,0.030,0.066,0.025,0.000
TARGET403,-3644.565,1746.368,-562.361,0.032,0.071,0.027,0.000
TARGET404,-4549.998,2186.687,-583.688,0.029,0.064,0.024,0.000
TARGET405,-3204.914,1561.079,-735.785,0.034,0.075,0.028,0.000
TARGET406,-3654.180,1805.146,-809.769,0.036,0.077,0.029,0.000
TARGET407,-5074.696,2502.855,-947.925,0.025,0.061,0.022,0.000
TARGET408,-4159.892,2076.110,-924.590,0.030,0.065,0.024,0.000
TARGET409,-3436.755,1714.445,-896.207,0.035,0.077,0.029,0.000
TARGET410,-4451.543,2256.782,-1132.292,0.026,0.060,0.023,0.000
TARGET411,-3723.298,1898.753,-1092.268,0.036,0.077,0.028,0.000
TARGET412,-4171.564,2132.894,-1173.375,0.033,0.069,0.026,0.000
TARGET413,-3270.070,1683.157,-1154.305,0.035,0.077,0.030,0.000
TARGET414,-3952.810,2044.913,-1259.157,0.032,0.068,0.026,0.000
TARGET415,-4976.378,2568.582,-1497.360,0.024,0.064,0.023,0.000
TARGET416,-3556.008,1869.630,-1360.989,0.031,0.069,0.027,0.000
TARGET417,-4242.715,2222.974,-1457.272,0.027,0.062,0.024,0.000
TARGET418,-4695.923,2449.473,-1537.747,0.023,0.059,0.022,0.000
TARGET419,-5211.808,2702.956,-1655.029,0.024,0.070,0.023,0.000
TARGET420,-3786.954,2014.365,-1516.185,0.032,0.071,0.028,0.000
TARGET421,-3064.678,1643.735,-1489.989,0.034,0.077,0.031,0.000
TARGET422,-4077.786,2194.980,-1724.375,0.026,0.062,0.025,0.000
TARGET423,-4768.556,2535.588,-1822.214,0.025,0.064,0.024,0.000
TARGET424,-5224.828,2754.380,-1904.359,0.024,0.089,0.025,0.000
TARGET425,-3350.316,1828.484,-1686.556,0.030,0.069,0.028,0.000
TARGET426,-4309.666,2333.532,-1879.150,0.025,0.061,0.024,0.000
TARGET427,-5003.100,2670.890,-1988.637,0.024,0.070,0.024,0.000
TARGET428,-3582.116,1975.582,-1850.306,0.028,0.066,0.027,0.000
TARGET429,-3871.255,2153.774,-2049.814,0.026,0.062,0.026,0.000
TARGET430,-4103.884,2294.762,-2213.917,0.024,0.062,0.025,0.000
TARGET431,-5132.660,2808.886,-2456.013,0.027,0.088,0.030,0.000
TARGET432,-4851.115,2689.227,-2495.085,0.024,0.070,0.026,0.000
TARGET433,-4397.583,2467.140,-2413.713,0.024,0.062,0.025,0.000
TARGET434,-4631.197,2602.796,-2579.803,0.023,0.064,0.025,0.000
TARGET435,-3431.860,1989.131,-2360.833,0.027,0.063,0.029,0.000
TARGET436,-3940.071,2259.283,-2473.778,0.024,0.062,0.026,0.000
TARGET437,-4925.578,2768.323,-2780.990,0.028,0.104,0.033,0.000
TARGET438,-3216.392,1893.718,-2447.249,0.029,0.068,0.031,0.000
TARGET439,-4233.041,2433.173,-2681.231,0.025,0.068,0.028,0.000
TARGET440,-3955.052,2306.398,-2723.537,0.025,0.063,0.027,0.000
TARGET441,-3738.636,2214.077,-2810.153,0.026,0.066,0.030,0.000
TARGET442,-4762.341,2734.984,-3048.607,0.028,0.103,0.035,0.000
TARGET443,-4032.300,2387.113,-3009.116,0.026,0.069,0.030,0.000
TARGET444,-4264.779,2521.956,-3174.674,0.028,0.086,0.033,0.000
TARGET445,-4559.928,2688.214,-3374.838,0.030,0.105,0.038,0.000
TARGET446,-5313.935,2191.799,831.293,0.033,0.071,0.029,0.000
TARGET447,-4867.713,2034.707,666.522,0.031,0.063,0.026,0.000
TARGET448,-5604.658,2371.460,626.108,0.035,0.079,0.031,0.000
TARGET449,-5320.653,2258.053,586.433,0.033,0.067,0.027,0.000
TARGET450,-5097.823,2180.954,500.424,0.032,0.066,0.027,0.000
TARGET451,-4694.294,2021.773,404.162,0.031,0.067,0.027,0.000
TARGET452,-4413.960,1901.022,363.679,0.031,0.065,0.027,0.000
TARGET453,-4193.917,1817.492,278.680,0.030,0.064,0.026,0.000
TARGET454,-5386.747,2357.126,305.084,0.034,0.066,0.026,0.000
TARGET455,-4924.246,2165.550,247.808,0.032,0.066,0.026,0.000
TARGET456,-4480.996,2001.406,83.111,0.031,0.067,0.027,0.000
TARGET457,-4023.068,1796.985,24.982,0.030,0.064,0.026,0.000
TARGET458,-7027.363,3751.667,-3866.585,0.027,0.100,0.037,0.000
TARGET459,-10720.397,1149.728,-2713.075,0.082,0.027,0.036,0.000
TARGET460,-6963.114,-391.040,-5710.438,0.045,0.039,0.073,0.000
TARGET461,-6865.796,-405.620,-5645.880,0.049,0.052,0.082,0.000
TARGET462,-11375.161,1374.875,-1768.635,0.140,0.033,0.046,0.000
TARGET463,-7524.985,-6054.917,-2910.036,0.133,0.120,0.075,0.000
TARGET464,-11703.783,957.468,-932.698,0.164,0.031,0.042,0.000
TARGET465,-11508.022,930.727,-1253.911,0.162,0.032,0.048,0.000
TARGET466,-11198.486,665.207,-1608.739,0.116,0.024,0.038,0.000
TARGET467,-11431.299,1227.266,-1578.893,0.151,0.033,0.047,0.000
TARGET468,-11159.713,894.643,-1824.144,0.104,0.027,0.036,0.000
TARGET469,-11235.669,1206.039,-1896.344,0.116,0.030,0.041,0.000
TARGET470,-11078.775,1188.233,-2147.350,0.100,0.029,0.038,0.000
TARGET471,-11335.901,1606.807,-1981.118,0.143,0.036,0.050,0.000
TARGET472,-11021.361,1336.435,-2336.013,0.096,0.030,0.039,0.000
TARGET473,-10821.712,1549.343,-2795.310,0.111,0.033,0.051,0.000
TARGET475,-8908.026,-5941.813,3.080,0.160,0.141,0.046,0.000
TARGET476,-11530.827,1626.645,-1664.077,0.189,0.041,0.061,0.000
TARGET477,-11179.322,1588.103,-2231.399,0.186,0.039,0.079,0.000
TARGET478,-8613.771,-5515.582,383.731,0.177,0.145,0.046,0.000
TARGET479,-8595.943,-5518.357,419.013,0.177,0.145,0.045,0.000
TARGET480,-8578.619,-5521.413,453.377,0.163,0.135,0.041,0.000
TARGET481,-7717.893,-6070.223,-2836.408,0.053,0.031,0.034,0.000
TARGET483,-8756.852,-5991.353,217.435,0.156,0.059,0.031,0.000
TARGET484,-5743.097,2657.693,-321.984,0.027,0.078,0.025,0.000
TARGET485,-5913.211,2669.797,-61.928,0.028,0.086,0.027,0.000
TARGET486,-5356.554,2618.694,-908.857,0.023,0.064,0.021,0.000
TARGET487,-4683.776,2395.616,-1289.565,0.023,0.058,0.021,0.000
TARGET488,-5144.258,2591.327,-1231.994,0.024,0.061,0.022,0.000
TARGET489,-4852.327,2420.478,-1032.430,0.024,0.059,0.022,0.000
TARGET490,-5063.004,2445.227,-699.909,0.028,0.065,0.023,0.000
TARGET491,-5234.783,2465.957,-445.903,0.029,0.066,0.024,0.000
TARGET492,-5457.841,2544.433,-362.071,0.028,0.071,0.025,0.000
TARGET493,-5448.550,2484.093,-114.865,0.029,0.067,0.025,0.000
TARGET494,-5761.416,2771.989,-811.903,0.026,0.129,0.025,0.000
TARGET495,-5590.223,2751.857,-1065.253,0.025,0.080,0.023,0.000
TARGET496,-3931.014,1932.367,-767.626,0.033,0.070,0.026,0.000
TARGET497,-5601.976,2806.672,-1314.167,0.025,0.089,0.024,0.000
TARGET498,-5507.201,2870.272,-1864.643,0.025,0.128,0.026,0.000
TARGET499,-5298.657,2837.093,-2189.701,0.027,0.126,0.029,0.000
TARGET501,-6513.930,2273.828,2321.807,0.059,0.173,0.087,0.000
TARGET502,-6286.463,2206.052,2240.570,0.057,0.168,0.084,0.000
TARGET503,-5878.115,2062.868,2148.529,0.053,0.119,0.062,0.000
TARGET504,-5593.597,1952.328,2108.927,0.051,0.114,0.060,0.000
TARGET505,-5368.286,1879.056,2024.674,0.049,0.111,0.058,0.000
TARGET506,-6576.491,2384.064,2043.639,0.045,0.154,0.065,0.000
TARGET507,-6107.297,2207.441,1990.084,0.055,0.124,0.062,0.000
TARGET508,-4962.497,1725.084,1928.043,0.047,0.093,0.049,0.000
TARGET509,-4680.801,1606.850,1886.014,0.044,0.084,0.043,0.000
TARGET510,-4458.868,1527.120,1802.929,0.043,0.083,0.042,0.000
TARGET511,-6808.478,2525.574,1878.444,0.048,0.161,0.065,0.000
TARGET512,-5189.326,1874.484,1772.435,0.048,0.097,0.048,0.000
TARGET513,-6396.893,2388.029,1783.168,0.044,0.152,0.061,0.000
TARGET514,-5885.032,2210.196,1663.098,0.053,0.122,0.058,0.000
TARGET515,-4742.651,1718.252,1608.394,0.046,0.104,0.052,0.000
TARGET516,-6629.514,2527.374,1625.508,0.047,0.158,0.061,0.000
TARGET517,-4282.926,1517.314,1550.704,0.043,0.088,0.043,0.000
TARGET518,-5194.320,1947.893,1528.043,0.048,0.091,0.043,0.000
TARGET519,-4969.640,1870.644,1443.401,0.047,0.096,0.045,0.000
TARGET520,-4567.067,1711.125,1347.889,0.044,0.086,0.040,0.000
TARGET521,-4287.403,1589.590,1306.923,0.042,0.084,0.038,0.000
TARGET522,-5257.902,2054.752,1248.519,0.048,0.087,0.038,0.000
TARGET523,-4066.335,1506.655,1220.774,0.041,0.082,0.037,0.000
TARGET524,-4795.930,1861.212,1192.224,0.045,0.083,0.036,0.000
TARGET525,-6231.545,2524.878,1049.135,0.038,0.144,0.045,0.000
TARGET526,-4350.275,1697.443,1027.420,0.042,0.081,0.034,0.000
TARGET527,-5083.869,2048.020,988.363,0.037,0.072,0.031,0.000
TARGET528,-4802.014,1930.746,947.188,0.045,0.084,0.035,0.000
TARGET529,-3895.303,1492.201,968.670,0.039,0.078,0.032,0.000
TARGET530,-5779.515,2379.527,884.287,0.036,0.104,0.038,0.000
TARGET531,-6524.375,2698.875,839.598,0.034,0.147,0.043,0.000
TARGET532,-4579.399,1850.303,861.953,0.044,0.083,0.034,0.000
TARGET533,-4179.263,1685.753,765.043,0.041,0.080,0.032,0.000
TARGET534,-3900.556,1560.929,722.470,0.039,0.079,0.031,0.000
TARGET535,-4407.692,1835.513,609.935,0.034,0.069,0.029,0.000
TARGET536,-3680.710,1473.799,637.296,0.038,0.078,0.030,0.000
TARGET537,-3965.500,1665.188,443.741,0.040,0.080,0.030,0.000
TARGET538,-5844.201,2574.019,220.242,0.031,0.074,0.027,0.000
TARGET539,-5215.848,2345.378,42.140,0.033,0.069,0.026,0.000
TARGET540,-3794.692,1647.155,179.611,0.039,0.080,0.029,0.000
TARGET541,-4932.953,2228.772,0.759,0.032,0.064,0.024,0.000
TARGET542,-3518.063,1518.811,137.468,0.037,0.078,0.029,0.000
TARGET543,-4310.187,1982.957,-179.347,0.031,0.067,0.026,0.000
TARGET544,-5379.186,2727.124,-1398.357,0.024,0.071,0.023,0.000
TARGET545,-4329.519,2102.334,-669.674,0.031,0.065,0.025,0.000
TARGET546,-4620.694,2280.216,-866.925,0.029,0.063,0.024,0.000
TARGET547,-5478.631,2062.302,1568.143,0.050,0.101,0.048,0.000
TARGET548,-5619.702,2498.546,137.030,0.032,0.072,0.027,0.000
TARGET549,-3300.872,1429.055,50.450,0.037,0.080,0.030,0.000
TARGET550,-5528.043,2637.258,-645.278,0.028,0.071,0.024,0.000
TARGET551,-6110.898,2281.058,1746.385,0.043,0.110,0.049,0.000
TARGET552,-5708.215,2206.194,1411.340,0.041,0.106,0.045,0.000
TARGET553,-5836.752,2510.413,467.039,0.037,0.107,0.036,0.000
TARGET554,-3510.798,1453.574,383.587,0.038,0.083,0.034,0.000
TARGET555,-5986.338,2848.483,-728.581,0.026,0.137,0.026,0.000
TARGET556,-6538.274,2824.106,355.946,0.099,1.824,0.389,0.000
TARGET558,-11636.568,1391.202,-1464.212,0.139,0.218,0.055,0.000
TARGET559,-11598.730,1398.702,-1464.379,0.623,1.059,0.233,0.000
TARGET560,-11624.843,1396.582,-1456.520,0.069,0.088,0.033,0.000
TARGET561,-4678.513,1531.013,2130.650,0.055,0.095,0.049,0.000
TARGET562,-3505.509,2072.206,-2643.706,0.027,0.065,0.030,0.000
TARGET563,-3707.185,2119.439,-2316.485,0.026,0.062,0.027,0.000
TARGET564,-3416.713,1938.806,-2110.238,0.027,0.062,0.027,0.000
TARGET565,-4322.141,2383.580,-2128.253,0.024,0.060,0.024,0.000
TARGET566,-4837.056,2641.152,-2245.475,0.025,0.066,0.025,0.000
TARGET567,-4602.255,2506.906,-2088.149,0.024,0.060,0.024,0.000
TARGET568,-4475.279,2363.918,-1623.209,0.024,0.059,0.022,0.000
TARGET569,-3280.747,1738.410,-1403.181,0.042,0.094,0.031,0.000
TARGET570,-3798.791,2066.984,-1764.387,0.027,0.063,0.026,0.000
TARGET571,-3130.581,1402.193,-206.315,0.042,0.093,0.032,0.000
TARGET573,-5656.760,2063.352,1830.332,0.065,0.127,0.063,0.000
TARGET574,-6011.652,2519.681,721.511,0.040,0.110,0.039,0.000
TARGET575,-5974.498,2790.028,-481.496,0.028,0.107,0.027,0.000
TARGET576,-7345.150,3528.496,-1431.598,0.032,0.230,0.025,0.000
TARGET579,-8949.582,1130.393,-5452.456,0.062,0.117,0.075,0.000
TARGET580,-7445.311,3456.691,-885.630,0.039,0.265,0.026,0.000
TARGET581,-8248.883,3699.092,-1228.559,0.072,0.118,0.051,0.000
TARGET582,-2934.265,1451.136,-1025.366,0.037,0.048,0.033,0.000
TARGET583,-5015.683,2907.542,-3457.818,0.049,0.297,0.077,0.000
TARGET585,-2922.753,1369.709,-539.939,0.042,0.097,0.035,0.000
TARGET586,-5910.005,3066.279,-1767.152,0.039,0.086,0.035,0.000
TARGET587,-5903.982,3224.441,-2984.739,0.043,2.078,0.302,0.000
TARGET590,-8328.923,-6088.866,674.690,0.178,0.073,0.039,0.000
TARGET591,-6238.321,2592.291,803.902,0.035,0.143,0.043,0.000
TARGET592,-6305.703,2691.717,521.090,0.033,0.144,0.039,0.000
TARGET593,-6129.993,2684.006,258.707,0.033,0.141,0.037,0.000
TARGET594,-8997.008,4091.867,-1338.158,0.053,0.206,0.026,0.000
TARGET595,-9216.559,4099.436,-1019.660,0.063,0.232,0.027,0.000
TARGET596,-8304.202,3929.305,-1713.935,0.043,0.208,0.028,0.000
TARGET597,-8518.749,3940.792,-1386.171,0.047,0.207,0.025,0.000
TARGET598,-8693.088,3949.930,-1131.749,0.048,0.205,0.024,0.000
TARGET599,-8532.785,3992.931,-1633.756,0.048,0.210,0.027,0.000
TARGET600,-8824.252,4084.754,-1598.751,0.051,0.205,0.027,0.000
TARGET601,-7985.318,3729.217,-1258.482,0.038,0.205,0.024,0.000
TARGET602,-8378.368,3747.396,-675.976,0.045,0.213,0.023,0.000
TARGET603,-8774.910,3754.360,-97.219,0.051,0.207,0.027,0.000
TARGET604,-7888.171,3799.198,-1806.880,0.036,0.208,0.031,0.000
TARGET605,-8058.886,3810.951,-1543.663,0.038,0.205,0.026,0.000
TARGET606,-8450.907,3832.470,-962.015,0.046,0.211,0.023,0.000
TARGET607,-8846.991,3842.621,-381.484,0.055,0.217,0.026,0.000
TARGET608,-8922.680,4010.293,-1051.861,0.058,0.230,0.026,0.000
TARGET609,-7583.850,3648.355,-1594.016,0.034,0.215,0.026,0.000
TARGET610,-7757.533,3663.079,-1339.208,0.036,0.216,0.024,0.000
TARGET611,-7974.337,3675.355,-1010.840,0.037,0.202,0.022,0.000
TARGET612,-7673.259,3777.872,-2127.663,0.036,0.223,0.034,0.000
TARGET613,-7915.252,3895.016,-2298.449,0.045,0.248,0.037,0.000
TARGET614,-8143.103,3962.569,-2216.867,0.046,0.231,0.035,0.000
TARGET615,-9068.621,3843.425,-62.821,0.058,0.222,0.028,0.000
TARGET616,-9221.711,3953.245,-532.564,0.063,0.235,0.026,0.000
TARGET617,-6747.839,3462.802,-2338.991,0.026,0.231,0.040,0.000
TARGET618,-6958.986,3489.776,-2018.329,0.027,0.228,0.033,0.000
TARGET619,-7131.157,3508.385,-1754.205,0.029,0.227,0.029,0.000
TARGET620,-6204.945,3379.024,-3196.326,0.024,0.232,0.057,0.000
TARGET621,-7199.215,3609.978,-2179.251,0.031,0.237,0.036,0.000
TARGET622,-6819.402,3560.658,-2767.771,0.026,0.236,0.047,0.000
TARGET623,-6988.061,3584.775,-2511.172,0.028,0.235,0.041,0.000
TARGET624,-7371.028,3630.044,-1924.616,0.030,0.216,0.031,0.000
TARGET625,-8148.699,3684.812,-757.196,0.041,0.209,0.023,0.000
TARGET626,-7597.192,3699.000,-1841.720,0.034,0.220,0.030,0.000
TARGET627,-8628.126,3409.609,1095.914,0.057,0.243,0.054,0.000
TARGET628,-7907.970,3563.201,-588.142,0.039,0.218,0.024,0.000
TARGET629,-8127.441,3570.627,-268.526,0.043,0.226,0.027,0.000
TARGET630,-8527.191,3574.651,309.761,0.049,0.225,0.034,0.000
TARGET631,-8704.686,3571.654,567.916,0.053,0.228,0.038,0.000
TARGET632,-8929.169,3566.217,883.890,0.061,0.236,0.047,0.000
TARGET633,-8367.609,3690.242,-429.270,0.046,0.219,0.025,0.000
TARGET634,-8304.271,3572.614,-7.267,0.044,0.214,0.028,0.000
TARGET635,-8544.651,3694.638,-177.451,0.051,0.223,0.028,0.000
TARGET636,-11628.259,1390.960,-1476.754,0.089,0.122,0.045,0.000
TARGET637,-11588.570,1402.328,-1475.295,0.084,0.120,0.039,0.000
TARGET638,-7103.318,2697.680,1679.922,0.050,0.168,0.065,0.000
TARGET639,-6701.147,2700.716,1100.997,0.044,0.161,0.054,0.000
TARGET640,-6370.483,3407.276,-2930.218,0.024,0.233,0.052,0.000
TARGET641,-6580.395,3440.862,-2606.616,0.024,0.229,0.043,0.000
TARGET642,-7515.378,3540.652,-1169.941,0.035,0.229,0.023,0.000
TARGET643,-7734.201,3555.139,-849.548,0.038,0.230,0.024,0.000
TARGET644,-8765.116,3693.540,149.303,0.055,0.225,0.032,0.000
TARGET645,-6294.132,3331.921,-2644.354,0.024,0.245,0.045,0.000
TARGET646,-6610.888,3528.634,-3100.359,0.026,0.263,0.058,0.000
TARGET647,-6070.870,3253.501,-2727.841,0.026,0.250,0.050,0.000
TARGET648,-6279.066,3285.036,-2394.232,0.026,0.251,0.044,0.000
TARGET649,-6447.584,3309.344,-2137.248,0.025,0.245,0.037,0.000
TARGET650,-6659.216,3334.126,-1805.026,0.027,0.260,0.032,0.000
TARGET651,-6830.446,3354.786,-1551.682,0.028,0.247,0.029,0.000
TARGET652,-7216.410,3387.017,-966.438,0.031,0.238,0.024,0.000
TARGET653,-6671.736,3384.216,-2053.935,0.027,0.254,0.038,0.000
TARGET654,-7056.460,3426.516,-1469.582,0.030,0.248,0.027,0.000
TARGET655,-7826.944,3414.650,-55.891,0.044,0.260,0.035,0.000
TARGET656,-7835.572,3474.456,-304.121,0.044,0.254,0.031,0.000
TARGET657,-5674.817,2893.099,-1599.107,0.030,0.258,0.027,0.000
TARGET658,-5534.018,2967.576,-2357.920,0.034,0.276,0.042,0.000
TARGET659,-5743.437,2999.728,-2025.087,0.030,0.272,0.034,0.000
TARGET660,-6122.969,3048.404,-1433.771,0.026,0.265,0.026,0.000
TARGET661,-5756.483,3048.438,-2274.618,0.031,0.282,0.042,0.000
TARGET662,-6134.781,3100.194,-1683.196,0.026,0.272,0.029,0.000
TARGET663,-6518.711,3142.721,-1097.543,0.025,0.235,0.025,0.000
TARGET664,-5831.812,3127.266,-2559.830,0.030,0.290,0.048,0.000
TARGET665,-6041.289,3160.999,-2236.412,0.027,0.261,0.039,0.000
TARGET666,-6420.256,3209.381,-1645.718,0.024,0.234,0.028,0.000
TARGET667,-6591.339,3227.785,-1381.049,0.025,0.233,0.025,0.000
TARGET668,-6805.810,3248.358,-1060.661,0.025,0.230,0.023,0.000
TARGET669,-7043.916,3372.905,-1220.519,0.029,0.243,0.025,0.000
TARGET670,-8004.810,3419.126,198.007,0.045,0.238,0.038,0.000
TARGET671,-8226.606,3418.258,523.802,0.044,0.222,0.038,0.000
TARGET672,-8234.563,3481.383,276.295,0.044,0.217,0.034,0.000
TARGET673,-8404.295,3417.465,772.002,0.049,0.224,0.045,0.000
TARGET674,-8635.098,3476.182,851.282,0.056,0.237,0.048,0.000
TARGET675,-7589.504,3291.041,104.189,0.041,0.263,0.040,0.000
TARGET676,-6541.180,3608.697,-3895.860,0.026,0.263,0.078,0.000
TARGET677,-6748.914,3649.365,-3571.035,0.026,0.240,0.066,0.000
TARGET678,-6913.525,3677.067,-3304.593,0.029,0.258,0.062,0.000
TARGET679,-7157.122,3794.519,-3476.404,0.031,0.246,0.064,0.000
TARGET680,-7364.512,3826.353,-3143.331,0.034,0.244,0.056,0.000
TARGET681,-7533.866,3850.513,-2885.094,0.037,0.244,0.051,0.000
TARGET682,-7381.920,3868.560,-3393.083,0.035,0.249,0.063,0.000
TARGET683,-8050.383,4019.746,-2767.427,0.042,0.225,0.046,0.000
TARGET684,-8219.616,4037.120,-2503.067,0.045,0.225,0.041,0.000
TARGET685,-8433.508,4057.670,-2182.036,0.051,0.232,0.036,0.000
TARGET686,-8608.842,4071.738,-1918.996,0.047,0.205,0.031,0.000
TARGET687,-6462.159,3540.295,-3608.229,0.026,0.260,0.072,0.000
TARGET688,-7695.324,3197.124,648.363,0.044,0.276,0.052,0.000
TARGET689,-7986.529,3293.227,683.844,0.046,0.254,0.047,0.000
TARGET690,-7765.294,3292.406,365.418,0.046,0.269,0.046,0.000
TARGET691,-6148.326,2806.132,-228.690,0.030,0.299,0.043,0.000
TARGET692,-6364.495,2817.387,101.770,0.028,0.295,0.051,0.000
TARGET693,-6374.091,2878.726,-145.608,0.028,0.302,0.045,0.000
TARGET694,-6057.144,2937.222,-1012.487,0.028,0.262,0.027,0.000
TARGET695,-6660.072,2984.437,-107.813,0.031,0.311,0.047,0.000
TARGET696,-6833.065,2991.389,154.276,0.034,0.310,0.054,0.000
TARGET697,-7071.450,3123.422,-14.525,0.031,0.258,0.037,0.000
TARGET698,-7291.100,3129.219,314.593,0.035,0.258,0.044,0.000
TARGET699,-6906.439,3172.215,-514.019,0.028,0.246,0.029,0.000
TARGET700,-7299.706,3191.357,67.697,0.036,0.263,0.039,0.000
TARGET701,-7194.370,3275.050,-477.744,0.033,0.254,0.030,0.000
TARGET702,-7370.176,3283.362,-216.682,0.037,0.262,0.034,0.000
TARGET703,-7432.369,3399.055,-637.578,0.039,0.264,0.028,0.000
TARGET704,-7607.354,3408.837,-384.012,0.043,0.273,0.032,0.000
TARGET705,-6293.692,3068.665,-1181.903,0.026,0.267,0.026,0.000
TARGET706,-6506.993,3086.497,-850.389,0.027,0.264,0.028,0.000
TARGET707,-6977.969,3260.879,-798.017,0.028,0.234,0.024,0.000
TARGET708,-8223.102,2017.232,-6094.597,0.089,0.114,0.108,0.000
TARGET709,-7122.676,3710.188,-2979.734,0.031,0.246,0.053,0.000
TARGET710,-7745.145,3875.738,-2554.084,0.039,0.232,0.044,0.000
TARGET711,-8130.364,3914.411,-1967.588,0.050,0.251,0.033,0.000
TARGET712,-7760.158,3920.733,-2803.680,0.044,0.257,0.051,0.000
TARGET713,-7838.272,3992.386,-3090.152,0.050,0.282,0.060,0.000
TARGET714,-7669.941,3969.630,-3355.671,0.043,0.266,0.065,0.000
TARGET715,-5920.357,3267.188,-3235.244,0.027,0.227,0.058,0.000
TARGET716,-5999.272,3339.575,-3520.776,0.028,0.239,0.068,0.000
TARGET717,-5835.612,3306.391,-3790.627,0.029,0.237,0.072,0.000
TARGET718,-5632.821,3259.684,-4115.624,0.032,0.239,0.081,0.000
TARGET719,-6445.781,3499.386,-3358.013,0.025,0.240,0.061,0.000
TARGET720,-6238.838,3460.837,-3691.119,0.025,0.242,0.070,0.000
TARGET721,-7213.207,3657.176,-2427.683,0.032,0.242,0.042,0.000
TARGET722,-6835.490,3604.948,-3017.940,0.028,0.244,0.055,0.000
TARGET723,-7502.113,3759.538,-2391.523,0.034,0.226,0.040,0.000
TARGET724,-5552.722,3191.268,-3829.393,0.034,0.286,0.083,0.000
TARGET725,-5367.285,2937.648,-2615.147,0.041,0.284,0.052,0.000
TARGET726,-5382.702,2983.919,-2865.519,0.038,0.285,0.055,0.000
TARGET727,-5094.171,2979.524,-3743.356,0.048,0.308,0.088,0.000
TARGET728,-5296.949,3025.908,-3416.380,0.041,0.300,0.074,0.000
TARGET729,-5665.891,3099.161,-2825.045,0.032,0.291,0.055,0.000
TARGET730,-5332.582,3106.037,-3914.817,0.039,0.283,0.085,0.000
TARGET731,-5533.917,3150.738,-3579.380,0.034,0.279,0.074,0.000
TARGET732,-5698.954,3185.850,-3319.081,0.032,0.279,0.067,0.000
TARGET733,-7291.335,3733.457,-2714.432,0.034,0.247,0.048,0.000
TARGET734,-7462.053,3936.635,-3680.103,0.043,0.294,0.078,0.000
TARGET735,-8390.557,3284.649,1257.589,0.051,0.242,0.056,0.000
TARGET736,-8165.927,3290.327,941.612,0.046,0.238,0.048,0.000
TARGET737,-8099.037,3191.640,1223.026,0.044,0.234,0.054,0.000
TARGET738,-8093.147,3122.968,1468.206,0.047,0.245,0.064,0.000
TARGET739,-8911.939,3955.385,-803.220,0.055,0.217,0.024,0.000
TARGET740,-8670.336,3840.396,-642.914,0.049,0.209,0.023,0.000
TARGET741,-6679.616,3101.405,-596.430,0.026,0.240,0.027,0.000
TARGET742,-10228.286,2480.857,1063.469,0.498,0.126,0.050,0.000
TARGET744,-8972.441,1208.039,-5505.961,0.137,0.357,0.206,0.000
TARGET745,-8969.451,1153.233,-5446.545,0.945,2.382,1.239,0.000
TARGET751,-5459.029,3059.089,-3151.293,0.038,0.299,0.067,0.000
TARGET755,-8150.624,2005.556,-6042.526,0.301,0.121,0.221,0.000
TARGET758,-8165.969,2037.571,-6054.755,0.420,0.141,0.307,0.000
TARGET759,-7327.004,2692.005,1994.533,0.061,0.402,0.144,0.000
TARGET760,-7155.801,2833.924,1261.466,0.057,0.413,0.115,0.000
TARGET761,-7631.598,2999.312,1310.766,0.046,0.280,0.075,0.000
TARGET762,-7856.908,2993.617,1625.757,0.054,0.312,0.088,0.000
TARGET763,-7868.605,3130.425,1144.603,0.053,0.292,0.073,0.000
TARGET765,-5161.952,2899.514,-2949.640,0.044,0.285,0.059,0.000
TARGET766,-4998.352,2864.634,-3206.534,0.049,0.289,0.068,0.000
TARGET767,-4796.119,2819.825,-3543.287,0.055,0.294,0.079,0.000
TARGET768,-6271.795,2957.464,-689.858,0.027,0.259,0.029,0.000
TARGET769,-6896.259,3113.917,-266.549,0.031,0.276,0.037,0.000
TARGET770,-7466.776,3132.924,567.819,0.044,0.291,0.056,0.000
TARGET771,-6444.847,2970.659,-428.906,0.026,0.255,0.032,0.000
TARGET772,-7053.824,2999.539,473.132,0.039,0.316,0.063,0.000
TARGET777,-8982.585,1142.320,-5491.000,0.962,2.415,1.273,0.000
TARGET778,-7002.784,3852.277,-3860.588,0.075,0.655,0.177,0.000
TARGET787,-7033.908,2516.301,2201.891,0.054,0.407,0.151,0.000
TARGET796,-7355.158,-6118.297,-2918.503,0.297,0.325,0.300,0.000
TARGET797,-6758.240,2831.946,683.062,0.034,0.308,0.067,0.000
TARGET798,-6765.401,2896.317,437.487,0.033,0.307,0.061,0.000
TARGET799,-6407.075,2528.296,1298.804,0.040,0.340,0.085,0.000
TARGET801,-7179.088,-5021.962,-4687.570,0.325,0.196,0.213,0.000
TARGET804,-8135.587,-6114.923,805.462,0.356,0.118,0.061,0.000
TARGET805,-10064.501,-4224.065,-86.019,0.254,0.165,0.034,0.000
TARGET806,-10049.429,-4219.197,-82.911,0.258,0.168,0.035,0.000
TARGET807,-7453.085,3002.715,1051.665,0.049,0.324,0.083,0.000
TARGET808,-7688.550,3131.351,894.064,0.048,0.290,0.066,0.000
TARGET809,-10027.240,-4219.576,-105.079,0.355,0.242,0.051,0.000
TARGET818,-8987.732,1135.430,-5474.400,0.952,2.378,1.250,0.000
TARGET833,-7231.708,3001.934,734.598,0.055,0.403,0.095,0.000
TARGET834,-7565.743,2897.471,1590.394,0.073,0.425,0.132,0.000
TARGET835,-7163.449,2903.251,1015.379,0.051,0.391,0.105,0.000
TARGET836,-7562.374,2826.753,1835.266,0.072,0.419,0.141,0.000
TARGET837,-7337.108,2834.482,1511.660,0.063,0.416,0.126,0.000
TARGET838,-6934.857,2835.911,933.985,0.048,0.392,0.101,0.000
TARGET839,-6923.025,2700.795,1418.353,0.050,0.397,0.119,0.000
TARGET840,-7037.999,2591.725,1959.152,0.052,0.389,0.139,0.000
TARGET841,-6635.342,2598.119,1381.164,0.043,0.384,0.114,0.000
TARGET888,-7770.421,-6050.986,-2815.771,0.079,0.057,0.051,0.000
