CODE13,-8937.263,994.180,-5679.742,0.030,0.014,0.032,0.000
CODE16,-7449.266,-4370.547,-4370.180,0.015,0.009,0.016,0.000
CODE28,-8971.851,1152.477,-5466.242,0.053,0.039,0.053,0.000
CODE31,-11611.143,1396.728,-1468.228,0.098,0.059,0.051,0.000
CODE61,-9059.863,-3793.962,-1893.217,0.013,0.008,0.010,0.000
CODE62,-8801.621,535.425,-5186.622,0.025,0.012,0.027,0.000
CSB-045-1,-8581.847,-5518.443,456.510,0.059,0.051,0.023,0.000
CSB-045-4,-8634.900,-5509.956,351.826,0.062,0.052,0.025,0.000
CSB-045-5,-8949.318,-5460.292,-272.742,0.072,0.060,0.034,0.000
CSB-045-8,-9002.121,-5451.879,-377.363,0.097,0.077,0.042,0.000
NUGGET133_1,-8661.637,-5499.171,324.150,0.060,0.049,0.024,0.000
NUGGET133_5,-8673.019,-5497.572,313.324,0.060,0.049,0.024,0.000
NUGGET133_15,-8662.055,-5498.557,289.635,0.061,0.050,0.024,0.000
NUGGET133_A,-8682.004,-5496.154,295.117,0.059,0.049,0.024,0.000
NUGGET133_B,-8641.891,-5501.527,297.537,0.061,0.050,0.025,0.000
NUGGET133_C,-8635.194,-5502.504,310.941,0.059,0.049,0.024,0.000
NUGGET133_D,-8648.249,-5500.658,317.637,0.061,0.050,0.025,0.000
NUGGET134_2,-8932.166,-5456.503,-201.672,0.060,0.049,0.026,0.000
NUGGET134_5,-8938.662,-5455.456,-215.210,0.061,0.049,0.027,0.000
NUGGET134_15,-8927.879,-5456.321,-238.613,0.059,0.048,0.026,0.000
NUGGET134_A,-8947.895,-5453.980,-233.281,0.061,0.049,0.027,0.000
NUGGET134_B,-8907.621,-5459.205,-230.762,0.060,0.048,0.026,0.000
NUGGET134_C,-8900.882,-5460.122,-217.506,0.058,0.047,0.026,0.000
NUGGET134_D,-8914.226,-5458.667,-210.951,0.065,0.053,0.029,0.000
NUGGET137_3,-7503.313,-291.491,-6056.461,0.049,0.057,0.098,0.000
NUGGET137_6,-7490.190,-288.634,-6047.807,0.049,0.057,0.098,0.000
NUGGET137_15,-7484.466,-310.066,-6042.278,0.049,0.057,0.098,0.000
NUGGET137_A,-7477.899,-290.607,-6039.890,0.049,0.057,0.098,0.000
NUGGET137_B,-7500.121,-322.550,-6051.301,0.049,0.057,0.098,0.000
NUGGET137_C,-7512.393,-320.203,-6059.939,0.049,0.057,0.098,0.000
NUGGET137_D,-7509.946,-305.577,-6059.713,0.053,0.073,0.112,0.000
NUGGET138_4,-7012.384,-363.872,-5730.985,0.037,0.033,0.078,0.000
NUGGET138_6,-7000.159,-365.846,-5722.804,0.046,0.032,0.098,0.000
NUGGET138_15,-6994.239,-387.491,-5717.153,0.037,0.032,0.075,0.000
NUGGET138_A,-6987.689,-367.832,-5714.542,0.037,0.032,0.075,0.000
NUGGET138_B,-7009.943,-400.131,-5726.178,0.039,0.036,0.078,0.000
NUGGET138_C,-7022.168,-398.217,-5734.468,0.036,0.030,0.074,0.000
NUGGET138_D,-7019.913,-383.394,-5734.131,0.038,0.034,0.078,0.000
TARGET1,-9857.091,-4388.772,-196.402,0.017,0.009,0.009,0.000
TARGET2,-9660.186,-4411.366,-513.852,0.017,0.009,0.010,0.000
TARGET3,-9783.885,-4027.050,-609.616,0.016,0.008,0.009,0.000
TARGET4,-11567.518,1441.398,-1444.144,0.034,0.016,0.017,0.000
TARGET5,-9622.688,-4052.323,-861.369,0.016,0.008,0.010,0.000
TARGET6,-9451.092,-4296.582,-955.929,0.015,0.008,0.009,0.000
TARGET7,-9299.656,-4462.053,-1076.916,0.016,0.009,0.010,0.000
TARGET8,-9421.091,-4074.269,-1179.745,0.015,0.008,0.010,0.000
TARGET9,-9139.692,-4477.610,-1327.741,0.014,0.008,0.010,0.000
TARGET10,-9980.636,-4007.510,-289.735,0.017,0.009,0.009,0.000
TARGET11,-9809.932,-4248.753,-389.293,0.016,0.008,0.009,0.000
TARGET12,-10021.922,-3556.935,-573.951,0.019,0.009,0.010,0.000
TARGET13,-9061.147,-4107.672,-1741.833,0.014,0.008,0.010,0.000
TARGET14,-8899.064,-4123.581,-1989.777,0.014,0.008,0.011,0.000
TARGET15,-10419.343,-3655.270,191.159,0.028,0.011,0.012,0.000
TARGET16,-10224.437,-3680.942,-128.352,0.021,0.009,0.010,0.000
TARGET17,-9874.416,-3721.626,-696.039,0.018,0.009,0.010,0.000
TARGET18,-9715.165,-3743.144,-947.503,0.015,0.008,0.009,0.000
TARGET19,-9832.135,-3355.992,-1049.907,0.019,0.009,0.011,0.000
TARGET20,-9263.425,-4088.595,-1427.855,0.014,0.008,0.010,0.000
TARGET21,-9091.567,-4331.875,-1519.686,0.014,0.008,0.010,0.000
TARGET22,-8724.115,-4365.361,-2083.911,0.013,0.008,0.010,0.000
TARGET23,-8691.653,-4142.801,-2304.227,0.013,0.008,0.010,0.000
TARGET24,-8527.938,-4156.040,-2550.613,0.012,0.008,0.010,0.000
TARGET25,-10070.628,-3697.231,-380.775,0.022,0.009,0.011,0.000
TARGET26,-9273.421,-3410.990,-1926.469,0.017,0.008,0.011,0.000
TARGET27,-9153.226,-3801.123,-1826.742,0.016,0.008,0.011,0.000
TARGET28,-8992.899,-3813.538,-2074.560,0.016,0.008,0.012,0.000
TARGET29,-8938.717,-3667.897,-2269.732,0.016,0.008,0.012,0.000
TARGET30,-9476.412,-3390.349,-1612.354,0.018,0.008,0.011,0.000
TARGET31,-9511.866,-3771.306,-1264.038,0.015,0.008,0.009,0.000
TARGET32,-9663.034,-3599.621,-1145.394,0.019,0.009,0.011,0.000
TARGET33,-9499.586,-4440.318,-761.214,0.017,0.009,0.010,0.000
TARGET34,-7431.956,-4625.342,-3861.608,0.016,0.010,0.016,0.000
TARGET35,-8926.911,1197.375,-5442.486,0.024,0.014,0.026,0.000
TARGET36,-7556.162,-4233.475,-3962.814,0.014,0.009,0.014,0.000
TARGET37,-7591.754,-4460.041,-3746.454,0.015,0.009,0.014,0.000
TARGET38,-7771.035,-4220.539,-3654.673,0.014,0.009,0.014,0.000
TARGET39,-7649.070,-4607.072,-3553.779,0.015,0.009,0.014,0.000
TARGET40,-7937.360,-4208.233,-3415.125,0.014,0.008,0.012,0.000
TARGET41,-7972.786,-4432.059,-3197.234,0.014,0.009,0.012,0.000
TARGET42,-8149.313,-4192.564,-3106.364,0.014,0.009,0.012,0.000
TARGET43,-8028.679,-4577.766,-3004.045,0.014,0.009,0.012,0.000
TARGET44,-8317.285,-4173.744,-2863.471,0.014,0.008,0.011,0.000
TARGET45,-8193.957,-4564.638,-2761.019,0.012,0.008,0.010,0.000
TARGET46,-8351.265,-4398.094,-2643.401,0.012,0.008,0.010,0.000
TARGET47,-8406.024,-4543.089,-2448.806,0.013,0.008,0.010,0.000
TARGET48,-8568.407,-4533.058,-2201.981,0.014,0.008,0.011,0.000
TARGET49,-7864.768,-3910.690,-3738.823,0.015,0.009,0.014,0.000
TARGET50,-7836.946,-4740.282,-3173.585,0.015,0.010,0.014,0.000
TARGET51,-7477.878,-3933.635,-4291.299,0.016,0.010,0.017,0.000
TARGET52,-7647.336,-3929.672,-4046.170,0.017,0.010,0.017,0.000
TARGET53,-8031.117,-3898.210,-3499.571,0.015,0.009,0.014,0.000
TARGET54,-9629.873,-3380.443,-1367.683,0.018,0.008,0.011,0.000
TARGET55,-9356.543,-3778.676,-1513.729,0.015,0.008,0.010,0.000
TARGET56,-9305.579,-3634.696,-1706.242,0.015,0.008,0.010,0.000
TARGET57,-8938.089,-4498.018,-1639.509,0.015,0.009,0.010,0.000
TARGET58,-8776.869,-4509.721,-1889.196,0.014,0.008,0.011,0.000
TARGET59,-8881.153,-5993.831,23.700,0.040,0.022,0.016,0.000
TARGET60,-9050.392,-5957.351,-422.884,0.031,0.018,0.015,0.000
TARGET61,-8188.475,-3732.725,-3382.110,0.015,0.009,0.014,0.000
TARGET62,-5845.126,2571.190,227.912,0.020,0.043,0.019,0.000
TARGET63,-5449.314,2481.240,-106.460,0.017,0.039,0.019,0.000
TARGET64,-5601.010,2803.941,-1305.254,0.017,0.044,0.022,0.000
TARGET65,-5235.274,2463.026,-437.059,0.017,0.038,0.019,0.000
TARGET66,-5356.365,2616.008,-899.860,0.016,0.038,0.019,0.000
TARGET67,-5378.243,2724.369,-1389.115,0.017,0.040,0.020,0.000
TARGET68,-5063.255,2442.340,-690.679,0.017,0.037,0.019,0.000
TARGET69,-5074.613,2499.969,-938.561,0.016,0.037,0.019,0.000
TARGET70,-5143.746,2588.643,-1222.534,0.016,0.038,0.019,0.000
TARGET71,-5210.660,2700.183,-1645.427,0.017,0.040,0.021,0.000
TARGET72,-4852.317,2417.649,-1022.725,0.016,0.037,0.019,0.000
TARGET73,-5620.709,2495.744,145.055,0.019,0.041,0.019,0.000
TARGET74,-5528.018,2634.375,-636.686,0.018,0.041,0.020,0.000
TARGET75,-5001.644,2321.804,-272.005,0.017,0.037,0.018,0.000
TARGET76,-4831.974,2304.002,-533.618,0.017,0.038,0.020,0.000
TARGET77,-4550.858,2183.839,-573.847,0.016,0.037,0.020,0.000
TARGET78,-4621.085,2277.367,-857.013,0.016,0.037,0.020,0.000
TARGET79,-5130.507,2806.122,-2445.857,0.019,0.052,0.028,0.000
TARGET80,-4849.111,2686.531,-2484.562,0.018,0.047,0.024,0.000
TARGET81,-4629.227,2599.983,-2568.960,0.018,0.046,0.024,0.000
TARGET82,-5974.371,2787.581,-473.524,0.019,0.046,0.021,0.000
TARGET83,-5743.327,2654.834,-313.863,0.017,0.040,0.019,0.000
TARGET84,-5913.682,2667.047,-54.221,0.019,0.044,0.019,0.000
TARGET85,-7105.334,2695.072,1685.012,0.036,0.068,0.022,0.000
TARGET86,-6702.690,2697.942,1106.989,0.029,0.059,0.021,0.000
TARGET87,-6525.651,2696.248,846.030,0.023,0.052,0.019,0.000
TARGET88,-6239.782,2589.415,810.667,0.024,0.057,0.022,0.000
TARGET89,-6306.676,2688.880,527.940,0.023,0.055,0.021,0.000
TARGET90,-6130.730,2681.100,265.943,0.022,0.051,0.022,0.000
TARGET91,-5760.967,2769.340,-803.499,0.018,0.044,0.021,0.000
TARGET92,-5481.760,2059.321,1575.375,0.026,0.059,0.022,0.000
TARGET93,-5193.079,1871.620,1779.984,0.024,0.058,0.021,0.000
TARGET94,-4966.663,1722.283,1935.840,0.026,0.059,0.023,0.000
TARGET95,-5491.520,2198.855,1090.816,0.020,0.046,0.018,0.000
TARGET96,-5197.686,1944.964,1535.714,0.024,0.054,0.021,0.000
TARGET97,-5260.793,2051.946,1256.360,0.022,0.050,0.019,0.000
TARGET98,-5606.341,2368.443,633.822,0.020,0.044,0.019,0.000
TARGET99,-4683.202,1528.152,2138.668,0.025,0.057,0.022,0.000
TARGET100,-4973.049,1867.635,1451.391,0.024,0.058,0.023,0.000
TARGET101,-5316.169,2188.977,839.311,0.019,0.045,0.018,0.000
TARGET102,-4685.171,1604.316,1894.386,0.021,0.051,0.020,0.000
TARGET103,-5322.519,2254.998,594.570,0.018,0.040,0.017,0.000
TARGET104,-5086.550,2044.987,996.506,0.019,0.046,0.019,0.000
TARGET105,-4746.521,1715.553,1616.740,0.026,0.063,0.026,0.000
TARGET106,-5388.162,2354.149,313.306,0.019,0.039,0.018,0.000
TARGET107,-4799.094,1858.373,1200.713,0.019,0.047,0.019,0.000
TARGET108,-5099.751,2178.004,508.890,0.017,0.040,0.018,0.000
TARGET109,-4463.263,1524.320,1811.479,0.020,0.051,0.020,0.000
TARGET110,-4804.850,1927.855,955.787,0.019,0.047,0.020,0.000
TARGET111,-5217.055,2342.533,50.764,0.017,0.040,0.020,0.000
TARGET112,-4570.678,1708.261,1356.548,0.020,0.051,0.020,0.000
TARGET113,-4870.085,2031.768,675.208,0.017,0.040,0.018,0.000
TARGET114,-4925.963,2162.599,256.656,0.017,0.040,0.019,0.000
TARGET115,-4934.294,2225.852,9.742,0.017,0.038,0.018,0.000
TARGET116,-4582.314,1847.409,870.896,0.017,0.044,0.020,0.000
TARGET117,-4287.100,1514.528,1559.669,0.019,0.052,0.020,0.000
TARGET118,-4696.372,2018.826,413.224,0.017,0.041,0.020,0.000
TARGET119,-4291.182,1586.731,1315.987,0.018,0.047,0.020,0.000
TARGET120,-4353.583,1694.590,1036.588,0.017,0.042,0.019,0.000
TARGET121,-4711.417,2143.951,-73.317,0.016,0.038,0.019,0.000
TARGET122,-4410.360,1832.574,619.247,0.017,0.041,0.020,0.000
TARGET123,-4416.223,1898.077,373.135,0.017,0.039,0.020,0.000
TARGET124,-4482.817,1998.443,92.612,0.016,0.040,0.020,0.000
TARGET125,-4070.176,1503.780,1230.174,0.018,0.045,0.020,0.000
TARGET126,-4541.231,2124.192,-327.431,0.016,0.038,0.020,0.000
TARGET127,-4182.344,1682.873,774.577,0.017,0.041,0.020,0.000
TARGET128,-4196.216,1814.510,288.466,0.016,0.038,0.020,0.000
TARGET129,-4311.772,1979.970,-169.462,0.015,0.038,0.020,0.000
TARGET130,-3898.840,1489.284,978.461,0.019,0.043,0.020,0.000
TARGET131,-3903.757,1557.989,732.377,0.017,0.040,0.020,0.000
TARGET132,-3968.260,1662.240,453.719,0.018,0.041,0.021,0.000
TARGET133,-4030.219,2384.310,-2997.284,0.020,0.048,0.027,0.000
TARGET134,-3737.038,2211.194,-2798.062,0.020,0.045,0.027,0.000
TARGET135,-3953.421,2303.542,-2711.774,0.018,0.043,0.025,0.000
TARGET136,-4231.253,2430.287,-2669.833,0.019,0.047,0.026,0.000
TARGET137,-3938.764,2256.396,-2462.128,0.018,0.042,0.024,0.000
TARGET138,-3431.102,1986.165,-2348.613,0.019,0.043,0.026,0.000
TARGET139,-4396.077,2464.408,-2402.671,0.019,0.045,0.023,0.000
TARGET140,-4102.822,2291.849,-2202.612,0.018,0.042,0.023,0.000
TARGET141,-3870.625,2150.947,-2038.292,0.019,0.043,0.025,0.000
TARGET142,-3581.959,1972.564,-1838.545,0.019,0.043,0.024,0.000
TARGET143,-5001.667,2668.314,-1978.578,0.018,0.045,0.023,0.000
TARGET144,-4308.914,2330.659,-1868.286,0.018,0.041,0.022,0.000
TARGET145,-3350.523,1825.347,-1674.588,0.021,0.044,0.025,0.000
TARGET146,-5223.305,2751.660,-1894.642,0.018,0.049,0.023,0.000
TARGET147,-4767.526,2532.748,-1811.964,0.018,0.043,0.022,0.000
TARGET148,-4077.418,2192.039,-1713.303,0.018,0.042,0.023,0.000
TARGET149,-3065.385,1640.581,-1477.770,0.021,0.045,0.027,0.000
TARGET150,-3787.100,2011.369,-1504.871,0.021,0.045,0.025,0.000
TARGET151,-4695.309,2446.577,-1527.565,0.017,0.039,0.020,0.000
TARGET152,-4242.575,2220.028,-1446.558,0.018,0.041,0.022,0.000
TARGET153,-3556.539,1866.581,-1349.467,0.021,0.044,0.024,0.000
TARGET154,-4975.616,2565.790,-1487.554,0.017,0.042,0.020,0.000
TARGET155,-3953.186,2041.953,-1248.189,0.019,0.042,0.023,0.000
TARGET156,-3271.113,1680.034,-1142.543,0.022,0.045,0.027,0.000
TARGET157,-4171.899,2130.015,-1162.719,0.019,0.040,0.023,0.000
TARGET158,-3724.085,1895.739,-1081.107,0.022,0.046,0.025,0.000
TARGET159,-4451.669,2253.844,-1122.033,0.017,0.037,0.020,0.000
TARGET160,-3438.022,1711.324,-884.804,0.022,0.045,0.026,0.000
TARGET161,-4160.557,2073.218,-914.048,0.018,0.039,0.021,0.000
TARGET162,-3655.390,1802.048,-798.687,0.022,0.046,0.026,0.000
TARGET163,-3206.608,1558.022,-724.169,0.021,0.043,0.025,0.000
TARGET164,-3646.139,1743.247,-551.418,0.021,0.043,0.024,0.000
TARGET165,-4102.272,1953.965,-493.552,0.019,0.044,0.025,0.000
TARGET166,-3139.613,1460.007,-441.762,0.021,0.043,0.025,0.000
TARGET167,-3416.497,1593.170,-399.610,0.021,0.043,0.024,0.000
TARGET168,-3815.425,1769.775,-297.794,0.018,0.041,0.022,0.000
TARGET169,-4033.878,1856.480,-211.406,0.018,0.041,0.022,0.000
TARGET170,-3585.471,1616.489,-132.880,0.020,0.042,0.022,0.000
TARGET171,-4025.139,1793.886,35.100,0.019,0.041,0.021,0.000
TARGET172,-4683.547,2392.766,-1279.501,0.016,0.038,0.019,0.000
TARGET173,-4835.382,2638.427,-2235.070,0.018,0.044,0.023,0.000
TARGET174,-4330.422,2099.348,-659.511,0.019,0.040,0.022,0.000
TARGET175,-4600.996,2504.137,-2077.539,0.018,0.041,0.022,0.000
TARGET176,-4474.753,2360.973,-1612.702,0.017,0.040,0.021,0.000
TARGET177,-4321.038,2380.736,-2117.268,0.018,0.041,0.022,0.000
TARGET178,-3797.196,1644.099,189.942,0.020,0.043,0.022,0.000
TARGET179,-3932.081,1929.352,-756.911,0.021,0.044,0.023,0.000
TARGET180,-3683.999,1470.880,647.543,0.019,0.041,0.021,0.000
TARGET181,-3798.559,2064.011,-1752.948,0.019,0.043,0.024,0.000
TARGET182,-3520.765,1515.795,148.184,0.020,0.042,0.022,0.000
TARGET183,-3706.250,2116.437,-2304.631,0.020,0.044,0.025,0.000
TARGET184,-3303.606,1425.976,61.488,0.020,0.042,0.023,0.000
TARGET185,-3504.334,2069.310,-2631.456,0.020,0.046,0.029,0.000
TARGET186,-3416.326,1935.789,-2098.134,0.019,0.042,0.025,0.000
TARGET187,-3281.452,1735.373,-1391.288,0.022,0.047,0.027,0.000
TARGET188,-3133.063,1399.110,-194.896,0.021,0.045,0.026,0.000
TARGET189,-2924.887,1366.622,-528.042,0.023,0.047,0.029,0.000
TARGET190,-6515.990,2193.860,2570.181,0.046,0.087,0.023,0.000
TARGET191,-6517.348,2271.015,2327.205,0.039,0.074,0.023,0.000
TARGET192,-6810.964,2522.617,1883.687,0.034,0.067,0.021,0.000
TARGET193,-6579.439,2381.217,2049.115,0.033,0.066,0.021,0.000
TARGET194,-6289.983,2203.180,2246.311,0.036,0.073,0.022,0.000
TARGET195,-6631.870,2524.569,1631.290,0.032,0.066,0.021,0.000
TARGET196,-6399.671,2385.365,1789.213,0.030,0.064,0.020,0.000
TARGET197,-6110.617,2204.702,1996.332,0.037,0.073,0.026,0.000
TARGET198,-5881.860,2060.015,2154.919,0.031,0.066,0.021,0.000
TARGET199,-5594.187,1872.664,2358.378,0.035,0.084,0.024,0.000
TARGET200,-6113.856,2278.142,1752.713,0.027,0.059,0.019,0.000
TARGET201,-6178.173,2384.941,1473.175,0.028,0.060,0.020,0.000
TARGET202,-5597.519,1949.553,2115.747,0.030,0.068,0.023,0.000
TARGET203,-5888.037,2207.266,1669.738,0.030,0.065,0.021,0.000
TARGET204,-5660.208,2060.644,1837.274,0.032,0.075,0.023,0.000
TARGET205,-6233.361,2522.185,1055.831,0.025,0.059,0.021,0.000
TARGET206,-6000.855,2383.724,1211.254,0.023,0.055,0.019,0.000
TARGET207,-5372.264,1876.156,2031.758,0.030,0.068,0.024,0.000
TARGET208,-5710.981,2203.297,1418.429,0.025,0.059,0.022,0.000
TARGET209,-5715.459,2273.467,1172.060,0.022,0.051,0.019,0.000
TARGET210,-6013.236,2516.830,728.687,0.025,0.059,0.023,0.000
TARGET211,-5781.448,2376.656,891.634,0.022,0.054,0.021,0.000
TARGET212,-5838.057,2507.608,474.602,0.022,0.053,0.023,0.000
TARGET213,-6806.105,2375.458,2363.810,0.046,0.084,0.023,0.000
TARGET214,-5589.612,2749.075,-1056.471,0.017,0.042,0.020,0.000
TARGET215,-5985.887,2846.051,-720.464,0.018,0.044,0.021,0.000
TARGET216,-3513.834,1450.522,394.160,0.021,0.045,0.024,0.000
TARGET217,-5505.545,2867.312,-1855.306,0.018,0.053,0.023,0.000
TARGET218,-5296.682,2834.325,-2179.919,0.018,0.054,0.026,0.000
TARGET219,-9993.525,-3332.361,-796.228,0.025,0.010,0.012,0.000
TARGET220,-10638.581,-2286.739,-486.990,0.029,0.009,0.012,0.000
TARGET221,-10840.302,-1583.201,-659.048,0.030,0.009,0.013,0.000
TARGET222,-10950.911,-1186.698,-754.795,0.031,0.010,0.013,0.000
TARGET223,-10686.535,-1598.817,-912.590,0.028,0.009,0.013,0.000
TARGET224,-9874.365,-2905.121,-1320.507,0.024,0.009,0.013,0.000
TARGET225,-11175.411,-711.524,-704.105,0.035,0.011,0.015,0.000
TARGET226,-11032.671,-881.745,-831.016,0.032,0.010,0.014,0.000
TARGET227,-10402.233,-1934.951,-1152.043,0.026,0.008,0.012,0.000
TARGET228,-10134.069,-2341.478,-1305.504,0.024,0.008,0.013,0.000
TARGET229,-10795.546,-1207.747,-1007.328,0.029,0.009,0.013,0.000
TARGET230,-10633.316,-1454.300,-1107.700,0.027,0.009,0.013,0.000
TARGET231,-10488.226,-1625.207,-1230.904,0.026,0.009,0.013,0.000
TARGET232,-11140.987,-485.104,-922.831,0.034,0.011,0.016,0.000
TARGET233,-9567.195,-3083.427,-1693.886,0.020,0.008,0.012,0.000
TARGET234,-10877.299,-902.923,-1083.421,0.030,0.010,0.014,0.000
TARGET235,-10246.268,-1952.809,-1401.436,0.024,0.008,0.013,0.000
TARGET236,-11518.741,245.222,-770.139,0.040,0.014,0.017,0.000
TARGET237,-10080.505,-2197.008,-1500.582,0.024,0.008,0.013,0.000
TARGET238,-11362.153,-6.124,-870.846,0.036,0.012,0.016,0.000
TARGET239,-9932.109,-2367.893,-1621.825,0.023,0.008,0.013,0.000
TARGET240,-11221.115,-177.613,-997.212,0.035,0.012,0.016,0.000
TARGET241,-10598.596,-1231.227,-1325.603,0.027,0.009,0.013,0.000
TARGET242,-10333.012,-1639.038,-1482.028,0.025,0.008,0.013,0.000
TARGET243,-9683.950,-2692.428,-1792.087,0.022,0.008,0.013,0.000
TARGET244,-10986.403,-505.574,-1174.229,0.031,0.010,0.014,0.000
TARGET245,-9514.521,-2939.403,-1886.251,0.021,0.008,0.013,0.000
TARGET246,-10825.031,-756.886,-1274.890,0.029,0.010,0.014,0.000
TARGET247,-9364.120,-3105.375,-2007.138,0.019,0.008,0.013,0.000
TARGET248,-10681.058,-925.673,-1401.118,0.027,0.009,0.014,0.000
TARGET249,-10045.947,-1973.138,-1719.655,0.023,0.008,0.013,0.000
TARGET250,-11325.456,219.775,-1088.113,0.036,0.012,0.016,0.000
TARGET251,-9773.125,-2380.874,-1873.495,0.022,0.008,0.013,0.000
TARGET252,-11070.447,-186.744,-1249.710,0.032,0.011,0.015,0.000
TARGET253,-9112.054,-3424.995,-2174.699,0.016,0.008,0.012,0.000
TARGET254,-10443.005,-1247.129,-1575.874,0.026,0.009,0.013,0.000
TARGET255,-10278.220,-1494.703,-1675.829,0.024,0.008,0.013,0.000
TARGET256,-11401.989,531.521,-1165.535,0.037,0.014,0.017,0.000
TARGET257,-10131.552,-1665.099,-1797.969,0.023,0.008,0.013,0.000
TARGET258,-10790.145,-528.653,-1491.737,0.029,0.010,0.014,0.000
TARGET259,-9479.852,-2714.930,-2106.672,0.021,0.008,0.013,0.000
TARGET260,-10527.507,-935.393,-1652.208,0.026,0.009,0.014,0.000
TARGET261,-9203.041,-3117.270,-2256.477,0.020,0.008,0.014,0.000
TARGET262,-11173.042,211.632,-1343.999,0.034,0.012,0.017,0.000
TARGET263,-11016.045,-41.313,-1441.139,0.031,0.011,0.015,0.000
TARGET264,-9718.255,-2236.169,-2066.886,0.021,0.008,0.014,0.000
TARGET265,-10873.839,-211.702,-1566.352,0.029,0.010,0.015,0.000
TARGET266,-9568.127,-2405.918,-2187.673,0.021,0.008,0.013,0.000
TARGET267,-10242.386,-1269.432,-1893.198,0.024,0.008,0.014,0.000
TARGET268,-8905.544,-3444.375,-2487.463,0.018,0.008,0.013,0.000
TARGET269,-9972.891,-1678.150,-2049.042,0.022,0.008,0.014,0.000
TARGET270,-10633.867,-541.440,-1745.162,0.027,0.009,0.015,0.000
TARGET271,-9319.292,-2728.311,-2354.090,0.020,0.008,0.014,0.000
TARGET272,-10471.300,-788.359,-1847.002,0.026,0.009,0.014,0.000
TARGET273,-9148.595,-2970.724,-2449.732,0.019,0.008,0.014,0.000
TARGET274,-10326.400,-959.784,-1968.786,0.025,0.009,0.014,0.000
TARGET275,-10976.409,185.143,-1659.570,0.032,0.011,0.016,0.000
TARGET276,-8995.597,-3139.137,-2568.840,0.019,0.008,0.014,0.000
TARGET277,-9682.404,-2011.234,-2284.817,0.021,0.008,0.014,0.000
TARGET278,-10713.981,-235.275,-1818.484,0.028,0.010,0.015,0.000
TARGET279,-9410.209,-2416.004,-2433.389,0.020,0.008,0.014,0.000
TARGET280,-10083.726,-1285.432,-2142.126,0.023,0.008,0.014,0.000
TARGET281,-8740.505,-3460.715,-2733.613,0.018,0.009,0.015,0.000
TARGET282,-9917.690,-1531.858,-2241.008,0.022,0.008,0.014,0.000
TARGET283,-9768.240,-1702.778,-2363.153,0.021,0.008,0.014,0.000
TARGET284,-10434.247,-562.431,-2061.717,0.026,0.009,0.015,0.000
TARGET285,-9113.077,-2746.682,-2667.137,0.019,0.008,0.014,0.000
TARGET286,-10168.418,-972.160,-2219.199,0.024,0.009,0.015,0.000
TARGET287,-10819.392,162.331,-1907.598,0.029,0.011,0.016,0.000
TARGET288,-8832.673,-3151.229,-2814.798,0.018,0.008,0.015,0.000
TARGET289,-9522.746,-2025.651,-2530.166,0.020,0.008,0.014,0.000
TARGET290,-10659.443,-86.816,-2008.250,0.028,0.010,0.015,0.000
TARGET291,-9353.026,-2270.743,-2626.977,0.020,0.008,0.014,0.000
TARGET292,-10513.977,-257.520,-2134.965,0.027,0.010,0.015,0.000
TARGET293,-9201.800,-2439.291,-2746.316,0.019,0.008,0.015,0.000
TARGET294,-9879.303,-1305.709,-2458.957,0.022,0.008,0.015,0.000
TARGET295,-10896.321,478.799,-1986.632,0.031,0.012,0.017,0.000
TARGET296,-9610.153,-1714.700,-2607.673,0.021,0.008,0.015,0.000
TARGET297,-10274.674,-578.648,-2312.098,0.025,0.009,0.015,0.000
TARGET298,-8948.836,-2761.234,-2913.361,0.018,0.008,0.015,0.000
TARGET299,-10111.481,-824.518,-2411.668,0.024,0.009,0.015,0.000
TARGET300,-8776.070,-3003.753,-3008.266,0.018,0.008,0.015,0.000
TARGET301,-10619.736,140.560,-2223.630,0.029,0.011,0.017,0.000
TARGET302,-9963.816,-995.313,-2534.360,0.023,0.008,0.015,0.000
TARGET303,-9314.992,-2046.438,-2843.915,0.020,0.008,0.015,0.000
TARGET304,-8621.700,-3171.261,-3126.202,0.018,0.008,0.015,0.000
TARGET305,-10839.396,625.297,-2175.727,0.031,0.012,0.017,0.000
TARGET306,-9718.368,-1324.087,-2703.607,0.022,0.008,0.015,0.000
TARGET307,-9037.886,-2451.295,-2993.765,0.019,0.008,0.015,0.000
TARGET308,-9551.375,-1568.554,-2801.332,0.021,0.008,0.015,0.000
TARGET309,-10071.723,-598.745,-2626.755,0.024,0.009,0.016,0.000
TARGET310,-10461.547,130.231,-2475.406,0.028,0.011,0.017,0.000
TARGET311,-9803.725,-1007.792,-2781.660,0.022,0.008,0.016,0.000
TARGET312,-8739.401,-2777.721,-3224.822,0.018,0.008,0.016,0.000
TARGET313,-10298.892,-118.029,-2577.360,0.026,0.010,0.017,0.000
TARGET314,-9150.829,-2061.684,-3089.486,0.019,0.008,0.015,0.000
TARGET315,-8457.254,-3181.460,-3369.720,0.018,0.009,0.016,0.000
TARGET316,-8979.943,-2303.806,-3186.259,0.019,0.008,0.015,0.000
TARGET317,-10797.018,853.059,-2390.798,0.031,0.013,0.018,0.000
TARGET318,-10152.847,-288.744,-2700.896,0.025,0.010,0.017,0.000
TARGET319,-10537.317,435.443,-2548.890,0.029,0.011,0.018,0.000
TARGET320,-9511.508,-1342.628,-3017.449,0.021,0.008,0.016,0.000
TARGET321,-8826.808,-2472.042,-3304.741,0.018,0.008,0.016,0.000
TARGET322,-9910.363,-615.020,-2873.448,0.024,0.009,0.016,0.000
TARGET323,-9240.028,-1745.938,-3167.484,0.020,0.008,0.016,0.000
TARGET324,-9744.888,-860.568,-2972.940,0.022,0.008,0.016,0.000
TARGET325,-10874.647,1165.868,-2460.176,0.032,0.014,0.019,0.000
TARGET326,-8573.056,-2791.294,-3468.871,0.018,0.008,0.016,0.000
TARGET327,-8398.592,-3034.673,-3562.042,0.018,0.009,0.016,0.000
TARGET328,-9595.759,-1031.138,-3094.037,0.021,0.008,0.016,0.000
TARGET329,-10639.276,835.313,-2637.006,0.030,0.013,0.019,0.000
TARGET330,-9992.694,-301.276,-2948.156,0.025,0.009,0.017,0.000
TARGET331,-8941.474,-2078.102,-3400.815,0.019,0.008,0.016,0.000
TARGET332,-9349.017,-1354.150,-3262.844,0.020,0.008,0.016,0.000
TARGET333,-8661.427,-2481.754,-3549.908,0.018,0.008,0.016,0.000
TARGET334,-9180.357,-1598.290,-3359.521,0.020,0.008,0.016,0.000
TARGET335,-9703.392,-634.121,-3187.124,0.022,0.009,0.017,0.000
TARGET336,-9028.081,-1768.824,-3478.350,0.019,0.008,0.017,0.000
TARGET337,-9434.080,-1040.750,-3339.385,0.021,0.008,0.017,0.000
TARGET338,-9932.490,-153.775,-3138.489,0.024,0.010,0.017,0.000
TARGET339,-8773.230,-2093.045,-3646.604,0.018,0.008,0.017,0.000
TARGET340,-10436.992,815.315,-2950.347,0.029,0.012,0.019,0.000
TARGET341,-9784.684,-325.255,-3260.186,0.023,0.009,0.018,0.000
TARGET342,-8601.736,-2335.139,-3740.576,0.018,0.008,0.017,0.000
TARGET343,-9139.225,-1370.899,-3574.494,0.020,0.008,0.017,0.000
TARGET344,-8446.635,-2503.455,-3858.208,0.018,0.008,0.017,0.000
TARGET345,-9540.259,-648.161,-3431.845,0.022,0.009,0.017,0.000
TARGET346,-8863.371,-1777.862,-3722.769,0.019,0.008,0.017,0.000
TARGET347,-9372.354,-893.799,-3531.075,0.021,0.008,0.017,0.000
TARGET348,-9222.540,-1063.454,-3649.824,0.020,0.008,0.017,0.000
TARGET349,-10276.871,803.796,-3198.112,0.028,0.012,0.020,0.000
TARGET350,-9622.566,-334.110,-3506.715,0.023,0.009,0.018,0.000
TARGET351,-8560.396,-2108.036,-3956.502,0.018,0.008,0.018,0.000
TARGET352,-8973.285,-1384.883,-3817.540,0.020,0.008,0.018,0.000
TARGET353,-8279.950,-2509.483,-4101.974,0.018,0.008,0.018,0.000
TARGET354,-8802.402,-1629.624,-3913.350,0.019,0.008,0.018,0.000
TARGET355,-9725.372,60.119,-3597.509,0.024,0.010,0.019,0.000
TARGET356,-8649.358,-1797.491,-4031.280,0.019,0.008,0.018,0.000
TARGET357,-9057.052,-1072.218,-3895.435,0.020,0.008,0.018,0.000
TARGET358,-9560.151,-186.016,-3697.067,0.023,0.010,0.019,0.000
TARGET359,-10070.173,786.048,-3512.275,0.027,0.012,0.021,0.000
TARGET360,-8392.481,-2120.744,-4197.549,0.018,0.008,0.018,0.000
TARGET361,-8218.892,-2361.903,-4291.670,0.018,0.008,0.019,0.000
TARGET362,-9805.113,375.875,-3671.232,0.025,0.011,0.020,0.000
TARGET363,-8759.688,-1402.005,-4127.062,0.020,0.008,0.019,0.000
TARGET364,-9163.284,-679.250,-3986.641,0.021,0.009,0.019,0.000
TARGET365,-8480.982,-1805.193,-4276.223,0.019,0.008,0.019,0.000
TARGET366,-9514.382,40.260,-3909.122,0.023,0.010,0.020,0.000
TARGET367,-9905.079,771.640,-3759.753,0.027,0.012,0.021,0.000
TARGET368,-8843.140,-1091.477,-4204.118,0.020,0.009,0.019,0.000
TARGET369,-8177.019,-2134.641,-4504.696,0.018,0.008,0.019,0.000
TARGET370,-8418.725,-1657.170,-4464.871,0.019,0.008,0.019,0.000
TARGET371,-8950.243,-695.452,-4297.280,0.020,0.009,0.020,0.000
TARGET372,-8263.700,-1824.823,-4582.234,0.019,0.008,0.020,0.000
TARGET373,-8677.604,-1100.859,-4443.506,0.020,0.009,0.020,0.000
TARGET374,-9183.353,-214.502,-4250.935,0.022,0.010,0.020,0.000
TARGET375,-9695.032,752.215,-4070.179,0.026,0.012,0.022,0.000
TARGET376,-8006.102,-2146.024,-4745.356,0.018,0.009,0.020,0.000
TARGET377,-9429.914,345.712,-4225.473,0.024,0.011,0.021,0.000
TARGET378,-8093.499,-1833.610,-4823.481,0.019,0.009,0.021,0.000
TARGET379,-9136.125,14.062,-4462.803,0.023,0.010,0.022,0.000
TARGET380,-8458.627,-1120.717,-4751.952,0.020,0.009,0.021,0.000
TARGET381,-9364.069,494.143,-4414.555,0.024,0.011,0.022,0.000
TARGET382,-9214.791,324.397,-4534.911,0.024,0.011,0.022,0.000
TARGET383,-8967.225,-0.171,-4704.348,0.023,0.010,0.022,0.000
TARGET384,-8799.104,-244.529,-4801.734,0.022,0.010,0.022,0.000
TARGET385,-8646.518,-412.653,-4921.210,0.021,0.010,0.022,0.000
TARGET386,-9048.319,316.081,-4776.630,0.023,0.011,0.023,0.000
TARGET387,-8751.183,-14.773,-5011.945,0.022,0.011,0.023,0.000
TARGET388,-8981.802,466.134,-4964.196,0.024,0.012,0.024,0.000
TARGET389,-8830.492,296.370,-5083.808,0.023,0.011,0.024,0.000
TARGET390,-9224.130,1027.299,-4939.558,0.026,0.013,0.025,0.000
TARGET391,-8176.219,-748.543,-5391.747,0.021,0.010,0.024,0.000
TARGET392,-8581.085,-23.487,-5253.188,0.022,0.011,0.025,0.000
TARGET393,-8761.301,686.434,-5415.104,0.025,0.013,0.027,0.000
TARGET394,-9107.465,1408.960,-5331.863,0.029,0.016,0.029,0.000
TARGET395,-10357.630,-265.585,-2385.373,0.026,0.010,0.016,0.000
TARGET396,-8365.147,-3491.195,-3288.488,0.018,0.009,0.016,0.000
TARGET397,-10695.453,453.157,-2302.120,0.029,0.011,0.017,0.000
TARGET398,-9401.451,-1738.852,-2920.582,0.020,0.008,0.015,0.000
TARGET399,-10480.629,585.763,-2736.157,0.028,0.012,0.018,0.000
TARGET400,-8242.922,-3202.474,-3677.918,0.018,0.009,0.017,0.000
TARGET401,-10335.247,416.226,-2862.454,0.027,0.011,0.018,0.000
TARGET402,-10096.786,93.527,-3037.239,0.025,0.010,0.018,0.000
TARGET403,-8359.809,-2807.816,-3778.503,0.018,0.009,0.017,0.000
TARGET404,-10175.461,407.974,-3111.847,0.026,0.011,0.018,0.000
TARGET405,-8190.796,-2821.666,-4020.469,0.018,0.009,0.018,0.000
TARGET406,-9889.530,73.892,-3350.991,0.025,0.010,0.019,0.000
TARGET407,-10115.226,557.860,-3300.590,0.026,0.011,0.019,0.000
TARGET408,-9967.925,386.055,-3424.599,0.025,0.011,0.019,0.000
TARGET409,-7975.338,-2835.751,-4327.926,0.018,0.009,0.019,0.000
TARGET410,-9410.931,-358.187,-3816.625,0.023,0.009,0.019,0.000
TARGET411,-8062.621,-2529.888,-4407.612,0.018,0.009,0.019,0.000
TARGET412,-8994.779,-923.186,-4085.370,0.020,0.009,0.019,0.000
TARGET413,-9245.714,-363.960,-4063.606,0.022,0.009,0.020,0.000
TARGET414,-9742.016,524.774,-3860.065,0.025,0.011,0.021,0.000
TARGET415,-8590.985,-1413.117,-4370.138,0.019,0.008,0.020,0.000
TARGET416,-9593.992,353.358,-3981.388,0.025,0.011,0.021,0.000
TARGET417,-7892.799,-2536.763,-4649.835,0.018,0.009,0.020,0.000
TARGET418,-9348.954,29.378,-4153.279,0.023,0.010,0.020,0.000
TARGET419,-9031.188,-384.641,-4372.227,0.022,0.009,0.021,0.000
TARGET420,-8374.330,-1428.659,-4677.873,0.019,0.009,0.020,0.000
TARGET421,-8783.415,-706.286,-4537.818,0.020,0.009,0.021,0.000
TARGET422,-9771.429,1067.218,-4142.819,0.028,0.013,0.023,0.000
TARGET423,-8863.999,-393.916,-4614.248,0.021,0.010,0.021,0.000
TARGET424,-8566.925,-721.948,-4845.258,0.021,0.009,0.022,0.000
TARGET425,-8395.755,-734.287,-5085.678,0.020,0.009,0.022,0.000
TARGET426,-9840.413,-2682.376,-1542.496,0.023,0.008,0.013,0.000
TARGET427,-10598.305,-1912.817,-834.378,0.028,0.009,0.012,0.000
TARGET428,-10984.213,-1411.138,-534.568,0.031,0.010,0.013,0.000
TARGET429,-8151.606,-3506.435,-3599.756,0.019,0.010,0.018,0.000
TARGET430,-8223.195,-978.111,-5182.018,0.021,0.009,0.024,0.000
TARGET431,-8068.691,-1145.127,-5298.451,0.020,0.009,0.023,0.000
TARGET432,-8412.129,-269.034,-5347.671,0.022,0.010,0.025,0.000
TARGET433,-8258.710,-439.483,-5463.528,0.022,0.010,0.026,0.000
TARGET434,-8361.675,-39.387,-5558.314,0.022,0.011,0.026,0.000
TARGET435,-10537.968,-3267.661,92.424,0.031,0.011,0.012,0.000
TARGET436,-10371.660,-3512.840,-5.425,0.030,0.011,0.012,0.000
TARGET437,-10630.374,-2959.466,13.337,0.031,0.010,0.012,0.000
TARGET438,-10344.547,-3290.238,-227.412,0.029,0.010,0.012,0.000
TARGET439,-10744.157,-2575.575,-83.438,0.031,0.010,0.012,0.000
TARGET440,-10580.970,-2819.280,-181.675,0.030,0.010,0.012,0.000
TARGET441,-10189.912,-3312.690,-476.720,0.027,0.010,0.012,0.000
TARGET442,-10831.930,-2262.627,-168.072,0.032,0.010,0.012,0.000
TARGET443,-10550.811,-2598.574,-403.113,0.029,0.009,0.012,0.000
TARGET444,-10280.883,-3006.204,-557.189,0.027,0.009,0.012,0.000
TARGET445,-10947.083,-1869.920,-261.141,0.032,0.010,0.013,0.000
TARGET446,-10783.651,-2120.021,-359.927,0.030,0.009,0.012,0.000
TARGET447,-10396.429,-2617.833,-654.762,0.028,0.009,0.012,0.000
TARGET448,-10231.358,-2863.658,-750.673,0.026,0.009,0.012,0.000
TARGET449,-11037.222,-1553.572,-337.593,0.033,0.010,0.013,0.000
TARGET450,-10083.544,-3033.531,-872.515,0.026,0.009,0.012,0.000
TARGET451,-10753.052,-1894.007,-581.564,0.030,0.009,0.013,0.000
TARGET452,-10484.821,-2305.987,-737.577,0.027,0.009,0.012,0.000
TARGET453,-11145.283,-1162.013,-434.058,0.035,0.011,0.014,0.000
TARGET454,-10198.919,-2641.102,-973.856,0.025,0.009,0.012,0.000
TARGET455,-9925.313,-3048.733,-1127.418,0.024,0.009,0.012,0.000
TARGET456,-10434.161,-2161.015,-931.890,0.026,0.009,0.012,0.000
TARGET457,-10287.699,-2329.733,-1055.734,0.026,0.009,0.013,0.000
TARGET458,-9724.392,-3075.096,-1441.803,0.021,0.008,0.012,0.000
TARGET459,-8785.452,-3836.075,-2386.473,0.015,0.008,0.012,0.000
TARGET460,-9885.937,-1992.017,-1968.595,0.022,0.008,0.013,0.000
TARGET461,-8622.127,-3847.361,-2633.845,0.014,0.008,0.011,0.000
TARGET462,-8565.596,-3702.536,-2828.132,0.017,0.009,0.014,0.000
TARGET463,-8410.750,-3869.186,-2944.468,0.016,0.009,0.014,0.000
TARGET464,-11053.946,495.248,-1733.763,0.034,0.013,0.018,0.000
TARGET465,-8530.674,-3477.905,-3045.453,0.018,0.009,0.015,0.000
TARGET466,-8245.517,-3878.935,-3189.677,0.016,0.009,0.014,0.000
TARGET467,-10257.724,110.092,-2791.385,0.026,0.010,0.017,0.000
TARGET468,-9329.422,-666.063,-3744.326,0.021,0.009,0.018,0.000
TARGET469,-10352.224,1120.265,-3273.253,0.030,0.014,0.021,0.000
TARGET470,-10290.183,1270.100,-3461.912,0.031,0.014,0.023,0.000
TARGET471,-10144.408,1097.700,-3585.971,0.029,0.014,0.022,0.000
TARGET472,-10242.830,1498.615,-3673.047,0.032,0.016,0.025,0.000
TARGET473,-10079.919,1484.182,-3917.405,0.031,0.015,0.025,0.000
TARGET474,-9918.401,1237.280,-4019.406,0.029,0.014,0.024,0.000
TARGET475,-9529.438,740.331,-4314.169,0.025,0.012,0.022,0.000
TARGET476,-9870.228,1467.011,-4228.747,0.030,0.015,0.026,0.000
TARGET477,-9607.108,1057.563,-4385.985,0.027,0.013,0.024,0.000
TARGET478,-9315.802,722.287,-4623.490,0.025,0.012,0.024,0.000
TARGET479,-9703.619,1454.402,-4473.955,0.030,0.016,0.027,0.000
TARGET480,-9540.417,1206.635,-4574.203,0.027,0.014,0.025,0.000
TARGET481,-9391.847,1035.135,-4695.529,0.026,0.013,0.025,0.000
TARGET482,-9147.809,710.620,-4865.496,0.025,0.012,0.024,0.000
TARGET483,-8931.776,695.270,-5173.058,0.025,0.013,0.026,0.000
TARGET484,-10009.381,-4176.509,-71.304,0.030,0.012,0.013,0.000
TARGET485,-10435.363,-2988.508,-304.343,0.029,0.010,0.012,0.000
TARGET486,-11226.557,-857.441,-511.073,0.035,0.011,0.014,0.000
TARGET487,-10041.451,-2657.926,-1226.284,0.024,0.009,0.013,0.000
TARGET488,-11334.048,-462.089,-603.109,0.037,0.012,0.015,0.000
TARGET489,-11415.486,-149.105,-679.359,0.038,0.012,0.016,0.000
TARGET490,-9103.339,-5923.567,-773.488,0.034,0.020,0.017,0.000
TARGET491,-9071.169,-5917.757,-1297.796,0.035,0.023,0.019,0.000
TARGET492,-8621.366,-5958.411,-2228.712,0.027,0.018,0.019,0.000
TARGET493,-8236.751,-5997.385,-2574.284,0.026,0.018,0.019,0.000
TARGET494,-7983.350,-3523.769,-3838.340,0.019,0.010,0.018,0.000
TARGET495,-8075.092,-3211.706,-3921.523,0.018,0.009,0.018,0.000
TARGET496,-8014.793,-3063.876,-4113.289,0.018,0.009,0.018,0.000
TARGET497,-7804.427,-2845.593,-4569.752,0.018,0.009,0.020,0.000
TARGET498,-7627.808,-3087.276,-4660.494,0.018,0.009,0.020,0.000
TARGET499,-7584.878,-2859.708,-4876.094,0.018,0.009,0.021,0.000
TARGET500,-7830.476,-2387.995,-4838.637,0.018,0.009,0.021,0.000
TARGET501,-7674.019,-2552.966,-4953.531,0.018,0.009,0.021,0.000
TARGET502,-8612.549,-952.340,-4633.691,0.020,0.009,0.021,0.000
TARGET503,-7787.460,-2158.416,-5051.287,0.018,0.009,0.022,0.000
TARGET504,-8203.163,-1441.539,-4917.933,0.020,0.009,0.022,0.000
TARGET505,-8029.115,-1684.739,-5012.416,0.019,0.009,0.022,0.000
TARGET506,-8287.389,-1127.217,-4996.032,0.020,0.009,0.022,0.000
TARGET507,-7983.748,-1455.178,-5224.022,0.020,0.009,0.023,0.000
TARGET508,-8479.554,-418.284,-5159.637,0.022,0.010,0.024,0.000
TARGET509,-9491.311,1437.508,-4782.305,0.029,0.015,0.027,0.000
TARGET510,-9322.526,1425.074,-5025.628,0.031,0.016,0.031,0.000
TARGET511,-9157.719,1177.210,-5124.490,0.027,0.014,0.028,0.000
TARGET512,-8660.798,290.589,-5326.226,0.023,0.012,0.026,0.000
TARGET513,-9007.585,1008.190,-5245.752,0.027,0.014,0.028,0.000
TARGET514,-8593.327,441.276,-5512.609,0.025,0.012,0.028,0.000
TARGET515,-8441.016,271.654,-5630.351,0.024,0.012,0.027,0.000
TARGET516,-8542.825,671.486,-5720.071,0.025,0.013,0.029,0.000
TARGET517,-7858.006,-3229.831,-4228.646,0.018,0.010,0.019,0.000
TARGET518,-5458.242,2541.605,-353.554,0.018,0.042,0.019,0.000
TARGET519,-11155.820,895.324,-1822.493,0.038,0.014,0.020,0.000
TARGET520,-10996.194,874.998,-2075.999,0.034,0.014,0.020,0.000
TARGET521,-11016.515,1336.867,-2333.789,0.037,0.016,0.022,0.000
TARGET522,-10974.201,1567.780,-2546.103,0.036,0.016,0.022,0.000
TARGET523,-10658.247,1300.333,-2894.846,0.032,0.015,0.021,0.000
TARGET524,-10512.745,1131.076,-3024.569,0.031,0.014,0.021,0.000
TARGET525,-9982.478,1087.967,-3831.562,0.029,0.014,0.023,0.000
TARGET526,-11543.385,704.043,-1036.207,0.040,0.015,0.019,0.000
TARGET527,-11250.337,519.793,-1417.345,0.037,0.013,0.019,0.000
TARGET528,-11074.308,1188.757,-2145.342,0.036,0.015,0.021,0.000
TARGET529,-10715.273,1150.168,-2710.222,0.033,0.014,0.021,0.000
TARGET530,-10613.844,1532.451,-3107.406,0.034,0.016,0.023,0.000
TARGET531,-10449.881,1517.603,-3359.152,0.034,0.016,0.025,0.000
TARGET532,-7806.084,-3763.238,-3930.845,0.019,0.011,0.019,0.000
TARGET533,-7768.100,-3538.289,-4145.435,0.019,0.010,0.019,0.000
TARGET534,-7596.447,-3546.484,-4390.302,0.018,0.010,0.020,0.000
TARGET535,-7418.522,-3787.446,-4480.715,0.019,0.011,0.021,0.000
TARGET536,-7259.371,-3953.327,-4593.856,0.019,0.011,0.021,0.000
TARGET537,-7689.051,-3235.505,-4470.802,0.019,0.010,0.020,0.000
TARGET538,-7376.834,-3562.204,-4696.265,0.018,0.010,0.021,0.000
TARGET539,-7468.151,-3254.065,-4776.327,0.018,0.010,0.021,0.000
TARGET540,-7872.566,-1851.820,-5128.875,0.019,0.009,0.022,0.000
TARGET541,-4556.973,2685.448,-3363.454,0.024,0.070,0.035,0.000
TARGET542,-4262.288,2519.229,-3163.036,0.021,0.058,0.030,0.000
TARGET543,-4479.351,2608.987,-3077.589,0.021,0.058,0.029,0.000
TARGET544,-3215.705,1890.624,-2434.701,0.022,0.052,0.028,0.000
TARGET545,-4759.663,2732.162,-3037.647,0.021,0.061,0.031,0.000
TARGET546,-4463.873,2564.274,-2828.215,0.020,0.051,0.025,0.000
TARGET547,-4923.116,2765.560,-2770.397,0.021,0.061,0.029,0.000
TARGET548,-7021.850,3749.384,-3857.975,0.023,0.064,0.031,0.000
TARGET549,-7371.142,-4418.184,-4069.394,0.020,0.012,0.020,0.000
TARGET550,-7815.043,-4597.832,-3312.357,0.015,0.009,0.014,0.000
TARGET551,-8908.402,-5929.089,-1789.113,0.032,0.021,0.019,0.000
TARGET552,-6957.002,-390.834,-5700.777,0.024,0.016,0.049,0.000
TARGET553,-11352.083,916.977,-1504.578,0.039,0.015,0.020,0.000
TARGET554,-11597.296,557.500,-844.640,0.042,0.015,0.019,0.000
TARGET555,-11331.306,1607.189,-1979.499,0.042,0.018,0.024,0.000
TARGET556,-10816.197,1549.599,-2792.461,0.039,0.017,0.026,0.000
TARGET557,-11231.321,1206.566,-1894.663,0.038,0.016,0.021,0.000
TARGET558,-11195.113,666.050,-1607.333,0.038,0.014,0.019,0.000
TARGET559,-11370.847,1375.394,-1767.202,0.041,0.017,0.022,0.000
TARGET560,-11427.207,1227.839,-1577.672,0.042,0.017,0.022,0.000
TARGET561,-11526.680,1627.040,-1663.001,0.048,0.020,0.025,0.000
TARGET562,-11504.649,931.482,-1253.070,0.046,0.016,0.022,0.000
TARGET563,-11700.592,958.260,-932.265,0.043,0.017,0.019,0.000
TARGET564,-11174.437,1588.433,-2229.424,0.045,0.019,0.027,0.000
TARGET565,-5012.321,2904.321,-3446.827,0.022,0.076,0.037,0.000
TARGET566,-8996.202,-5946.501,-248.985,0.049,0.028,0.018,0.000
TARGET567,-8760.632,-5988.046,220.374,0.084,0.040,0.022,0.000
TARGET568,-7717.638,-6067.041,-2830.335,0.027,0.020,0.023,0.000
TARGET569,-8664.580,-6026.905,353.106,0.060,0.025,0.024,0.000
TARGET570,-6892.341,-400.642,-5658.215,0.031,0.022,0.068,0.000
TARGET571,-6859.927,-405.465,-5636.530,0.030,0.021,0.064,0.000
TARGET572,-7524.944,-6052.055,-2903.777,0.047,0.049,0.041,0.000
TARGET574,-8599.350,-5515.560,422.063,0.061,0.051,0.024,0.000
TARGET575,-8617.067,-5512.716,386.810,0.061,0.051,0.024,0.000
TARGET576,-8910.680,-5938.348,5.901,0.073,0.066,0.028,0.000
TARGET577,-9083.880,-5907.546,-499.506,0.142,0.133,0.053,0.000
TARGET579,-7054.195,2997.154,479.146,0.025,0.054,0.020,0.000
TARGET580,-7299.329,3188.666,73.561,0.026,0.064,0.021,0.000
TARGET581,-7071.154,3120.898,-8.288,0.024,0.059,0.020,0.000
TARGET582,-6833.159,2988.788,160.739,0.023,0.054,0.020,0.000
TARGET583,-6538.940,2823.473,363.093,0.022,0.050,0.020,0.000
TARGET584,-6659.943,2982.003,-101.006,0.021,0.051,0.019,0.000
TARGET585,-6364.838,2814.535,108.827,0.020,0.048,0.020,0.000
TARGET586,-6678.802,3098.767,-589.328,0.021,0.058,0.021,0.000
TARGET587,-6444.430,2968.562,-421.536,0.019,0.050,0.020,0.000
TARGET588,-6148.421,2802.949,-221.203,0.020,0.049,0.021,0.000
TARGET589,-6292.344,3065.921,-1173.967,0.020,0.059,0.023,0.000
TARGET590,-6121.421,3045.684,-1425.459,0.020,0.060,0.023,0.000
TARGET591,-5885.166,2916.647,-1267.385,0.019,0.058,0.024,0.000
TARGET592,-5741.403,2996.806,-2015.928,0.019,0.058,0.025,0.000
TARGET593,-5531.688,2964.775,-2348.317,0.019,0.059,0.027,0.000
TARGET594,-7291.023,3126.365,320.268,0.025,0.061,0.020,0.000
TARGET595,-6409.112,2526.365,1305.323,0.026,0.059,0.020,0.000
TARGET596,-6759.100,2829.336,689.305,0.023,0.053,0.020,0.000
TARGET597,-6765.925,2893.657,443.850,0.022,0.049,0.019,0.000
TARGET598,-6895.668,3110.873,-259.974,0.022,0.056,0.020,0.000
TARGET599,-6505.923,3084.152,-842.911,0.021,0.058,0.022,0.000
TARGET600,-6517.336,3139.715,-1089.960,0.021,0.062,0.023,0.000
TARGET601,-6271.156,2955.214,-682.139,0.019,0.049,0.021,0.000
TARGET602,-6056.203,2934.696,-1004.331,0.019,0.053,0.023,0.000
TARGET603,-5673.418,2890.001,-1590.117,0.018,0.057,0.023,0.000
TARGET604,-7453.977,3000.569,1056.893,0.027,0.051,0.018,0.000
TARGET605,-7157.274,2831.972,1266.918,0.030,0.059,0.020,0.000
TARGET606,-6924.850,2698.826,1424.066,0.032,0.063,0.021,0.000
TARGET607,-7164.444,2900.737,1020.889,0.027,0.054,0.019,0.000
TARGET608,-6637.351,2595.578,1387.144,0.029,0.061,0.021,0.000
TARGET609,-6935.975,2833.847,939.950,0.029,0.059,0.021,0.000
TARGET610,-8773.190,3752.263,-93.059,0.028,0.066,0.018,0.000
TARGET611,-8844.826,3840.612,-377.247,0.030,0.070,0.019,0.000
TARGET612,-8909.095,3953.102,-798.814,0.033,0.092,0.021,0.000
TARGET613,-8667.925,3838.237,-638.295,0.030,0.088,0.020,0.000
TARGET614,-8376.151,3745.441,-670.979,0.026,0.069,0.019,0.000
TARGET615,-8448.250,3830.528,-956.935,0.027,0.078,0.021,0.000
TARGET616,-8515.396,3938.470,-1380.915,0.028,0.080,0.022,0.000
TARGET617,-8146.472,3682.307,-751.861,0.025,0.068,0.019,0.000
TARGET618,-7971.943,3673.049,-1005.112,0.023,0.067,0.020,0.000
TARGET619,-8300.538,3926.794,-1708.201,0.028,0.091,0.023,0.000
TARGET620,-7982.541,3726.748,-1252.625,0.024,0.072,0.021,0.000
TARGET621,-8055.652,3808.429,-1537.724,0.025,0.078,0.022,0.000
TARGET622,-7754.846,3660.620,-1333.008,0.024,0.072,0.021,0.000
TARGET623,-8391.039,3282.726,1261.474,0.029,0.065,0.019,0.000
TARGET624,-8099.728,3189.879,1227.364,0.028,0.068,0.020,0.000
TARGET625,-8404.051,3415.197,776.111,0.028,0.067,0.019,0.000
TARGET626,-8763.734,3691.307,153.329,0.029,0.067,0.018,0.000
TARGET627,-8166.125,3288.277,945.952,0.028,0.070,0.020,0.000
TARGET628,-8543.056,3692.841,-172.923,0.028,0.069,0.019,0.000
TARGET629,-8233.766,3479.069,280.932,0.026,0.067,0.018,0.000
TARGET630,-8303.032,3570.416,-2.543,0.026,0.069,0.019,0.000
TARGET631,-7232.262,2999.503,740.190,0.027,0.055,0.020,0.000
TARGET632,-5909.024,3020.551,-1757.853,0.020,0.060,0.026,0.000
TARGET633,-7986.403,3290.641,688.435,0.030,0.072,0.021,0.000
TARGET634,-8004.041,3416.680,202.955,0.026,0.067,0.019,0.000
TARGET635,-8365.690,3687.974,-424.418,0.026,0.068,0.019,0.000
TARGET636,-8125.933,3568.277,-263.458,0.026,0.067,0.019,0.000
TARGET637,-7906.157,3560.561,-582.612,0.024,0.064,0.019,0.000
TARGET638,-8094.113,3120.814,1472.323,0.028,0.062,0.020,0.000
TARGET639,-7858.357,2991.782,1630.174,0.032,0.062,0.021,0.000
TARGET640,-7564.152,2823.786,1839.505,0.037,0.066,0.022,0.000
TARGET641,-7329.223,2688.969,1998.962,0.036,0.068,0.022,0.000
TARGET642,-7036.705,2514.287,2206.890,0.038,0.072,0.023,0.000
TARGET643,-7567.293,2895.158,1595.005,0.037,0.066,0.021,0.000
TARGET644,-7040.292,2588.571,1963.896,0.038,0.072,0.022,0.000
TARGET645,-7869.340,3128.485,1149.264,0.029,0.063,0.020,0.000
TARGET646,-7632.696,2997.026,1315.570,0.027,0.056,0.019,0.000
TARGET647,-7338.665,2831.747,1516.513,0.035,0.065,0.021,0.000
TARGET648,-5133.077,1650.342,2313.542,0.030,0.072,0.027,0.000
TARGET649,-6374.081,2876.076,-138.409,0.020,0.049,0.020,0.000
TARGET650,-7732.265,3553.033,-843.588,0.023,0.064,0.020,0.000
TARGET651,-7513.084,3537.898,-1163.544,0.023,0.077,0.021,0.000
TARGET652,-7342.637,3525.923,-1424.834,0.022,0.070,0.022,0.000
TARGET653,-7128.388,3505.738,-1746.954,0.022,0.070,0.023,0.000
TARGET654,-6955.996,3487.383,-2010.733,0.021,0.071,0.025,0.000
TARGET655,-6744.578,3460.324,-2330.927,0.021,0.072,0.027,0.000
TARGET656,-6576.899,3438.111,-2598.150,0.020,0.071,0.028,0.000
TARGET657,-6366.713,3404.547,-2921.304,0.020,0.072,0.030,0.000
TARGET658,-6200.916,3376.626,-3187.126,0.020,0.075,0.032,0.000
TARGET659,-5916.534,3264.479,-3225.603,0.019,0.070,0.032,0.000
TARGET660,-5994.963,3336.925,-3511.081,0.020,0.077,0.036,0.000
TARGET661,-5831.149,3303.906,-3780.619,0.022,0.079,0.040,0.000
TARGET662,-8928.572,3563.692,887.157,0.031,0.066,0.018,0.000
TARGET663,-8628.145,3407.368,1099.528,0.030,0.066,0.019,0.000
TARGET664,-8634.763,3473.861,855.011,0.030,0.066,0.019,0.000
TARGET665,-8703.852,3569.174,571.691,0.029,0.067,0.018,0.000
TARGET666,-8526.226,3572.400,314.002,0.028,0.070,0.019,0.000
TARGET667,-8226.152,3415.944,528.301,0.027,0.070,0.019,0.000
TARGET668,-6924.926,-395.401,-5679.880,0.047,0.036,0.102,0.000
TARGET669,-7825.960,3412.220,-50.561,0.027,0.069,0.020,0.000
TARGET670,-7834.202,3471.860,-298.677,0.025,0.066,0.020,0.000
TARGET671,-7606.061,3406.281,-378.234,0.026,0.064,0.020,0.000
TARGET672,-7369.311,3280.806,-210.737,0.025,0.062,0.020,0.000
TARGET673,-7430.885,3396.638,-631.401,0.024,0.063,0.020,0.000
TARGET674,-7443.469,3454.067,-879.323,0.024,0.065,0.021,0.000
TARGET675,-7193.272,3272.449,-471.371,0.022,0.064,0.020,0.000
TARGET676,-7214.646,3384.583,-959.795,0.022,0.067,0.021,0.000
TARGET678,-6905.538,3169.772,-507.267,0.022,0.061,0.020,0.000
TARGET679,-6976.604,3258.173,-791.170,0.021,0.064,0.020,0.000
TARGET680,-7041.914,3370.107,-1213.504,0.022,0.068,0.022,0.000
TARGET681,-7054.104,3423.567,-1462.422,0.022,0.070,0.023,0.000
TARGET682,-6804.219,3245.675,-1053.444,0.020,0.064,0.020,0.000
TARGET683,-6828.169,3351.773,-1544.174,0.022,0.070,0.024,0.000
TARGET684,-6589.490,3224.885,-1373.348,0.020,0.066,0.022,0.000
TARGET685,-6656.745,3331.683,-1797.179,0.021,0.069,0.025,0.000
TARGET686,-6668.915,3381.308,-2045.913,0.022,0.071,0.027,0.000
TARGET687,-6418.167,3206.838,-1637.667,0.020,0.066,0.024,0.000
TARGET688,-6444.824,3306.509,-2128.902,0.020,0.069,0.027,0.000
TARGET689,-6132.910,3097.831,-1674.744,0.020,0.065,0.024,0.000
TARGET690,-6206.755,3180.350,-1960.206,0.020,0.067,0.026,0.000
TARGET691,-6276.129,3282.166,-2385.527,0.021,0.071,0.030,0.000
TARGET692,-6290.849,3329.088,-2635.500,0.020,0.070,0.028,0.000
TARGET693,-6038.730,3158.067,-2227.498,0.020,0.067,0.027,0.000
TARGET694,-6067.634,3250.912,-2718.710,0.020,0.070,0.030,0.000
TARGET695,-5754.124,3045.457,-2265.309,0.020,0.066,0.028,0.000
TARGET696,-5828.966,3124.453,-2550.481,0.020,0.068,0.029,0.000
TARGET697,-5900.555,3221.022,-2975.139,0.019,0.069,0.030,0.000
TARGET698,-5662.822,3096.359,-2815.313,0.020,0.068,0.031,0.000
TARGET699,-5379.850,2980.592,-2855.329,0.020,0.069,0.031,0.000
TARGET700,-5529.907,3147.899,-3569.052,0.020,0.074,0.036,0.000
TARGET701,-5159.094,2896.664,-2939.209,0.021,0.069,0.033,0.000
TARGET702,-5293.387,3023.108,-3405.850,0.023,0.084,0.038,0.000
TARGET703,-4995.337,2861.628,-3195.724,0.024,0.080,0.038,0.000
TARGET704,-5090.284,2976.746,-3732.406,0.023,0.079,0.040,0.000
TARGET705,-4792.784,2816.673,-3531.996,0.023,0.080,0.038,0.000
TARGET706,-7588.873,3288.113,109.671,0.025,0.066,0.019,0.000
TARGET707,-7580.927,3645.746,-1587.442,0.023,0.075,0.022,0.000
TARGET708,-7669.571,3775.563,-2120.902,0.025,0.084,0.025,0.000
TARGET709,-7367.862,3627.564,-1917.584,0.023,0.076,0.024,0.000
TARGET710,-6815.474,3558.029,-2759.533,0.021,0.082,0.029,0.000
TARGET711,-5695.190,3183.011,-3309.096,0.021,0.074,0.035,0.000
TARGET712,-5364.731,2934.799,-2605.173,0.021,0.069,0.032,0.000
TARGET713,-5455.666,3056.291,-3141.123,0.021,0.073,0.035,0.000
TARGET714,-5328.256,3103.405,-3904.101,0.022,0.086,0.040,0.000
TARGET715,-2936.027,1447.974,-1013.204,0.027,0.036,0.033,0.000
TARGET716,-8529.114,3990.735,-1628.367,0.032,0.110,0.024,0.000
TARGET717,-7884.699,3796.517,-1800.543,0.028,0.122,0.026,0.000
TARGET718,-7593.976,3696.808,-1835.034,0.026,0.120,0.025,0.000
TARGET719,-8045.539,4017.540,-2760.763,0.033,0.160,0.038,0.000
TARGET720,-7498.232,3757.424,-2384.416,0.030,0.160,0.033,0.000
TARGET721,-7195.812,3607.550,-2171.861,0.025,0.122,0.028,0.000
TARGET722,-6441.358,3497.094,-3349.024,0.023,0.129,0.041,0.000
TARGET723,-6535.943,3606.683,-3886.776,0.024,0.136,0.049,0.000
TARGET724,-6234.106,3458.587,-3681.714,0.023,0.130,0.045,0.000
TARGET725,-5548.374,3188.321,-3818.912,0.022,0.085,0.039,0.000
TARGET726,-5627.993,3257.527,-4105.308,0.023,0.097,0.044,0.000
TARGET727,-7353.637,-6113.734,-2910.507,0.037,0.036,0.048,0.000
TARGET728,-6895.988,-6173.220,-2913.127,0.035,0.038,0.050,0.000
TARGET729,-6742.828,-6174.704,-2890.115,0.035,0.041,0.055,0.000
TARGET730,-6606.675,3526.378,-3091.752,0.024,0.163,0.043,0.000
TARGET731,-7764.942,3289.927,370.564,0.027,0.068,0.020,0.000
TARGET733,-7262.138,-6105.909,-2918.465,0.048,0.056,0.064,0.000
TARGET734,-6472.897,-6182.419,-2841.339,0.045,0.069,0.065,0.000
TARGET735,-6410.406,-6228.298,-2795.992,0.041,0.046,0.069,0.000
TARGET736,-6111.708,-6261.869,-2653.040,0.050,0.058,0.098,0.000
TARGET737,-11218.610,6.440,564.224,0.091,0.089,0.051,0.000
TARGET739,-11596.005,1401.557,-1463.860,0.067,0.093,0.036,0.000
TARGET740,-7466.942,3130.149,573.133,0.029,0.071,0.022,0.000
TARGET741,-7695.405,3194.380,653.321,0.030,0.072,0.022,0.000
TARGET742,-7689.020,3128.921,899.012,0.029,0.070,0.021,0.000
TARGET743,-9066.754,3841.489,-59.048,0.033,0.087,0.020,0.000
TARGET744,-8716.729,483.373,-5135.852,0.123,0.117,0.095,0.000
TARGET746,-6984.360,3582.445,-2503.345,0.024,0.123,0.030,0.000
TARGET747,-8919.620,4008.560,-1047.307,0.043,0.157,0.024,0.000
TARGET748,-8993.387,4089.693,-1333.520,0.032,0.094,0.022,0.000
TARGET749,-8690.014,3947.851,-1126.857,0.038,0.146,0.022,0.000
TARGET750,-8273.433,3822.829,-1217.996,0.034,0.145,0.022,0.000
TARGET751,-6989.796,3775.327,-3835.595,0.038,0.043,0.059,0.000
TARGET752,-8534.165,-6488.876,729.345,0.165,0.064,0.029,0.000
TARGET753,-8545.856,-6510.168,708.570,0.178,0.072,0.032,0.000
TARGET754,-8547.152,-6503.384,733.972,0.178,0.072,0.032,0.000
TARGET755,-8540.769,-6499.803,719.498,0.158,0.062,0.029,0.000
TARGET756,-8332.763,-6085.559,677.849,0.134,0.053,0.027,0.000
TARGET758,-8820.391,4082.464,-1593.732,0.048,0.194,0.025,0.000
TARGET759,-9213.291,4097.623,-1015.500,0.047,0.161,0.024,0.000
TARGET760,-8138.929,3960.229,-2210.621,0.043,0.219,0.034,0.000
TARGET761,-7911.148,3892.669,-2291.873,0.042,0.236,0.035,0.000
TARGET762,-9219.101,3951.273,-528.699,0.060,0.223,0.023,0.000
TARGET764,-6998.084,3776.228,-3823.058,0.035,0.038,0.047,0.000
TARGET765,-6743.941,3646.689,-3562.223,0.024,0.229,0.063,0.000
TARGET766,-6908.792,3674.442,-3296.150,0.027,0.246,0.060,0.000
TARGET767,-7151.970,3791.967,-3468.168,0.029,0.234,0.061,0.000
TARGET768,-7359.657,3823.844,-3135.552,0.032,0.232,0.053,0.000
TARGET769,-7529.235,3848.046,-2877.683,0.035,0.233,0.049,0.000
TARGET770,-7376.713,3866.068,-3385.180,0.033,0.237,0.060,0.000
TARGET771,-8214.991,4034.798,-2496.745,0.042,0.213,0.039,0.000
TARGET772,-8429.178,4055.454,-2176.178,0.048,0.221,0.034,0.000
TARGET773,-8604.726,4069.502,-1913.513,0.037,0.148,0.027,0.000
TARGET774,-6457.365,3537.378,-3598.993,0.024,0.161,0.050,0.000
TARGET775,-7118.229,3707.675,-2971.762,0.027,0.158,0.040,0.000
TARGET776,-7740.803,3873.282,-2547.132,0.036,0.220,0.042,0.000
TARGET777,-8126.558,3912.146,-1961.480,0.047,0.239,0.031,0.000
TARGET778,-7755.474,3918.345,-2796.606,0.041,0.245,0.048,0.000
TARGET779,-7833.155,3989.983,-3083.014,0.044,0.252,0.056,0.000
TARGET780,-7664.572,3967.235,-3348.158,0.041,0.254,0.062,0.000
TARGET782,-8934.856,1084.936,-5404.143,0.113,0.301,0.178,0.000
TARGET783,-7209.449,3654.606,-2420.138,0.030,0.230,0.040,0.000
TARGET784,-6831.210,3602.274,-3009.565,0.026,0.233,0.053,0.000
TARGET785,-7287.126,3730.913,-2706.815,0.031,0.236,0.046,0.000
TARGET786,-7456.400,3934.200,-3672.139,0.041,0.280,0.074,0.000
TARGET787,-7002.486,-6114.061,-2941.440,0.070,0.089,0.094,0.000
TARGET788,-10228.430,2480.259,1064.735,0.501,0.125,0.044,0.000
TARGET790,-8931.863,1104.158,-5431.823,0.112,0.297,0.174,0.000
TARGET791,-8225.376,-5980.031,-2580.249,0.110,0.064,0.124,0.000
TARGET792,-8698.643,456.064,-5123.292,0.122,0.109,0.090,0.000
TARGET795,-8142.194,2004.774,-6034.217,0.288,0.115,0.212,0.000
TARGET797,-9690.992,-5388.299,-919.654,0.293,0.178,0.189,0.000
TARGET798,-6953.609,3776.035,-3814.442,0.127,0.116,0.225,0.000
TARGET800,-11759.096,2269.450,-460.915,0.252,0.113,0.112,0.000
TARGET805,-11775.649,2301.269,-468.617,0.284,0.112,0.125,0.000
TARGET806,-11933.725,2336.903,-534.961,0.231,0.106,0.103,0.000
TARGET807,-9120.186,-5890.644,-1061.057,0.413,0.339,0.087,0.000
TARGET812,-9197.133,-5742.148,-623.878,0.633,0.508,0.093,0.000
TARGET813,-6997.224,3849.853,-3851.962,0.071,0.628,0.169,0.000
TARGET822,-11517.160,1289.845,-1453.317,0.233,0.350,0.054,0.000
TARGET825,-8984.900,1147.321,-5473.908,0.039,0.057,0.051,0.000
TARGET832,-7770.264,-6047.786,-2809.845,0.059,0.050,0.041,0.000
TARGET833,-6684.357,-1990.705,-5524.910,0.114,0.079,0.305,0.000
TARGET835,-6254.730,-6238.012,-2729.359,0.111,0.211,0.237,0.000
TARGET837,-7176.379,-5019.407,-4679.755,0.311,0.188,0.204,0.000
TARGET843,-9770.953,-5426.936,-810.181,0.290,0.233,0.182,0.000
TARGET847,-8139.965,-6111.885,808.847,0.342,0.113,0.056,0.000
TARGET852,-6904.949,3707.127,-3698.250,0.237,0.212,0.420,0.000
TARGET853,-9626.327,-5378.914,-823.237,0.337,0.207,0.214,0.000
TARGET861,-10065.453,-4221.312,-84.416,0.247,0.161,0.032,0.000
TARGET862,-10050.417,-4216.443,-81.291,0.252,0.163,0.033,0.000
TARGET866,-10788.411,3291.824,-3899.109,0.330,0.147,0.234,0.000
TARGET867,-10028.290,-4216.755,-103.409,0.308,0.208,0.042,0.000
TARGET868,-11601.307,1403.500,-1449.230,0.052,0.067,0.025,0.000
TARGET870,-9018.662,-5893.713,-1555.039,0.182,0.188,0.113,0.000
TARGET872,-8544.072,-6495.114,746.956,0.178,0.072,0.032,0.000
TARGET893,-6979.582,3793.142,-3835.887,0.032,0.040,0.049,0.000
TARGET894,-8910.644,1118.951,-5410.107,0.144,0.124,0.183,0.000
TARGET906,-9140.387,-5692.166,-630.434,0.067,0.046,0.036,0.000
TARGET914,-10795.481,3309.179,-3888.156,0.383,0.158,0.264,0.000
TARGET927,-6680.967,-1989.706,-5484.267,0.050,0.036,0.125,0.000
TARGET944,-9142.186,-5722.417,-616.486,0.069,0.049,0.032,0.000
TARGET961,-6654.819,-2014.452,-5465.294,0.043,0.028,0.096,0.000
