CODE1,-3642.371,-9215.432,3862.896,0.024,0.030,0.018,0.000
CODE2,-4629.778,-8807.982,5712.890,0.094,0.076,0.039,0.000
CODE3,244.792,-8572.458,3762.205,0.014,0.026,0.034,0.000
CODE4,-5559.436,-5648.209,6804.043,0.092,0.035,0.046,0.000
CODE5,-5459.868,-4104.713,4659.043,0.045,0.028,0.031,0.000
CODE6,-5437.342,-2610.234,2515.170,0.048,0.034,0.033,0.000
CODE7,-5851.304,-2972.012,5450.274,0.072,0.029,0.041,0.000
CODE8,1914.228,-4005.933,8158.526,0.063,0.027,0.063,0.000
CODE9,1934.694,-2482.006,5993.534,0.045,0.022,0.041,0.000
CODE10,1598.033,-1501.453,6674.698,0.051,0.027,0.052,0.000
CODE11,2032.313,-910.001,3791.390,0.039,0.026,0.026,0.000
CODE12,2765.301,-7742.723,4992.464,0.025,0.026,0.018,0.000
CODE13,-2893.685,-8616.995,2923.003,0.018,0.023,0.025,0.000
CODE16,-3466.321,-3643.536,157.193,0.018,0.021,0.020,0.000
CODE18,-3323.879,-3456.438,180.416,0.029,0.016,0.035,0.000
CODE25,-2177.626,-9521.281,3702.023,0.022,0.030,0.024,0.000
CODE26,1655.168,-8700.983,4424.627,0.049,0.037,0.050,0.000
CODE28,-2718.837,-8608.448,3126.003,0.025,0.057,0.019,0.000
CODE29,-3315.015,-3446.353,255.713,0.021,0.027,0.037,0.000
CODE30,1304.809,-2453.721,1079.057,0.021,0.020,0.037,0.000
CODE31,1902.372,-7618.616,3949.280,0.019,0.060,0.020,0.000
CODE33,-4337.641,-3351.315,8246.009,0.032,0.031,0.044,0.000
CODE34,-4321.740,-3320.646,8256.062,0.085,0.027,0.063,0.000
CODE35,-2970.614,-8434.416,6801.719,0.071,0.063,0.044,0.000
CODE36,-3002.566,-8418.579,6801.081,0.030,0.085,0.086,0.000
CODE39,844.732,-7592.653,7489.773,0.029,0.089,0.088,0.000
CODE40,829.348,-7621.412,7477.524,0.060,0.033,0.053,0.000
CODE41,-523.463,-2510.906,8933.564,0.044,0.031,0.072,0.000
CODE42,-491.568,-2526.759,8932.599,0.035,0.041,0.054,0.000
CODE49,844.020,-2980.980,9053.425,0.088,0.032,0.122,0.000
CODE50,-5349.202,-4311.402,7950.620,0.113,0.033,0.078,0.000
CODE52,1051.954,-7427.314,3610.407,0.012,0.020,0.014,0.000
CODE53,1852.230,-6803.198,7965.206,0.085,0.037,0.076,0.000
CODE54,-2020.689,-8088.439,3066.528,0.013,0.019,0.014,0.000
CODE55,-5261.600,-3832.891,8199.667,0.023,0.018,0.040,0.000
CODE56,568.999,-2620.642,9226.032,0.021,0.019,0.042,0.000
CODE57,2747.142,-7102.951,7105.606,0.083,0.044,0.062,0.000
CODE58,605.941,-36.290,1304.551,0.022,0.030,0.021,0.000
CODE59,-52.383,1224.445,2182.796,0.027,0.044,0.026,0.000
CODE62,-2699.232,-7960.496,2867.285,0.014,0.019,0.016,0.000
CODE63,-2837.671,-6832.176,2156.522,0.013,0.016,0.013,0.000
CODE64,-372.886,-7397.602,3145.996,0.011,0.018,0.013,0.000
CODE65,613.329,-2955.225,1149.005,0.013,0.013,0.010,0.000
CODE66,1804.676,-3354.274,1725.845,0.016,0.014,0.013,0.000
CODE67,-2463.629,-3598.917,590.523,0.012,0.011,0.011,0.000
CODE68,-3102.943,-4539.308,895.228,0.012,0.012,0.011,0.000
CODE73,-3562.519,-99.675,578.532,0.046,0.025,0.022,0.000
CODE75,-3650.775,-2598.876,8745.783,0.020,0.018,0.042,0.000
CODE79,499.869,-146.122,917.817,0.033,0.022,0.018,0.000
CODE80,371.508,255.090,1182.581,0.046,0.031,0.021,0.000
CODE81,-2676.180,-1812.953,-304.889,0.031,0.023,0.023,0.000
CODE82,-3054.449,-1318.433,-263.591,0.029,0.020,0.018,0.000
CODE84,-3629.414,-627.482,539.595,0.045,0.023,0.021,0.000
CODE86,-3373.896,-856.569,-53.725,0.127,0.079,0.050,0.000
CODE87,-523.137,-1863.495,-300.589,0.035,0.042,0.021,0.000
CODE88,390.473,-987.295,332.302,0.035,0.019,0.017,0.000
CODE89,178.509,-1332.537,92.436,0.031,0.019,0.016,0.000
CODE90,-1062.928,-1829.405,-587.372,0.020,0.021,0.019,0.000
CODE92,-2809.248,-1450.801,-462.513,0.094,0.101,0.035,0.000
CODE97,553.255,-8992.792,7651.788,0.022,0.037,0.034,0.000
CODE98,-2028.227,-9570.049,7176.810,0.020,0.042,0.036,0.000
CODE99,-671.277,-9476.056,6776.107,0.016,0.031,0.024,0.000
CODE100,-4544.552,-7831.171,4079.184,0.041,0.037,0.020,0.000
CODE101,-4677.359,-6389.681,3071.955,0.025,0.021,0.017,0.000
CODE102,-4642.340,-5483.982,1804.730,0.030,0.023,0.019,0.000
CODE103,2785.217,-6000.989,5555.992,0.026,0.022,0.020,0.000
CODE104,2722.370,-4767.191,4400.055,0.024,0.018,0.016,0.000
CODE105,2753.071,-3860.972,3129.689,0.025,0.016,0.013,0.000
CODE106,934.072,-1197.041,492.453,0.018,0.016,0.017,0.000
CODE107,2363.307,-1238.455,2365.814,0.040,0.022,0.019,0.000
CODE108,-5216.742,-2785.472,1495.698,0.039,0.028,0.027,0.000
CODE109,-3295.019,-2107.369,-262.451,0.019,0.029,0.031,0.000
CODE110,-4674.047,-9450.713,7198.875,0.028,0.042,0.036,0.000
CODE111,-5836.182,-3124.493,8316.735,0.032,0.022,0.058,0.000
CODE112,672.521,-1698.615,9498.778,0.029,0.026,0.071,0.000
CODE113,-306.767,-2391.195,9201.082,0.021,0.020,0.050,0.000
CODE114,-1600.219,-2143.616,9123.920,0.019,0.019,0.045,0.000
CODE115,969.608,-7984.959,7587.869,0.015,0.030,0.029,0.000
CODE116,1830.863,-7329.242,7888.697,0.020,0.030,0.035,0.000
CODE117,-3067.047,-8811.661,6880.673,0.017,0.025,0.022,0.000
CODE118,-4098.513,-8549.389,6849.517,0.020,0.029,0.028,0.000
CODE119,-4653.199,-3299.632,8434.554,0.021,0.018,0.045,0.000
CODE121,-544.947,1622.697,-1430.390,0.018,0.026,0.019,0.000
CODE122,-857.429,573.534,-2176.933,0.017,0.023,0.023,0.000
CODE123,-1550.085,401.192,-2315.305,0.017,0.023,0.025,0.000
CODE124,-2524.557,1165.489,-1801.742,0.019,0.026,0.023,0.000
CODE127,-3764.079,423.466,-2080.804,0.064,0.031,0.050,0.000
CODE128,-4039.022,134.861,-1462.441,0.066,0.028,0.038,0.000
CODE129,-4116.917,357.218,-1303.353,0.067,0.029,0.037,0.000
CODE133,438.959,-680.499,913.031,0.020,0.019,0.019,0.000
CODE134,295.471,-1148.226,577.872,0.018,0.015,0.018,0.000
CODE135,2860.649,-5351.863,3993.080,0.033,0.020,0.017,0.000
CODE136,3022.094,-5819.506,3661.602,0.035,0.021,0.016,0.000
CODE137,-4292.197,-7315.665,2413.783,0.028,0.023,0.018,0.000
CODE138,-4454.404,-6854.892,2750.949,0.024,0.021,0.017,0.000
CODE147,-1256.287,652.855,-2189.107,0.016,0.023,0.022,0.000
CODE148,-1759.778,2020.272,-1238.121,0.018,0.032,0.022,0.000
CODE150,-3035.408,1008.906,-1683.991,0.036,0.028,0.029,0.000
CODE153,-385.813,1323.569,-1636.340,0.018,0.024,0.019,0.000
CODE154,-918.924,1872.527,-1320.690,0.018,0.027,0.019,0.000
CODE155,-3896.268,210.831,-1277.338,0.061,0.027,0.035,0.000
CODE156,-2615.183,525.419,-1996.001,0.066,0.026,0.048,0.000
CODE159,-501.983,1000.665,-1922.376,0.018,0.024,0.021,0.000
CODE160,-2149.904,813.419,-2097.680,0.017,0.024,0.023,0.000
CODE161,-4043.753,183.400,-419.223,0.061,0.026,0.026,0.000
CODE166,-4049.085,-369.415,-801.847,1.439,0.568,0.048,0.000
CODE167,-2410.762,1532.931,-1596.675,0.020,0.030,0.023,0.000
CODE168,-3769.902,938.438,-1734.686,0.075,0.040,0.048,0.000
CODE193,-200.073,872.943,-1682.648,0.108,0.054,0.046,0.000
CODE194,966.342,1327.080,-1330.609,0.060,0.044,0.029,0.000
CODE195,955.239,942.773,-624.448,0.057,0.038,0.022,0.000
CODE197,-3278.424,-1306.116,-26.358,0.038,0.023,0.020,0.000
CODE199,-98.026,1147.541,-1494.113,0.082,0.051,0.032,0.000
CODE200,1042.870,1108.872,-1486.889,0.058,0.041,0.030,0.000
CODE201,1031.544,857.512,-938.530,0.058,0.037,0.025,0.000
CODE205,226.476,1003.260,-1489.688,0.025,0.026,0.023,0.000
CODE206,628.927,1626.652,-1045.692,0.042,0.046,0.027,0.000
CODE207,1195.690,752.350,-664.500,0.095,0.044,0.025,0.000
CODE210,-2206.546,-1727.482,-643.614,0.052,0.089,0.022,0.000
CODE211,148.709,1246.680,-1321.230,0.023,0.027,0.021,0.000
CODE212,254.401,1540.582,-1113.797,0.029,0.033,0.022,0.000
CODE213,1282.898,546.956,-918.666,0.103,0.040,0.029,0.000
CODE214,1256.256,-19.047,-98.094,0.301,0.123,0.065,0.000
CODE215,1122.297,307.058,275.940,0.088,0.035,0.023,0.000
CODE216,-3074.627,-1240.289,-319.243,0.112,0.092,0.039,0.000
CSB-045-1,482.234,-542.592,1003.261,0.022,0.020,0.020,0.000
CSB-045-2,473.090,-573.254,981.290,0.027,0.022,0.024,0.000
CSB-045-3,463.562,-604.494,958.978,0.024,0.023,0.024,0.000
CSB-045-4,454.145,-635.565,936.685,0.022,0.020,0.021,0.000
CSB-045-5,284.420,-1188.240,540.445,0.024,0.028,0.033,0.000
CSB-045-6,275.345,-1218.655,518.453,0.033,0.038,0.047,0.000
CSB-045-7,265.716,-1249.138,496.657,0.028,0.028,0.036,0.000
CSB-045-8,256.296,-1280.880,473.992,0.025,0.023,0.030,0.000
CSB-045-9,2823.051,-5221.014,4089.104,0.048,0.022,0.021,0.000
CSB-045-10,2833.576,-5251.581,4067.527,0.029,0.020,0.017,0.000
CSB-045-11,2844.153,-5282.395,4045.572,0.039,0.021,0.019,0.000
CSB-045-12,2854.686,-5312.747,4023.973,0.026,0.019,0.016,0.000
CSB-045-13,3044.686,-5862.598,3633.741,0.029,0.020,0.015,0.000
CSB-045-14,3055.209,-5893.242,3611.955,0.110,0.027,0.024,0.000
CSB-045-15,3065.814,-5924.307,3590.384,0.063,0.025,0.022,0.000
CSB-045-16,3076.313,-5954.708,3568.299,0.207,0.031,0.030,0.000
CSB-045-17,-4252.797,-7450.097,2317.801,0.032,0.025,0.022,0.000
CSB-045-18,-4263.474,-7419.162,2339.435,0.040,0.027,0.024,0.000
CSB-045-19,-4274.110,-7389.299,2361.820,0.033,0.024,0.023,0.000
CSB-045-20,-4284.815,-7359.088,2383.879,0.033,0.024,0.022,0.000
CSB-045-21,-4476.401,-6814.239,2782.255,0.023,0.021,0.016,0.000
CSB-045-22,-4487.115,-6784.172,2804.965,0.029,0.022,0.019,0.000
CSB-045-23,-4497.835,-6753.603,2827.165,0.026,0.021,0.018,0.000
CSB-045-24,-4508.492,-6723.423,2849.682,0.024,0.020,0.017,0.000
NUGGET133_1,456.552,-671.488,920.107,0.020,0.019,0.019,0.000
NUGGET133_5,458.089,-684.317,911.003,0.019,0.019,0.019,0.000
NUGGET133_15,434.376,-692.697,904.259,0.020,0.018,0.019,0.000
NUGGET133_A,453.037,-700.352,899.500,0.019,0.018,0.019,0.000
NUGGET133_B,424.088,-676.573,915.161,0.020,0.019,0.019,0.000
NUGGET133_C,427.794,-664.788,923.633,0.020,0.019,0.019,0.000
NUGGET133_D,442.154,-668.166,921.878,0.020,0.019,0.019,0.000
NUGGET134_2,318.350,-1140.175,584.314,0.018,0.015,0.018,0.000
NUGGET134_5,314.509,-1151.924,575.848,0.019,0.016,0.019,0.000
NUGGET134_15,290.934,-1160.337,569.152,0.018,0.015,0.018,0.000
NUGGET134_A,309.612,-1168.011,564.342,0.019,0.016,0.019,0.000
NUGGET134_B,280.625,-1144.269,580.107,0.018,0.015,0.018,0.000
NUGGET134_C,284.245,-1132.578,588.467,0.019,0.017,0.020,0.000
NUGGET134_D,298.658,-1135.828,586.750,0.018,0.015,0.018,0.000
NUGGET135_1,2856.007,-5347.969,4013.250,0.033,0.020,0.017,0.000
NUGGET135_6,2861.092,-5367.257,4006.223,0.033,0.020,0.017,0.000
NUGGET135_15,2864.747,-5363.789,3983.777,0.033,0.020,0.017,0.000
NUGGET135_A,2864.958,-5378.896,3997.891,0.033,0.020,0.017,0.000
NUGGET135_B,2861.142,-5342.258,3980.876,0.033,0.020,0.017,0.000
NUGGET135_C,2857.303,-5330.534,3989.130,0.033,0.020,0.017,0.000
NUGGET135_D,2856.646,-5339.200,4001.164,0.033,0.020,0.017,0.000
NUGGET136_2,3017.096,-5818.829,3686.155,0.035,0.021,0.016,0.000
NUGGET136_6,3022.640,-5834.739,3674.896,0.035,0.021,0.016,0.000
NUGGET136_15,3026.401,-5831.352,3652.390,0.036,0.021,0.016,0.000
NUGGET136_A,3026.618,-5846.430,3666.569,0.037,0.021,0.016,0.000
NUGGET136_B,3022.547,-5809.865,3649.414,0.036,0.021,0.016,0.000
NUGGET136_C,3018.437,-5798.137,3657.717,0.037,0.021,0.016,0.000
NUGGET136_D,3017.928,-5806.937,3669.710,0.035,0.021,0.016,0.000
NUGGET137_3,-4290.071,-7332.108,2419.528,0.028,0.023,0.018,0.000
NUGGET137_6,-4294.454,-7323.678,2432.190,0.030,0.024,0.018,0.000
NUGGET137_15,-4296.450,-7303.285,2422.022,0.028,0.023,0.018,0.000
NUGGET137_A,-4298.465,-7312.023,2440.530,0.028,0.023,0.018,0.000
NUGGET137_B,-4291.425,-7307.123,2400.864,0.028,0.023,0.018,0.000
NUGGET137_C,-4287.422,-7318.836,2392.534,0.028,0.023,0.018,0.000
NUGGET137_D,-4287.983,-7327.451,2404.512,0.030,0.024,0.018,0.000
NUGGET138_4,-4452.488,-6874.550,2761.007,0.025,0.021,0.017,0.000
NUGGET138_6,-4456.576,-6862.973,2769.436,0.025,0.021,0.017,0.000
NUGGET138_15,-4458.615,-6842.302,2759.245,0.024,0.021,0.017,0.000
NUGGET138_A,-4460.683,-6851.254,2777.920,0.024,0.021,0.017,0.000
NUGGET138_B,-4453.650,-6846.074,2738.045,0.024,0.021,0.017,0.000
NUGGET138_C,-4449.561,-6857.669,2729.557,0.024,0.021,0.017,0.000
NUGGET138_D,-4450.153,-6866.540,2741.544,0.024,0.021,0.017,0.000
TARGET1,-2538.956,1217.638,-1734.607,0.019,0.028,0.024,0.000
TARGET2,-562.532,1669.055,-1366.906,0.018,0.026,0.019,0.000
TARGET3,-878.356,607.406,-2123.572,0.017,0.023,0.023,0.000
TARGET4,-1567.785,449.773,-2251.767,0.017,0.023,0.025,0.000
TARGET5,-2631.881,-8280.243,6891.804,0.015,0.021,0.020,0.000
TARGET6,-3255.853,-7867.222,6958.047,0.015,0.019,0.021,0.000
TARGET7,-1482.219,-8423.185,6979.072,0.015,0.023,0.021,0.000
TARGET8,-378.035,-7956.215,7261.344,0.014,0.024,0.023,0.000
TARGET9,-229.353,-7768.222,7342.943,0.014,0.024,0.024,0.000
TARGET10,-606.264,-7854.968,7281.021,0.014,0.023,0.023,0.000
TARGET11,-8.690,-7412.906,7488.562,0.014,0.023,0.024,0.000
TARGET12,-686.206,-7561.238,7383.104,0.014,0.022,0.023,0.000
TARGET13,-987.749,-7630.109,7330.755,0.014,0.022,0.023,0.000
TARGET14,-559.418,-7303.670,7487.114,0.014,0.022,0.024,0.000
TARGET15,-110.453,-7052.555,7610.209,0.014,0.021,0.024,0.000
TARGET16,-1360.812,-7707.066,7265.430,0.014,0.021,0.021,0.000
TARGET17,-408.487,-7115.926,7566.047,0.013,0.020,0.023,0.000
TARGET18,-1663.590,-7772.329,7208.361,0.014,0.021,0.021,0.000
TARGET19,-787.466,-7201.666,7504.376,0.013,0.020,0.022,0.000
TARGET20,-1235.281,-7449.482,7373.027,0.014,0.020,0.022,0.000
TARGET21,-188.044,-6759.262,7706.875,0.013,0.019,0.023,0.000
TARGET22,-2035.229,-7848.647,7136.036,0.014,0.021,0.022,0.000
TARGET23,-1085.977,-7262.458,7455.245,0.014,0.020,0.022,0.000
TARGET24,-490.396,-6828.917,7660.172,0.013,0.019,0.022,0.000
TARGET25,-1463.730,-7347.805,7386.377,0.014,0.020,0.021,0.000
TARGET26,-1910.576,-7591.523,7247.005,0.014,0.020,0.021,0.000
TARGET27,-865.886,-6907.430,7601.316,0.013,0.019,0.022,0.000
TARGET28,-1761.006,-7405.997,7332.477,0.014,0.019,0.021,0.000
TARGET29,-1166.127,-6975.743,7549.352,0.013,0.018,0.021,0.000
TARGET30,-737.206,-6650.321,7701.399,0.013,0.018,0.022,0.000
TARGET31,-2709.420,-7986.818,6994.284,0.016,0.022,0.022,0.000
TARGET32,-2138.788,-7488.535,7257.123,0.014,0.019,0.021,0.000
TARGET33,-1539.603,-7054.345,7483.343,0.013,0.018,0.021,0.000
TARGET34,-1414.065,-6796.153,7587.146,0.013,0.017,0.021,0.000
TARGET35,-1843.289,-7118.994,7426.422,0.013,0.018,0.021,0.000
TARGET36,-2435.262,-7546.522,7197.546,0.014,0.019,0.021,0.000
TARGET37,-2213.813,-7193.625,7354.848,0.014,0.018,0.021,0.000
TARGET38,-2811.857,-7626.452,7115.678,0.015,0.019,0.021,0.000
TARGET39,-2088.859,-6936.400,7461.835,0.013,0.017,0.021,0.000
TARGET40,-2516.446,-7260.176,7291.344,0.014,0.018,0.021,0.000
TARGET41,-2888.298,-7332.788,7212.789,0.015,0.018,0.021,0.000
TARGET42,-2762.784,-7077.300,7322.982,0.014,0.017,0.021,0.000
TARGET43,-3188.873,-7396.008,7144.585,0.015,0.018,0.021,0.000
TARGET44,-3558.490,-7467.168,7059.238,0.017,0.020,0.023,0.000
TARGET45,-3106.598,-7683.948,7050.419,0.015,0.019,0.021,0.000
TARGET46,-3860.272,-7529.679,6984.629,0.017,0.020,0.024,0.000
TARGET47,-2337.311,-7912.780,7073.378,0.015,0.021,0.021,0.000
TARGET48,-3009.441,-8050.539,6925.861,0.016,0.021,0.022,0.000
TARGET49,-2584.498,-7732.220,7108.198,0.015,0.020,0.022,0.000
TARGET50,-3482.785,-7760.104,6962.146,0.016,0.020,0.022,0.000
TARGET51,859.224,-7596.866,7424.021,0.014,0.025,0.025,0.000
TARGET52,-130.572,-8131.911,7213.015,0.014,0.025,0.023,0.000
TARGET53,-503.302,-8212.752,7153.706,0.014,0.025,0.023,0.000
TARGET54,-808.304,-8278.433,7102.321,0.014,0.024,0.022,0.000
TARGET55,-1854.800,-8498.537,6906.940,0.015,0.024,0.022,0.000
TARGET56,-2156.778,-8562.852,6844.151,0.016,0.025,0.023,0.000
TARGET57,-1055.171,-8100.824,7147.646,0.014,0.023,0.021,0.000
TARGET58,-311.921,-7481.821,7442.126,0.014,0.023,0.024,0.000
TARGET59,-1957.704,-8140.770,7034.179,0.015,0.022,0.021,0.000
TARGET60,-3380.856,-8120.530,6840.519,0.017,0.022,0.022,0.000
TARGET61,-587.643,-6459.126,7778.743,0.013,0.018,0.023,0.000
TARGET62,-966.343,-6545.871,7716.778,0.013,0.018,0.022,0.000
TARGET63,-1263.382,-6607.062,7667.621,0.013,0.017,0.022,0.000
TARGET64,-1642.018,-6692.211,7598.758,0.013,0.017,0.021,0.000
TARGET65,-1938.031,-6749.895,7545.101,0.013,0.017,0.021,0.000
TARGET66,-2316.337,-6832.332,7469.800,0.014,0.017,0.022,0.000
TARGET67,-3434.842,-7212.678,7172.662,0.015,0.018,0.022,0.000
TARGET68,1544.972,-6363.037,7920.168,0.019,0.025,0.034,0.000
TARGET69,1297.286,-6185.961,7972.384,0.018,0.023,0.033,0.000
TARGET70,1169.447,-6449.706,7881.617,0.017,0.023,0.031,0.000
TARGET71,867.011,-6522.412,7846.180,0.016,0.023,0.030,0.000
TARGET72,947.827,-6807.317,7752.681,0.016,0.024,0.029,0.000
TARGET73,491.470,-6605.681,7800.838,0.015,0.022,0.028,0.000
TARGET74,797.142,-6998.444,7680.255,0.015,0.024,0.028,0.000
TARGET75,567.971,-6899.443,7703.994,0.015,0.023,0.027,0.000
TARGET76,1045.725,-7173.832,7628.524,0.016,0.025,0.028,0.000
TARGET77,269.441,-6963.574,7665.531,0.014,0.022,0.026,0.000
TARGET78,670.180,-7259.215,7582.434,0.014,0.024,0.026,0.000
TARGET79,119.220,-7152.979,7589.858,0.014,0.022,0.025,0.000
TARGET80,365.881,-7330.718,7541.127,0.015,0.024,0.026,0.000
TARGET81,91.260,-6307.434,7878.065,0.013,0.018,0.024,0.000
TARGET82,-61.520,-6498.274,7804.443,0.013,0.018,0.024,0.000
TARGET83,186.961,-6676.866,7759.651,0.014,0.021,0.025,0.000
TARGET84,-3291.293,-5092.829,7901.756,0.015,0.014,0.025,0.000
TARGET85,-3518.199,-4984.594,7898.940,0.015,0.015,0.026,0.000
TARGET86,-3140.895,-4904.141,7981.361,0.015,0.014,0.026,0.000
TARGET87,-3592.557,-4684.729,7975.983,0.016,0.015,0.028,0.000
TARGET88,-2844.155,-4845.940,8041.630,0.014,0.014,0.025,0.000
TARGET89,-2616.766,-4953.502,8040.759,0.014,0.014,0.025,0.000
TARGET90,-3220.596,-4610.972,8055.757,0.015,0.014,0.027,0.000
TARGET91,-3465.233,-4423.484,8071.847,0.016,0.014,0.028,0.000
TARGET92,-2918.122,-4547.287,8118.527,0.015,0.014,0.027,0.000
TARGET93,-2466.398,-4762.628,8117.235,0.014,0.014,0.026,0.000
TARGET94,-3762.900,-4012.169,8138.195,0.017,0.015,0.028,0.000
TARGET95,-3314.312,-4232.700,8149.247,0.016,0.014,0.028,0.000
TARGET96,-2545.946,-4470.356,8191.588,0.015,0.014,0.027,0.000
TARGET97,-3018.133,-4177.144,8208.913,0.015,0.014,0.028,0.000
TARGET98,-3392.034,-3937.954,8218.299,0.016,0.015,0.028,0.000
TARGET99,-2791.060,-4284.315,8211.180,0.015,0.014,0.027,0.000
TARGET100,-4338.536,-3310.137,8193.018,0.019,0.016,0.032,0.000
TARGET101,-2245.739,-4405.235,8248.336,0.014,0.014,0.027,0.000
TARGET102,-3089.941,-3876.290,8280.681,0.016,0.014,0.028,0.000
TARGET103,-2640.439,-4093.801,8284.653,0.015,0.014,0.027,0.000
TARGET104,-1790.767,-4620.059,8239.914,0.013,0.014,0.026,0.000
TARGET105,-3188.597,-3504.899,8363.812,0.016,0.015,0.029,0.000
TARGET106,-2718.350,-3797.947,8354.215,0.015,0.014,0.028,0.000
TARGET107,-2344.642,-4034.699,8339.170,0.014,0.014,0.027,0.000
TARGET108,-2962.375,-3612.295,8369.085,0.016,0.014,0.029,0.000
TARGET109,-1870.909,-4326.982,8314.534,0.014,0.014,0.027,0.000
TARGET110,-1496.069,-4559.606,8288.698,0.013,0.014,0.026,0.000
TARGET111,-2117.549,-4142.974,8337.189,0.014,0.014,0.027,0.000
TARGET112,-1268.306,-4664.551,8281.020,0.013,0.014,0.026,0.000
TARGET113,-3262.793,-3199.120,8429.962,0.017,0.015,0.031,0.000
TARGET114,-2416.801,-3733.665,8410.930,0.015,0.014,0.028,0.000
TARGET115,-2811.150,-3420.222,8439.915,0.015,0.014,0.029,0.000
TARGET116,-1569.443,-4258.053,8366.425,0.014,0.014,0.027,0.000
TARGET117,-1965.837,-3950.362,8407.561,0.014,0.014,0.028,0.000
TARGET118,-1115.775,-4472.517,8350.433,0.013,0.014,0.026,0.000
TARGET119,-2890.315,-3123.599,8503.081,0.016,0.015,0.031,0.000
TARGET120,-2515.207,-3362.581,8494.249,0.015,0.014,0.029,0.000
TARGET121,-2289.154,-3469.583,8495.605,0.015,0.014,0.029,0.000
TARGET122,-2044.796,-3655.618,8476.761,0.015,0.014,0.028,0.000
TARGET123,-1668.963,-3891.225,8456.232,0.014,0.014,0.028,0.000
TARGET124,-1440.525,-3994.705,8451.887,0.014,0.014,0.027,0.000
TARGET125,-2587.652,-3057.921,8560.412,0.016,0.015,0.031,0.000
TARGET126,-1194.298,-4178.194,8425.544,0.014,0.014,0.027,0.000
TARGET127,-816.839,-4408.911,8394.584,0.013,0.014,0.026,0.000
TARGET128,-2136.253,-3277.268,8562.805,0.015,0.014,0.030,0.000
TARGET129,-1741.583,-3588.982,8528.119,0.015,0.014,0.029,0.000
TARGET130,-588.208,-4513.420,8383.388,0.014,0.015,0.028,0.000
TARGET131,-2459.843,-2793.427,8640.270,0.016,0.016,0.033,0.000
TARGET132,-1288.913,-3802.465,8518.152,0.014,0.014,0.028,0.000
TARGET133,-2215.068,-2980.168,8626.280,0.016,0.015,0.031,0.000
TARGET134,-893.037,-4111.732,8470.609,0.014,0.014,0.028,0.000
TARGET135,-1840.990,-3217.213,8611.559,0.016,0.015,0.030,0.000
TARGET136,-1613.071,-3323.214,8609.487,0.015,0.015,0.030,0.000
TARGET137,-1367.341,-3507.223,8587.508,0.015,0.015,0.030,0.000
TARGET138,-2306.443,-2599.462,8704.516,0.017,0.017,0.035,0.000
TARGET139,-436.438,-4320.214,8449.051,0.014,0.015,0.028,0.000
TARGET140,-1913.836,-2911.610,8677.734,0.016,0.015,0.032,0.000
TARGET141,-991.410,-3740.926,8561.509,0.015,0.014,0.029,0.000
TARGET142,-39.054,-4624.138,8390.109,0.014,0.015,0.028,0.000
TARGET143,-765.125,-3846.028,8552.734,0.014,0.014,0.029,0.000
TARGET144,-1461.084,-3128.995,8672.980,0.016,0.015,0.031,0.000
TARGET145,-518.044,-4028.249,8523.103,0.014,0.014,0.028,0.000
TARGET146,-2011.690,-2538.932,8753.294,0.017,0.017,0.035,0.000
TARGET147,-1065.524,-3438.190,8633.051,0.015,0.015,0.031,0.000
TARGET148,-1784.163,-2645.384,8754.285,0.016,0.016,0.033,0.000
TARGET149,-1539.974,-2831.358,8736.503,0.016,0.016,0.033,0.000
TARGET150,-140.471,-4256.221,8486.999,0.014,0.015,0.029,0.000
TARGET151,-1165.349,-3066.702,8716.116,0.016,0.016,0.032,0.000
TARGET152,-611.286,-3651.193,8615.828,0.015,0.015,0.030,0.000
TARGET153,89.139,-4359.558,8472.405,0.014,0.015,0.029,0.000
TARGET154,-1631.858,-2450.952,8814.405,0.017,0.017,0.036,0.000
TARGET155,-936.305,-3172.176,8710.507,0.016,0.015,0.032,0.000
TARGET156,-212.762,-3955.851,8563.851,0.015,0.015,0.030,0.000
TARGET157,335.995,-4539.532,8435.461,0.014,0.015,0.028,0.000
TARGET158,-1236.600,-2763.277,8781.618,0.017,0.016,0.034,0.000
TARGET159,-689.667,-3356.233,8684.909,0.015,0.015,0.031,0.000
TARGET160,-1333.579,-2389.469,8857.494,0.017,0.017,0.035,0.000
TARGET161,-312.977,-3586.770,8653.806,0.015,0.015,0.030,0.000
TARGET162,-784.066,-2976.421,8770.348,0.016,0.016,0.033,0.000
TARGET163,240.837,-4165.087,8534.385,0.015,0.016,0.031,0.000
TARGET164,-1107.465,-2495.951,8854.371,0.017,0.016,0.034,0.000
TARGET165,-84.394,-3689.223,8642.092,0.015,0.015,0.030,0.000
TARGET166,-383.525,-3284.283,8725.183,0.016,0.016,0.032,0.000
TARGET167,-861.320,-2680.052,8833.444,0.017,0.016,0.035,0.000
TARGET168,161.134,-3871.216,8608.831,0.015,0.016,0.031,0.000
TARGET169,-953.416,-2299.713,8910.821,0.018,0.017,0.037,0.000
TARGET170,-483.871,-2912.953,8807.933,0.017,0.016,0.034,0.000
TARGET171,68.435,-3494.473,8700.899,0.018,0.017,0.035,0.000
TARGET172,540.972,-4097.071,8567.488,0.016,0.016,0.031,0.000
TARGET173,-254.935,-3016.251,8798.942,0.019,0.018,0.037,0.000
TARGET174,-8.546,-3198.224,8770.019,0.018,0.018,0.036,0.000
TARGET175,-492.975,-2485.450,8877.731,0.018,0.018,0.038,0.000
TARGET176,466.584,-3797.496,8643.478,0.017,0.017,0.033,0.000
TARGET177,770.255,-4199.727,8549.214,0.016,0.016,0.032,0.000
TARGET178,-102.991,-2819.716,8854.507,0.020,0.019,0.043,0.000
TARGET179,367.249,-3428.117,8733.075,0.018,0.017,0.035,0.000
TARGET180,595.510,-3530.725,8717.436,0.018,0.017,0.035,0.000
TARGET181,922.150,-4004.344,8607.020,0.017,0.017,0.033,0.000
TARGET182,843.103,-3712.082,8680.677,0.018,0.017,0.034,0.000
TARGET183,749.104,-3334.672,8772.174,0.019,0.018,0.036,0.000
TARGET184,-3418.050,-5352.725,7802.068,0.015,0.014,0.025,0.000
TARGET185,-4228.496,-7598.010,6892.356,0.019,0.023,0.026,0.000
TARGET186,391.710,-6242.514,7916.983,0.014,0.019,0.026,0.000
TARGET187,771.976,-6151.922,7965.043,0.015,0.021,0.030,0.000
TARGET188,619.550,-6344.431,7894.822,0.015,0.022,0.030,0.000
TARGET189,1068.495,-6086.756,7997.624,0.015,0.021,0.031,0.000
TARGET190,1448.664,-5993.555,8038.456,0.020,0.025,0.036,0.000
TARGET191,170.499,-8062.258,7259.583,0.015,0.025,0.024,0.000
TARGET192,-1180.748,-8356.204,7036.763,0.014,0.023,0.021,0.000
TARGET193,-365.554,-6103.266,7914.135,0.013,0.017,0.024,0.000
TARGET194,10.120,-6019.780,7967.271,0.013,0.017,0.025,0.000
TARGET195,440.970,-5683.888,8099.297,0.014,0.018,0.028,0.000
TARGET196,893.018,-5426.383,8199.308,0.015,0.018,0.029,0.000
TARGET197,-289.279,-6396.170,7822.833,0.013,0.018,0.024,0.000
TARGET198,313.809,-5947.665,8008.676,0.014,0.019,0.027,0.000
TARGET199,1273.503,-5333.851,8239.671,0.016,0.019,0.031,0.000
TARGET200,1121.371,-5527.867,8176.042,0.016,0.019,0.030,0.000
TARGET201,688.919,-5862.244,8054.779,0.015,0.019,0.028,0.000
TARGET202,992.825,-5791.028,8089.565,0.015,0.019,0.030,0.000
TARGET203,1368.616,-5704.428,8128.103,0.017,0.022,0.034,0.000
TARGET204,-4105.033,-7344.708,7009.402,0.018,0.022,0.026,0.000
TARGET205,-3661.028,-7105.640,7174.116,0.017,0.020,0.024,0.000
TARGET206,-3285.420,-7027.205,7263.127,0.015,0.017,0.022,0.000
TARGET207,-2989.963,-6971.446,7327.718,0.015,0.018,0.022,0.000
TARGET208,-2392.779,-6537.485,7561.922,0.014,0.017,0.022,0.000
TARGET209,-2612.959,-6890.639,7410.041,0.015,0.018,0.022,0.000
TARGET210,-2020.749,-6461.354,7634.300,0.013,0.017,0.022,0.000
TARGET211,-1717.554,-6395.491,7691.566,0.013,0.017,0.022,0.000
TARGET212,-1345.087,-6318.719,7756.897,0.013,0.016,0.022,0.000
TARGET213,-915.620,-5990.586,7905.908,0.013,0.016,0.023,0.000
TARGET214,-1042.703,-6251.192,7808.738,0.013,0.017,0.023,0.000
TARGET215,-669.239,-6170.968,7868.014,0.013,0.017,0.023,0.000
TARGET216,-467.019,-5738.511,8024.041,0.013,0.016,0.024,0.000
TARGET217,-85.865,-5649.061,8079.420,0.013,0.016,0.025,0.000
TARGET218,-237.558,-5840.687,8008.303,0.013,0.017,0.024,0.000
TARGET219,511.929,-5203.498,8250.537,0.014,0.017,0.028,0.000
TARGET220,212.503,-5582.825,8118.512,0.014,0.018,0.027,0.000
TARGET221,815.869,-5130.624,8285.668,0.015,0.017,0.029,0.000
TARGET222,593.243,-5491.673,8166.589,0.014,0.018,0.029,0.000
TARGET223,-764.561,-5800.011,7980.465,0.012,0.016,0.023,0.000
TARGET224,-3613.477,-6554.745,7376.184,0.015,0.016,0.023,0.000
TARGET225,-3463.797,-6368.318,7464.311,0.015,0.016,0.023,0.000
TARGET226,-2941.484,-6419.713,7526.605,0.014,0.016,0.022,0.000
TARGET227,-3168.092,-6312.462,7529.348,0.014,0.016,0.022,0.000
TARGET228,-3543.518,-6079.535,7548.358,0.015,0.015,0.023,0.000
TARGET229,-2266.341,-6278.655,7665.708,0.013,0.016,0.022,0.000
TARGET230,-3242.490,-6016.912,7616.526,0.014,0.015,0.023,0.000
TARGET231,-2493.939,-6172.991,7671.603,0.014,0.016,0.022,0.000
TARGET232,-2870.748,-5942.407,7695.918,0.014,0.015,0.023,0.000
TARGET233,-3637.734,-5706.235,7654.817,0.015,0.015,0.024,0.000
TARGET234,-2114.862,-6090.525,7747.003,0.013,0.016,0.023,0.000
TARGET235,-3115.968,-5758.375,7719.864,0.014,0.015,0.023,0.000
TARGET236,-3342.820,-5650.507,7719.927,0.015,0.015,0.024,0.000
TARGET237,-2569.348,-5877.383,7758.713,0.013,0.015,0.023,0.000
TARGET238,-1820.220,-6033.698,7800.315,0.013,0.016,0.022,0.000
TARGET239,-2965.382,-5570.069,7802.175,0.014,0.014,0.024,0.000
TARGET240,-2442.493,-5617.379,7858.898,0.013,0.015,0.024,0.000
TARGET241,-2669.872,-5511.251,7862.214,0.014,0.014,0.024,0.000
TARGET242,-1441.468,-5947.901,7869.284,0.013,0.016,0.023,0.000
TARGET243,-3812.282,-5039.719,7833.821,0.016,0.015,0.027,0.000
TARGET244,-1894.854,-5736.129,7888.123,0.013,0.015,0.023,0.000
TARGET245,-3046.966,-5278.017,7881.663,0.014,0.014,0.025,0.000
TARGET246,-2291.405,-5427.707,7937.910,0.013,0.014,0.024,0.000
TARGET247,-1144.323,-5887.146,7918.377,0.013,0.016,0.023,0.000
TARGET248,-2745.405,-5213.245,7944.524,0.014,0.014,0.024,0.000
TARGET249,-1520.719,-5657.871,7954.157,0.013,0.015,0.023,0.000
TARGET250,-1767.170,-5475.892,7984.893,0.013,0.015,0.024,0.000
TARGET251,-2372.418,-5138.006,8016.998,0.013,0.014,0.024,0.000
TARGET252,-1218.730,-5592.121,8005.308,0.013,0.015,0.024,0.000
TARGET253,-2069.617,-5073.224,8073.890,0.013,0.014,0.025,0.000
TARGET254,-1617.517,-5285.017,8060.330,0.013,0.014,0.024,0.000
TARGET255,-845.662,-5510.653,8064.931,0.013,0.016,0.025,0.000
TARGET256,-1320.197,-5225.987,8108.951,0.013,0.014,0.024,0.000
TARGET257,-1091.686,-5329.978,8098.900,0.013,0.015,0.024,0.000
TARGET258,-1694.829,-4994.850,8140.044,0.013,0.014,0.025,0.000
TARGET259,-543.392,-5439.922,8111.721,0.013,0.016,0.025,0.000
TARGET260,-1395.827,-4927.557,8191.344,0.013,0.014,0.025,0.000
TARGET261,-940.308,-5137.996,8171.133,0.013,0.014,0.025,0.000
TARGET262,-1021.784,-4847.410,8250.567,0.013,0.014,0.025,0.000
TARGET263,-642.195,-5073.420,8215.592,0.013,0.015,0.025,0.000
TARGET264,-167.860,-5358.909,8164.018,0.013,0.016,0.026,0.000
TARGET265,-414.210,-5177.426,8201.852,0.013,0.015,0.026,0.000
TARGET266,-717.113,-4778.300,8296.904,0.013,0.014,0.026,0.000
TARGET267,137.446,-5287.951,8204.960,0.014,0.017,0.027,0.000
TARGET268,-343.393,-4695.837,8349.254,0.014,0.015,0.027,0.000
TARGET269,35.393,-4921.843,8308.346,0.014,0.016,0.028,0.000
TARGET270,416.075,-4829.039,8356.549,0.014,0.016,0.028,0.000
TARGET271,716.303,-4765.042,8388.796,0.016,0.017,0.030,0.000
TARGET272,642.811,-4466.020,8470.571,0.015,0.016,0.030,0.000
TARGET273,1016.644,-4379.562,8508.497,0.016,0.017,0.032,0.000
TARGET274,-1995.403,-5370.094,7991.762,0.013,0.015,0.024,0.000
TARGET275,-2196.980,-5801.380,7831.150,0.013,0.015,0.023,0.000
TARGET276,-1591.328,-6136.959,7791.607,0.013,0.016,0.023,0.000
TARGET277,-2790.607,-6233.085,7611.136,0.014,0.016,0.023,0.000
TARGET278,-4013.838,-5783.908,7565.764,0.016,0.015,0.025,0.000
TARGET279,-3787.882,-5892.899,7569.282,0.015,0.015,0.024,0.000
TARGET280,-4310.214,-5838.220,7494.592,0.018,0.018,0.028,0.000
TARGET281,-3914.628,-6149.849,7462.671,0.016,0.015,0.023,0.000
TARGET282,-2695.761,-6603.924,7498.472,0.014,0.017,0.022,0.000
TARGET283,-4459.135,-6023.482,7405.705,0.019,0.018,0.028,0.000
TARGET284,-4214.611,-6211.262,7388.660,0.018,0.018,0.027,0.000
TARGET285,-3067.182,-6676.633,7419.877,0.015,0.017,0.023,0.000
TARGET286,-3839.627,-6446.616,7375.256,0.016,0.016,0.023,0.000
TARGET287,-4583.354,-6280.581,7295.641,0.019,0.019,0.028,0.000
TARGET288,-4132.993,-6500.383,7305.094,0.018,0.019,0.026,0.000
TARGET289,-3367.368,-6738.692,7352.127,0.015,0.017,0.022,0.000
TARGET290,-4508.297,-6577.032,7208.414,0.019,0.019,0.027,0.000
TARGET291,-3739.051,-6810.226,7266.147,0.016,0.017,0.023,0.000
TARGET292,-4282.048,-6686.130,7213.272,0.018,0.019,0.026,0.000
TARGET293,-4036.599,-6870.788,7193.007,0.018,0.020,0.026,0.000
TARGET294,-4406.074,-6940.423,7099.953,0.019,0.020,0.026,0.000
TARGET295,-3957.777,-7160.611,7103.143,0.018,0.022,0.026,0.000
TARGET296,-3358.987,-2826.883,8505.408,0.018,0.017,0.034,0.000
TARGET297,-3656.891,-2882.711,8444.663,0.019,0.017,0.035,0.000
TARGET298,-3566.016,-3264.121,8366.292,0.017,0.016,0.032,0.000
TARGET299,-3809.977,-3072.822,8373.342,0.018,0.016,0.033,0.000
TARGET300,-4033.707,-2963.002,8361.385,0.019,0.017,0.034,0.000
TARGET301,-3483.764,-3559.947,8304.061,0.017,0.015,0.031,0.000
TARGET302,-3938.693,-3336.755,8285.832,0.018,0.016,0.032,0.000
TARGET303,-4156.954,-3696.283,8154.628,0.018,0.016,0.031,0.000
TARGET304,-4308.761,-3885.757,8076.539,0.018,0.016,0.031,0.000
TARGET305,-3691.085,-4314.716,8066.156,0.016,0.015,0.029,0.000
TARGET306,-4066.503,-4075.174,8068.729,0.017,0.015,0.030,0.000
TARGET307,-4533.657,-3774.404,8064.010,0.019,0.016,0.032,0.000
TARGET308,-3986.043,-4370.387,8000.387,0.017,0.015,0.029,0.000
TARGET309,-4436.939,-4145.879,7981.601,0.018,0.015,0.030,0.000
TARGET310,-4136.753,-4558.142,7920.001,0.017,0.015,0.028,0.000
TARGET311,-4361.259,-4448.163,7910.652,0.018,0.015,0.030,0.000
TARGET312,-3893.298,-4748.544,7907.054,0.016,0.015,0.029,0.000
TARGET313,-4264.294,-4819.009,7820.489,0.017,0.015,0.028,0.000
TARGET314,-4808.158,-4691.007,7753.933,0.019,0.016,0.030,0.000
TARGET315,-4564.425,-4878.436,7746.352,0.019,0.017,0.032,0.000
TARGET316,-3963.195,-5226.749,7750.804,0.016,0.015,0.026,0.000
TARGET317,-4188.641,-5117.602,7744.334,0.017,0.015,0.028,0.000
TARGET318,-3719.079,-5414.605,7733.973,0.015,0.015,0.025,0.000
TARGET319,-4933.211,-4948.392,7652.157,0.020,0.017,0.031,0.000
TARGET320,-4484.111,-5172.856,7672.568,0.018,0.016,0.028,0.000
TARGET321,-4858.675,-5249.457,7575.391,0.020,0.018,0.032,0.000
TARGET322,-4633.824,-5359.524,7585.844,0.019,0.018,0.031,0.000
TARGET323,-4389.585,-5547.181,7573.416,0.017,0.016,0.027,0.000
TARGET324,-4758.159,-5618.582,7479.331,0.020,0.018,0.031,0.000
TARGET325,-5032.293,-4579.240,7740.737,0.020,0.016,0.032,0.000
TARGET326,-2403.846,-8383.709,6882.603,0.015,0.023,0.021,0.000
TARGET327,-1730.057,-8244.346,7021.087,0.015,0.022,0.021,0.000
TARGET328,-2255.761,-8199.275,6974.195,0.015,0.022,0.021,0.000
TARGET329,-1283.874,-7998.818,7163.780,0.014,0.022,0.022,0.000
TARGET330,-904.180,-7914.918,7232.355,0.014,0.023,0.022,0.000
TARGET331,-3635.264,-3750.275,8229.752,0.017,0.015,0.030,0.000
TARGET332,-3860.670,-3640.686,8221.034,0.017,0.015,0.031,0.000
TARGET333,-4331.638,-7237.108,7006.804,0.019,0.023,0.027,0.000
TARGET334,-2686.021,-2684.312,8636.063,0.017,0.016,0.035,0.000
TARGET335,-2981.409,-2742.741,8581.418,0.017,0.016,0.034,0.000
TARGET336,-2169.510,-4705.229,8171.277,0.014,0.014,0.026,0.000
TARGET337,-4658.264,-4501.675,7838.604,0.019,0.016,0.030,0.000
TARGET338,-4088.654,-5487.041,7647.525,0.017,0.016,0.029,0.000
TARGET339,1097.268,-4672.846,8428.760,0.016,0.018,0.032,0.000
TARGET340,1191.666,-5045.270,8323.594,0.017,0.018,0.032,0.000
TARGET341,943.699,-4866.693,8368.083,0.016,0.017,0.030,0.000
TARGET342,264.387,-5024.103,8291.364,0.014,0.016,0.028,0.000
TARGET343,-262.347,-4985.772,8270.095,0.014,0.016,0.027,0.000
TARGET344,-1942.271,-4811.071,8167.029,0.013,0.014,0.026,0.000
TARGET345,-3133.376,-2935.339,8513.693,0.017,0.016,0.033,0.000
TARGET346,-2987.729,-8423.657,6738.460,0.017,0.026,0.026,0.000
TARGET347,-1289.705,-4525.319,1359.691,0.011,0.012,0.009,0.000
TARGET348,-1257.365,-4816.908,1515.884,0.011,0.012,0.010,0.000
TARGET349,-1003.752,-4464.888,1409.306,0.011,0.012,0.009,0.000
TARGET350,-970.951,-4753.915,1564.313,0.010,0.012,0.009,0.000
TARGET351,-926.987,-5121.059,1764.076,0.011,0.013,0.011,0.000
TARGET352,-563.818,-5044.861,1829.642,0.011,0.013,0.011,0.000
TARGET353,-530.690,-5334.587,1988.702,0.012,0.014,0.012,0.000
TARGET354,-281.963,-4982.616,1880.763,0.012,0.014,0.013,0.000
TARGET355,-250.919,-5270.590,2038.263,0.012,0.014,0.012,0.000
TARGET356,79.594,-4901.846,1948.158,0.011,0.014,0.011,0.000
TARGET357,-48.450,-5378.951,2155.328,0.012,0.014,0.012,0.000
TARGET358,110.373,-5195.005,2108.240,0.012,0.014,0.013,0.000
TARGET359,395.180,-5128.112,2161.483,0.012,0.015,0.012,0.000
TARGET360,-403.006,-3955.138,1328.473,0.011,0.013,0.009,0.000
TARGET361,-327.202,-4614.080,1679.871,0.011,0.014,0.010,0.000
TARGET362,-125.220,-4722.902,1795.139,0.011,0.014,0.010,0.000
TARGET363,34.398,-4538.925,1750.102,0.011,0.014,0.011,0.000
TARGET364,364.254,-4840.541,2004.235,0.012,0.014,0.012,0.000
TARGET365,-3057.745,-6523.224,1935.053,0.014,0.016,0.015,0.000
TARGET366,724.767,-4757.839,2074.948,0.012,0.015,0.012,0.000
TARGET367,-3088.147,-6231.762,1771.922,0.013,0.016,0.014,0.000
TARGET368,-2801.157,-6177.103,1814.138,0.013,0.015,0.014,0.000
TARGET369,-2435.558,-6105.066,1868.793,0.012,0.014,0.012,0.000
TARGET370,-2479.527,-5742.082,1666.461,0.012,0.014,0.011,0.000
TARGET371,-2512.879,-5448.168,1505.059,0.012,0.013,0.011,0.000
TARGET372,-2227.662,-5391.272,1549.096,0.012,0.013,0.011,0.000
TARGET373,-2191.747,-5679.985,1708.410,0.012,0.014,0.011,0.000
TARGET374,-1989.563,-5790.599,1819.510,0.011,0.014,0.011,0.000
TARGET375,-1827.350,-5608.857,1767.715,0.012,0.014,0.011,0.000
TARGET376,-1863.527,-5315.887,1606.110,0.011,0.013,0.010,0.000
TARGET377,-1574.903,-5257.717,1653.923,0.011,0.013,0.010,0.000
TARGET378,-1621.158,-4890.047,1453.215,0.011,0.012,0.010,0.000
TARGET379,-1212.430,-5180.698,1714.243,0.011,0.013,0.010,0.000
TARGET380,-4683.936,-5914.484,7398.076,0.019,0.018,0.029,0.000
TARGET381,-1418.512,-5000.654,1564.896,0.012,0.012,0.010,0.000
TARGET382,-769.164,-4863.381,1677.489,0.011,0.013,0.010,0.000
TARGET383,449.114,-7614.568,7442.784,0.015,0.025,0.025,0.000
TARGET387,-721.122,-3728.788,1125.020,0.011,0.012,0.009,0.000
TARGET388,-436.130,-3665.438,1176.474,0.010,0.012,0.009,0.000
TARGET389,-847.540,-4205.884,1324.276,0.010,0.011,0.009,0.000
TARGET390,-200.972,-4061.575,1440.764,0.010,0.013,0.009,0.000
TARGET391,200.203,-3518.924,1294.532,0.011,0.013,0.010,0.000
TARGET392,-358.471,-4323.039,1524.352,0.011,0.013,0.010,0.000
TARGET394,-1164.029,-3141.397,715.556,0.012,0.012,0.010,0.000
TARGET395,-800.765,-3063.490,780.327,0.013,0.013,0.010,0.000
TARGET396,-515.270,-3002.006,832.830,0.012,0.013,0.010,0.000
TARGET397,-767.688,-3360.122,932.428,0.012,0.013,0.010,0.000
TARGET398,-156.163,-2921.840,899.683,0.013,0.014,0.011,0.000
TARGET399,-280.528,-3403.392,1094.541,0.011,0.013,0.010,0.000
TARGET400,-124.405,-3218.610,1051.445,0.011,0.013,0.010,0.000
TARGET401,156.634,-3147.218,1101.275,0.012,0.013,0.010,0.000
TARGET402,-642.336,-4386.710,1473.384,0.010,0.012,0.009,0.000
TARGET403,-76.318,-3586.567,1244.213,0.011,0.013,0.009,0.000
TARGET404,-688.462,-4020.614,1277.924,0.010,0.012,0.009,0.000
TARGET405,-1369.135,-3864.817,1009.868,0.011,0.012,0.010,0.000
TARGET406,-1699.155,-4231.878,1101.467,0.011,0.011,0.010,0.000
TARGET407,-2017.028,-4000.135,902.348,0.012,0.011,0.010,0.000
TARGET408,-2225.370,-3815.847,757.693,0.011,0.011,0.010,0.000
TARGET409,-1050.502,-4095.557,1212.122,0.010,0.012,0.009,0.000
TARGET410,-927.893,-3546.015,977.059,0.012,0.013,0.010,0.000
TARGET411,330.268,-7134.690,3215.401,0.011,0.018,0.013,0.000
TARGET412,-28.448,-7214.639,3148.517,0.011,0.018,0.013,0.000
TARGET413,-312.558,-7283.234,3100.305,0.011,0.018,0.012,0.000
TARGET414,-58.038,-6936.410,2985.613,0.010,0.017,0.012,0.000
TARGET415,543.907,-6425.276,2893.912,0.011,0.017,0.013,0.000
TARGET416,100.053,-6679.448,2893.352,0.011,0.017,0.012,0.000
TARGET417,-341.171,-6996.933,2933.197,0.010,0.017,0.012,0.000
TARGET418,-703.895,-7074.115,2868.270,0.011,0.017,0.012,0.000
TARGET419,-100.674,-6573.432,2774.209,0.011,0.016,0.012,0.000
TARGET420,229.044,-6209.623,2679.039,0.011,0.016,0.013,0.000
TARGET421,-545.440,-6819.202,2774.842,0.011,0.017,0.012,0.000
TARGET422,-989.961,-7135.498,2819.186,0.011,0.017,0.013,0.000
TARGET423,-746.301,-6710.732,2656.728,0.011,0.016,0.011,0.000
TARGET424,26.655,-6032.438,2522.068,0.011,0.015,0.012,0.000
TARGET425,-415.260,-6350.128,2558.952,0.011,0.016,0.011,0.000
TARGET426,-1030.497,-6776.253,2610.459,0.011,0.016,0.012,0.000
TARGET427,-174.797,-5925.208,2403.970,0.011,0.015,0.012,0.000
TARGET428,-1394.330,-6846.178,2545.974,0.012,0.016,0.012,0.000
TARGET429,-619.310,-6172.029,2403.319,0.011,0.015,0.011,0.000
TARGET430,653.697,-7434.229,3485.107,0.011,0.019,0.014,0.000
TARGET431,372.510,-7495.493,3430.120,0.011,0.019,0.014,0.000
TARGET432,612.199,-7073.121,3270.509,0.011,0.018,0.013,0.000
TARGET433,13.725,-7574.773,3362.848,0.011,0.019,0.013,0.000
TARGET434,173.620,-7317.864,3268.403,0.011,0.018,0.013,0.000
TARGET435,-1193.736,-6957.051,2662.919,0.011,0.017,0.012,0.000
TARGET437,1893.431,-6777.059,3531.494,0.016,0.020,0.019,0.000
TARGET438,1011.104,-7354.008,3555.962,0.012,0.020,0.015,0.000
TARGET439,1256.887,-6929.459,3400.862,0.012,0.019,0.015,0.000
TARGET440,947.137,-6706.284,3176.341,0.011,0.018,0.013,0.000
TARGET441,588.450,-6787.039,3105.169,0.011,0.017,0.014,0.000
TARGET442,746.329,-6529.112,3014.822,0.011,0.017,0.013,0.000
TARGET443,514.114,-6145.598,2733.877,0.011,0.016,0.013,0.000
TARGET444,155.671,-5558.282,2311.123,0.012,0.015,0.013,0.000
TARGET445,-1103.824,-6128.043,2240.404,0.012,0.015,0.012,0.000
TARGET446,-1426.144,-6564.683,2384.324,0.012,0.016,0.012,0.000
TARGET447,-383.919,-6637.747,2723.811,0.011,0.016,0.012,0.000
TARGET448,303.638,-6856.665,3053.557,0.011,0.017,0.012,0.000
TARGET449,813.310,-7177.392,3393.021,0.011,0.019,0.014,0.000
TARGET450,971.614,-6995.840,3343.710,0.012,0.018,0.014,0.000
TARGET451,1613.473,-6848.738,3475.683,0.014,0.020,0.017,0.000
TARGET452,-206.976,-5638.402,2243.046,0.011,0.015,0.012,0.000
TARGET453,-2633.951,-4424.337,953.976,0.011,0.011,0.010,0.000
TARGET454,-1652.410,-4602.293,1299.221,0.011,0.012,0.010,0.000
TARGET456,-2796.438,-4606.660,1004.547,0.012,0.012,0.011,0.000
TARGET457,-2589.190,-4791.585,1149.802,0.012,0.012,0.011,0.000
TARGET458,-2953.603,-4864.724,1095.797,0.012,0.012,0.011,0.000
TARGET459,-3241.427,-4922.689,1054.872,0.013,0.014,0.012,0.000
TARGET460,-2144.681,-4476.496,1105.483,0.011,0.011,0.010,0.000
TARGET461,-1906.855,-4952.559,1408.383,0.012,0.012,0.010,0.000
TARGET464,-1082.570,-3805.992,1060.451,0.011,0.012,0.010,0.000
TARGET465,-1129.527,-3434.375,866.316,0.012,0.012,0.010,0.000
TARGET466,-1496.005,-4342.983,1211.775,0.011,0.012,0.009,0.000
TARGET467,-1576.791,-3681.629,863.916,0.011,0.012,0.010,0.000
TARGET468,-1449.554,-3203.082,666.636,0.012,0.012,0.010,0.000
TARGET469,-1779.156,-3570.072,754.950,0.011,0.012,0.010,0.000
TARGET470,-2064.763,-3632.629,709.899,0.011,0.011,0.010,0.000
TARGET471,-1335.165,-4158.097,1163.897,0.011,0.012,0.010,0.000
TARGET472,-43.664,-3877.641,1396.784,0.011,0.013,0.009,0.000
TARGET473,240.442,-3806.347,1447.601,0.011,0.013,0.009,0.000
TARGET474,644.468,-4098.048,1717.034,0.012,0.014,0.010,0.000
TARGET475,599.231,-3730.108,1520.771,0.012,0.014,0.010,0.000
TARGET476,929.429,-4031.954,1774.271,0.013,0.015,0.011,0.000
TARGET477,886.246,-3661.904,1577.564,0.013,0.014,0.010,0.000
TARGET478,1087.184,-3769.128,1694.503,0.013,0.015,0.011,0.000
TARGET479,1288.527,-3949.392,1848.894,0.013,0.015,0.011,0.000
TARGET480,1242.991,-3584.003,1653.615,0.013,0.014,0.011,0.000
TARGET481,-607.659,-4680.084,1631.098,0.011,0.013,0.010,0.000
TARGET482,2.566,-4245.585,1593.232,0.011,0.014,0.010,0.000
TARGET483,319.911,-4471.733,1803.398,0.011,0.015,0.011,0.000
TARGET484,358.088,-3259.066,1216.539,0.012,0.014,0.010,0.000
TARGET486,680.695,-4394.891,1877.085,0.012,0.015,0.011,0.000
TARGET487,442.657,-3914.921,1563.303,0.012,0.014,0.010,0.000
TARGET488,562.049,-3439.991,1367.239,0.012,0.014,0.010,0.000
TARGET489,1725.857,-3622.516,1831.103,0.016,0.016,0.014,0.000
TARGET490,-1732.414,-3941.364,948.940,0.012,0.012,0.010,0.000
TARGET491,-894.257,-5407.742,1921.403,0.012,0.013,0.011,0.000
TARGET492,1927.226,-3799.131,1985.809,0.017,0.018,0.016,0.000
TARGET493,1956.018,-4094.547,2142.892,0.016,0.017,0.015,0.000
TARGET494,1570.845,-3884.291,1909.186,0.015,0.017,0.013,0.000
TARGET495,1600.112,-4178.612,2065.811,0.015,0.017,0.013,0.000
TARGET496,1318.975,-4243.436,2005.791,0.013,0.016,0.012,0.000
TARGET497,1161.907,-4430.121,2048.695,0.013,0.016,0.012,0.000
TARGET498,960.731,-4325.416,1931.073,0.013,0.016,0.012,0.000
TARGET499,520.905,-4580.247,1920.561,0.012,0.015,0.011,0.000
TARGET500,284.515,-4176.542,1644.508,0.011,0.014,0.010,0.000
TARGET501,-1783.911,-5972.867,1970.400,0.011,0.014,0.011,0.000
TARGET502,261.586,-6496.350,2843.778,0.011,0.017,0.013,0.000
TARGET503,-851.979,-5775.273,2125.540,0.012,0.014,0.011,0.000
TARGET504,-458.168,-5989.596,2353.566,0.011,0.015,0.012,0.000
TARGET505,-777.732,-6427.908,2494.403,0.011,0.016,0.012,0.000
TARGET506,-2217.917,-8045.123,2989.303,0.014,0.019,0.015,0.000
TARGET507,-1973.270,-7627.672,2819.573,0.012,0.018,0.013,0.000
TARGET508,-2003.314,-7345.718,2654.493,0.012,0.017,0.013,0.000
TARGET509,-1639.326,-7270.694,2711.609,0.012,0.017,0.012,0.000
TARGET510,-1681.001,-6912.591,2503.210,0.012,0.016,0.012,0.000
TARGET511,-1772.167,-7736.442,2935.063,0.013,0.019,0.013,0.000
TARGET512,-1842.066,-7092.475,2558.054,0.012,0.016,0.012,0.000
TARGET513,-2870.646,-8176.152,2894.151,0.015,0.020,0.017,0.000
TARGET514,-3075.204,-7995.966,2740.827,0.015,0.019,0.018,0.000
TARGET515,-2911.140,-7818.318,2682.187,0.014,0.019,0.017,0.000
TARGET516,-2623.882,-7756.888,2720.855,0.014,0.018,0.015,0.000
TARGET517,-2331.034,-7042.729,2400.987,0.012,0.016,0.013,0.000
TARGET518,-1710.568,-6622.894,2337.735,0.012,0.016,0.012,0.000
TARGET519,-1467.768,-6199.366,2176.712,0.011,0.015,0.011,0.000
TARGET520,-1267.352,-6309.176,2291.097,0.012,0.015,0.012,0.000
TARGET521,-1061.642,-6488.552,2445.551,0.011,0.016,0.012,0.000
TARGET522,-2045.925,-6982.724,2443.242,0.012,0.016,0.012,0.000
TARGET523,-2075.640,-6697.579,2280.101,0.012,0.016,0.013,0.000
TARGET524,-1916.408,-6443.732,2185.587,0.012,0.015,0.012,0.000
TARGET525,-1753.739,-6262.423,2132.246,0.012,0.015,0.011,0.000
TARGET526,-2513.613,-8759.386,3319.938,0.016,0.022,0.017,0.000
TARGET527,-2353.264,-8508.305,3217.627,0.015,0.021,0.017,0.000
TARGET528,-2555.627,-8400.218,3102.653,0.014,0.020,0.016,0.000
TARGET529,-2190.783,-8331.383,3159.378,0.014,0.020,0.015,0.000
TARGET530,-2583.030,-8117.430,2934.608,0.014,0.020,0.016,0.000
TARGET531,-1702.818,-8378.559,3318.744,0.013,0.021,0.014,0.000
TARGET532,-1904.071,-8269.566,3201.255,0.013,0.020,0.014,0.000
TARGET533,-2421.754,-7866.984,2835.070,0.013,0.019,0.015,0.000
TARGET534,-1932.129,-7987.153,3033.028,0.013,0.019,0.014,0.000
TARGET535,-2257.480,-7688.445,2777.925,0.013,0.018,0.015,0.000
TARGET536,-1567.652,-7914.454,3091.680,0.012,0.019,0.013,0.000
TARGET537,-1282.392,-7854.135,3137.472,0.012,0.019,0.013,0.000
TARGET538,-1607.240,-7557.767,2880.136,0.012,0.018,0.013,0.000
TARGET539,-1323.272,-7493.959,2923.554,0.012,0.018,0.013,0.000
TARGET540,-959.790,-7422.556,2987.210,0.011,0.018,0.013,0.000
TARGET541,-1354.108,-7209.495,2756.820,0.012,0.017,0.013,0.000
TARGET542,-2654.670,-7474.111,2555.246,0.013,0.018,0.014,0.000
TARGET543,-2289.576,-7401.308,2609.465,0.013,0.017,0.014,0.000
TARGET544,-2494.058,-7221.546,2456.912,0.013,0.017,0.014,0.000
TARGET545,-3307.263,-7601.478,2462.753,0.016,0.019,0.020,0.000
TARGET546,-2941.248,-7532.648,2515.181,0.015,0.019,0.017,0.000
TARGET547,-3144.525,-7349.845,2363.424,0.015,0.018,0.018,0.000
TARGET548,-2979.228,-7172.042,2306.566,0.014,0.018,0.018,0.000
TARGET549,-2696.973,-7111.791,2344.605,0.013,0.017,0.014,0.000
TARGET550,-2724.992,-6827.619,2182.473,0.013,0.016,0.013,0.000
TARGET551,-2565.335,-6572.711,2085.287,0.013,0.015,0.013,0.000
TARGET552,-2118.165,-6333.770,2073.150,0.012,0.015,0.012,0.000
TARGET553,-1537.850,-8200.455,3262.566,0.012,0.020,0.014,0.000
TARGET554,-1122.467,-7602.661,3041.302,0.011,0.018,0.013,0.000
TARGET555,-472.951,-7465.280,3153.875,0.011,0.018,0.013,0.000
TARGET556,-675.015,-7358.267,3034.258,0.011,0.018,0.013,0.000
TARGET557,-3276.826,-7884.383,2628.092,0.016,0.019,0.021,0.000
TARGET558,-3345.791,-7236.057,2251.487,0.017,0.019,0.023,0.000
TARGET559,-3012.023,-6883.410,2140.851,0.014,0.017,0.015,0.000
TARGET560,-2148.469,-6046.420,1912.339,0.012,0.014,0.011,0.000
TARGET561,-131.096,-6289.241,2611.433,0.011,0.016,0.012,0.000
TARGET562,-1135.792,-5838.073,2077.832,0.012,0.014,0.011,0.000
TARGET563,-1340.297,-5657.674,1926.012,0.012,0.014,0.011,0.000
TARGET564,-1542.679,-5546.090,1812.054,0.012,0.014,0.011,0.000
TARGET565,-1178.086,-5474.861,1875.907,0.012,0.014,0.011,0.000
TARGET566,-820.776,-6063.332,2286.829,0.012,0.015,0.012,0.000
TARGET567,684.830,-7715.659,3653.721,0.011,0.020,0.015,0.000
TARGET568,187.081,-5848.133,2473.409,0.011,0.015,0.012,0.000
TARGET569,518.676,-3071.931,1175.697,0.013,0.013,0.010,0.000
TARGET574,125.973,-2856.976,952.978,0.013,0.014,0.011,0.000
TARGET575,804.674,-3010.476,1235.286,0.013,0.013,0.011,0.000
TARGET576,1005.219,-3114.069,1348.571,0.014,0.013,0.011,0.000
TARGET577,755.413,-5050.956,2234.968,0.012,0.015,0.013,0.000
TARGET578,1887.786,-7613.779,4014.434,0.014,0.022,0.017,0.000
TARGET579,1802.237,-4279.373,2184.022,0.015,0.017,0.014,0.000
TARGET580,1037.770,-4982.917,2290.454,0.012,0.015,0.013,0.000
TARGET581,1006.670,-4693.733,2132.262,0.013,0.016,0.013,0.000
TARGET582,-2347.537,-4363.516,996.510,0.011,0.011,0.010,0.000
TARGET583,-1983.049,-4293.707,1056.629,0.011,0.011,0.010,0.000
TARGET584,-1938.190,-4661.204,1252.459,0.012,0.012,0.010,0.000
TARGET585,544.856,-7980.442,7311.795,0.015,0.026,0.025,0.000
TARGET586,297.558,-7803.579,7364.421,0.015,0.025,0.025,0.000
TARGET587,68.780,-7704.182,7387.268,0.015,0.025,0.026,0.000
TARGET588,-1580.350,-8059.040,7109.245,0.015,0.024,0.023,0.000
TARGET589,-2922.434,-5152.359,1249.983,0.012,0.013,0.012,0.000
TARGET590,-2527.695,-8637.301,6764.917,0.016,0.025,0.022,0.000
TARGET591,-483.873,-3295.547,982.932,0.012,0.014,0.010,0.000
TARGET592,1882.727,-3437.991,1792.772,0.017,0.016,0.014,0.000
TARGET593,1526.074,-3517.243,1713.240,0.015,0.014,0.012,0.000
TARGET594,1490.584,-3232.169,1562.414,0.014,0.014,0.011,0.000
TARGET595,851.137,-3379.635,1428.403,0.013,0.014,0.010,0.000
TARGET596,1209.538,-3293.906,1501.089,0.014,0.013,0.011,0.000
TARGET597,1237.592,-5088.601,2410.005,0.013,0.016,0.014,0.000
TARGET598,1363.704,-4610.560,2206.046,0.014,0.017,0.015,0.000
TARGET599,1397.110,-4903.021,2366.723,0.014,0.016,0.015,0.000
TARGET600,1647.047,-4544.522,2266.279,0.015,0.018,0.017,0.000
TARGET601,2004.463,-4459.891,2343.712,0.018,0.021,0.022,0.000
TARGET603,-2877.108,-5521.413,1451.310,0.012,0.014,0.012,0.000
TARGET604,-3421.526,-6589.584,1882.075,0.015,0.017,0.017,0.000
TARGET605,-3454.700,-6302.696,1720.720,0.015,0.017,0.017,0.000
TARGET606,-3498.982,-5935.505,1516.034,0.015,0.018,0.016,0.000
TARGET607,-3295.161,-6048.184,1624.326,0.014,0.017,0.016,0.000
TARGET608,-3164.230,-5577.601,1409.767,0.013,0.015,0.013,0.000
TARGET609,-2734.455,-8602.879,3191.624,0.015,0.022,0.016,0.000
TARGET610,-3131.596,-5868.642,1569.656,0.013,0.015,0.013,0.000
TARGET611,-2844.715,-5810.129,1609.806,0.013,0.014,0.012,0.000
TARGET612,-2641.467,-5921.962,1719.576,0.012,0.014,0.012,0.000
TARGET613,-3527.819,-800.473,317.240,0.035,0.021,0.020,0.000
TARGET614,-87.701,851.788,1351.989,0.028,0.027,0.021,0.000
TARGET615,12.114,745.101,1300.532,0.030,0.028,0.019,0.000
TARGET616,204.757,511.020,1126.185,0.031,0.027,0.019,0.000
TARGET618,-577.123,1168.904,1617.547,0.029,0.054,0.031,0.000
TARGET621,-1213.113,-8496.497,3524.052,0.012,0.021,0.014,0.000
TARGET622,-850.232,-8420.212,3584.963,0.012,0.021,0.014,0.000
TARGET623,-566.431,-8360.121,3634.127,0.012,0.021,0.014,0.000
TARGET624,-1052.899,-8244.504,3425.166,0.012,0.020,0.013,0.000
TARGET625,-1254.246,-8138.487,3306.936,0.012,0.020,0.013,0.000
TARGET626,85.522,-8218.674,3751.156,0.011,0.021,0.015,0.000
TARGET627,-890.155,-8065.195,3369.869,0.011,0.020,0.013,0.000
TARGET628,-405.706,-8107.470,3537.291,0.011,0.020,0.014,0.000
TARGET629,-606.719,-8000.860,3416.446,0.012,0.020,0.013,0.000
TARGET630,-244.079,-7926.387,3482.870,0.011,0.020,0.014,0.000
TARGET631,244.746,-7961.444,3653.658,0.011,0.020,0.014,0.000
TARGET632,40.383,-7860.318,3532.522,0.011,0.020,0.014,0.000
TARGET633,470.808,-5780.796,2526.033,0.012,0.016,0.013,0.000
TARGET634,-489.504,-5696.956,2189.817,0.011,0.015,0.012,0.000
TARGET635,439.130,-5494.590,2365.599,0.012,0.015,0.012,0.000
TARGET636,-919.725,-7780.055,3199.436,0.011,0.019,0.013,0.000
TARGET637,-1498.930,-5914.824,2017.262,0.012,0.014,0.011,0.000
TARGET638,-693.407,-5517.806,2036.498,0.012,0.014,0.011,0.000
TARGET639,-1499.934,-8556.639,3477.590,0.013,0.021,0.015,0.000
TARGET640,-632.433,-7719.010,3249.069,0.011,0.019,0.013,0.000
TARGET641,-2302.569,-4735.253,1194.587,0.012,0.012,0.010,0.000
TARGET642,-2271.847,-5021.831,1347.934,0.012,0.012,0.010,0.000
TARGET643,-2999.581,-4493.824,897.713,0.012,0.012,0.011,0.000
TARGET644,-3321.011,-4261.390,703.685,0.013,0.013,0.013,0.000
TARGET645,-2557.408,-5085.216,1307.111,0.012,0.013,0.010,0.000
TARGET646,-3286.001,-4555.697,859.024,0.013,0.014,0.012,0.000
TARGET647,1442.627,-2862.274,1368.149,0.015,0.013,0.011,0.000
TARGET648,1847.156,-3146.814,1638.817,0.016,0.015,0.012,0.000
TARGET649,-2068.300,-5133.920,1458.353,0.012,0.013,0.010,0.000
TARGET650,-2719.105,-5265.967,1358.882,0.012,0.013,0.011,0.000
TARGET651,-2150.098,-8687.982,3375.111,0.015,0.022,0.017,0.000
TARGET652,-1862.787,-8630.090,3419.554,0.014,0.022,0.015,0.000
TARGET653,-203.792,-8282.216,3698.648,0.012,0.021,0.015,0.000
TARGET654,-269.885,-7640.106,3313.025,0.011,0.019,0.014,0.000
TARGET655,399.952,-7780.118,3599.391,0.011,0.020,0.015,0.000
TARGET656,-2382.579,-4075.848,844.842,0.011,0.011,0.010,0.000
TARGET657,-3464.247,-726.384,120.946,0.035,0.021,0.019,0.000
TARGET658,-3525.296,-541.083,250.884,0.036,0.021,0.020,0.000
TARGET659,-3566.797,-167.036,529.165,0.046,0.025,0.022,0.000
TARGET660,-3555.533,-45.733,645.488,0.044,0.026,0.023,0.000
TARGET661,-3516.400,152.392,757.282,0.039,0.026,0.022,0.000
TARGET662,-3504.991,288.209,1107.358,0.051,0.030,0.026,0.000
TARGET663,-3496.859,324.158,1089.255,0.048,0.028,0.025,0.000
TARGET664,-3491.378,326.935,1109.545,0.064,0.034,0.027,0.000
TARGET665,-1015.227,-1821.232,-576.805,0.020,0.022,0.019,0.000
TARGET666,775.473,-2717.532,1086.006,0.014,0.013,0.011,0.000
TARGET667,1643.658,-2967.436,1484.577,0.016,0.015,0.012,0.000
TARGET668,-2953.655,-1404.582,-322.978,0.027,0.021,0.018,0.000
TARGET669,-3245.285,-1114.548,-120.326,0.031,0.021,0.018,0.000
TARGET670,-3504.389,308.455,1078.379,0.048,0.028,0.025,0.000
TARGET671,-3497.371,314.683,1101.725,0.048,0.028,0.025,0.000
TARGET672,-3491.157,335.478,1097.283,0.048,0.028,0.025,0.000
TARGET673,-3354.212,513.733,1026.625,0.043,0.028,0.024,0.000
TARGET674,-2761.147,-1550.672,-400.058,0.024,0.021,0.018,0.000
TARGET675,-1415.326,-3497.930,818.241,0.011,0.012,0.010,0.000
TARGET676,444.543,-199.143,629.290,0.030,0.021,0.016,0.000
TARGET677,87.534,-1198.516,-95.879,0.030,0.018,0.016,0.000
TARGET678,383.561,134.258,868.676,0.032,0.024,0.018,0.000
TARGET679,338.161,257.390,956.829,0.036,0.028,0.018,0.000
TARGET680,-3.675,754.857,1526.211,0.032,0.030,0.021,0.000
TARGET681,-251.293,-1501.566,-318.299,0.026,0.020,0.017,0.000
TARGET682,-2359.722,-6755.992,2237.269,0.014,0.016,0.015,0.000
TARGET683,-313.090,990.626,1687.269,0.028,0.029,0.024,0.000
TARGET684,1229.178,-6646.740,3236.258,0.012,0.018,0.014,0.000
TARGET685,831.048,-5701.975,2598.745,0.012,0.016,0.014,0.000
TARGET686,669.565,-5887.628,2645.493,0.012,0.016,0.013,0.000
TARGET687,-1849.667,1371.190,1694.890,0.028,0.037,0.028,0.000
TARGET690,-2979.708,-1437.576,-293.191,0.086,0.075,0.099,0.000
TARGET691,-3209.422,-5212.999,1210.718,0.013,0.014,0.012,0.000
TARGET693,377.431,-692.525,269.360,0.039,0.021,0.017,0.000
TARGET694,-4.673,746.636,1538.772,0.029,0.027,0.021,0.000
TARGET695,-5.687,738.396,1551.354,0.029,0.027,0.021,0.000
TARGET696,-3428.513,367.626,946.397,0.045,0.030,0.025,0.000
TARGET699,487.579,-2775.725,1024.355,0.013,0.013,0.010,0.000
TARGET700,873.049,-6063.919,2804.648,0.012,0.016,0.013,0.000
TARGET701,1190.110,-6284.525,3026.525,0.012,0.017,0.013,0.000
TARGET702,903.170,-6344.772,2965.419,0.012,0.017,0.013,0.000
TARGET703,1298.625,-7290.747,3615.463,0.013,0.020,0.016,0.000
TARGET704,1326.258,-7572.041,3782.653,0.013,0.021,0.017,0.000
TARGET705,1042.724,-7636.351,3725.147,0.013,0.020,0.017,0.000
TARGET706,1524.540,-7671.309,3905.242,0.014,0.022,0.019,0.000
TARGET707,884.247,-7818.155,3776.431,0.012,0.021,0.016,0.000
TARGET708,1369.090,-7930.545,4000.308,0.014,0.022,0.017,0.000
TARGET709,1085.955,-7993.775,3942.459,0.014,0.022,0.017,0.000
TARGET710,726.587,-8075.465,3872.110,0.012,0.022,0.016,0.000
TARGET711,445.189,-8136.650,3817.014,0.012,0.022,0.017,0.000
TARGET712,-15.577,748.224,1557.030,0.029,0.027,0.021,0.000
TARGET713,-27.896,772.744,1547.481,0.030,0.028,0.022,0.000
TARGET714,-298.289,971.252,1694.279,0.030,0.030,0.025,0.000
TARGET715,-298.737,996.502,1661.520,0.029,0.029,0.024,0.000
TARGET716,-438.069,1098.994,1522.410,0.028,0.030,0.025,0.000
TARGET717,-3506.888,292.843,1092.057,0.059,0.030,0.027,0.000
TARGET718,-3499.316,299.542,1115.474,0.055,0.030,0.026,0.000
TARGET719,-3235.826,-8246.040,2842.135,0.017,0.021,0.025,0.000
TARGET720,1160.366,-2930.240,1309.604,0.014,0.013,0.012,0.000
TARGET721,-12.864,770.631,1522.704,0.029,0.028,0.021,0.000
TARGET722,-26.880,781.028,1534.904,0.030,0.028,0.022,0.000
TARGET723,-286.389,962.822,1690.194,0.029,0.029,0.025,0.000
TARGET724,-311.154,1001.755,1670.114,0.032,0.032,0.025,0.000
TARGET725,-2370.758,-1731.410,-538.699,0.025,0.021,0.018,0.000
TARGET726,-2371.411,-1739.845,-526.364,0.027,0.022,0.020,0.000
TARGET727,-2384.977,-1725.286,-536.295,0.024,0.021,0.018,0.000
TARGET728,-2399.007,-1728.838,-520.506,0.021,0.018,0.017,0.000
TARGET729,1157.616,-5994.293,2859.994,0.012,0.016,0.014,0.000
TARGET730,1547.065,-6204.012,3101.759,0.012,0.017,0.014,0.000
TARGET731,1389.040,-6387.348,3148.056,0.012,0.018,0.015,0.000
TARGET732,-2385.336,-1734.414,-523.372,0.023,0.020,0.017,0.000
TARGET733,-2408.133,-1716.202,-530.802,0.022,0.019,0.018,0.000
TARGET734,-2507.119,-1675.657,-502.672,0.023,0.019,0.017,0.000
TARGET735,-1331.348,1370.570,1709.625,0.031,0.044,0.031,0.000
TARGET736,-767.863,1247.831,1623.728,0.027,0.033,0.027,0.000
TARGET737,-297.280,980.128,1681.380,0.029,0.029,0.024,0.000
TARGET738,-285.008,971.013,1677.626,0.032,0.032,0.024,0.000
TARGET739,-283.131,982.173,1660.454,0.029,0.029,0.024,0.000
TARGET740,-14.982,757.257,1544.095,0.029,0.027,0.021,0.000
TARGET741,1680.020,-4834.000,2425.283,0.015,0.019,0.017,0.000
TARGET742,595.529,-5234.941,2279.493,0.012,0.015,0.014,0.000
TARGET743,799.396,-5413.757,2437.266,0.012,0.015,0.013,0.000
TARGET744,1081.630,-5347.648,2493.690,0.012,0.016,0.013,0.000
TARGET745,1111.958,-5630.452,2651.946,0.012,0.016,0.014,0.000
TARGET746,-3334.696,557.790,1111.008,0.050,0.079,0.054,0.000
TARGET747,-152.222,910.890,1441.769,0.110,0.264,0.130,0.000
TARGET748,-2370.007,-1722.876,-550.952,0.050,0.025,0.036,0.000
TARGET749,-1546.046,-1881.996,-621.493,0.022,0.023,0.020,0.000
TARGET750,-3167.528,746.320,1221.411,0.050,0.036,0.031,0.000
TARGET751,399.810,-713.048,309.281,0.074,0.097,0.066,0.000
TARGET752,183.318,554.747,1201.867,0.084,0.126,0.054,0.000
TARGET754,-1814.100,-3279.590,605.245,0.012,0.012,0.011,0.000
TARGET755,-2666.751,-4128.102,798.501,0.012,0.012,0.011,0.000
TARGET756,465.335,-277.478,616.020,0.081,0.118,0.073,0.000
TARGET757,1469.158,-5547.736,2726.086,0.013,0.016,0.015,0.000
TARGET758,1312.822,-5732.597,2771.836,0.012,0.016,0.014,0.000
TARGET759,1439.798,-5265.326,2568.377,0.014,0.017,0.015,0.000
TARGET761,1134.254,-2631.511,1158.529,0.015,0.013,0.012,0.000
TARGET762,1800.186,-2779.834,1446.133,0.020,0.018,0.014,0.000
TARGET763,-2401.789,-1706.757,-548.882,0.041,0.025,0.028,0.000
TARGET766,-2430.362,-3704.439,650.396,0.013,0.012,0.011,0.000
TARGET767,-3030.762,-4201.106,744.315,0.012,0.012,0.011,0.000
TARGET768,-3367.958,-3894.621,511.407,0.014,0.015,0.015,0.000
TARGET769,1723.545,-5201.253,2629.870,0.015,0.019,0.019,0.000
TARGET770,1879.876,-4939.297,2546.895,0.016,0.019,0.019,0.000
TARGET771,2040.616,-4753.778,2506.119,0.018,0.022,0.020,0.000
TARGET772,2081.382,-5117.095,2707.769,0.016,0.019,0.020,0.000
TARGET773,-3687.721,-4330.866,651.129,0.015,0.017,0.016,0.000
TARGET774,-3528.182,-4075.162,561.304,0.015,0.016,0.016,0.000
TARGET775,-2874.694,-3944.365,656.111,0.012,0.012,0.011,0.000
TARGET776,-2713.243,-3761.328,606.615,0.013,0.012,0.012,0.000
TARGET777,926.533,-2453.901,1008.433,0.016,0.014,0.013,0.000
TARGET778,1655.904,-7207.142,3688.795,0.014,0.020,0.016,0.000
TARGET779,1682.681,-7488.532,3855.557,0.015,0.021,0.019,0.000
TARGET780,1455.924,-7031.452,3523.671,0.013,0.020,0.016,0.000
TARGET784,-1162.580,1369.475,-1599.174,0.023,0.031,0.028,0.000
TARGET785,1826.525,-6129.820,3156.362,0.014,0.018,0.018,0.000
TARGET786,-2307.100,-3149.105,413.674,0.014,0.013,0.012,0.000
TARGET787,-133.562,-1461.879,-235.160,0.087,0.082,0.065,0.000
TARGET789,-2400.416,-6392.969,2031.148,0.014,0.015,0.014,0.000
TARGET790,-3653.471,-4622.270,804.940,0.015,0.021,0.015,0.000
TARGET792,-3447.802,-4736.634,911.234,0.014,0.016,0.014,0.000
TARGET793,-3331.003,-3396.392,296.613,0.015,0.015,0.015,0.000
TARGET794,-1876.177,1231.748,-1715.530,0.025,0.030,0.027,0.000
TARGET795,-1614.809,969.715,-1893.434,0.023,0.027,0.026,0.000
TARGET796,-1497.027,-2833.209,477.207,0.013,0.012,0.011,0.000
TARGET797,-1212.383,-2768.453,524.470,0.016,0.013,0.012,0.000
TARGET798,1289.185,-2404.462,1118.507,0.018,0.014,0.016,0.000
TARGET799,722.748,-2352.129,896.662,0.015,0.014,0.012,0.000
TARGET800,282.306,-2592.658,874.754,0.014,0.014,0.012,0.000
TARGET801,396.725,137.081,912.704,0.160,0.336,0.219,0.000
TARGET803,-3608.322,-4993.422,1003.163,0.015,0.019,0.014,0.000
TARGET804,-3574.076,-5281.141,1158.327,0.015,0.018,0.015,0.000
TARGET805,-3371.530,-5393.368,1264.322,0.014,0.017,0.013,0.000
TARGET806,-3530.000,-5649.554,1359.203,0.015,0.018,0.015,0.000
TARGET807,-2768.416,-6461.448,1973.993,0.013,0.016,0.014,0.000
TARGET808,-3219.264,-6701.257,1991.232,0.014,0.017,0.016,0.000
TARGET809,-3378.629,-6953.850,2089.293,0.016,0.019,0.021,0.000
TARGET810,-3079.379,-3830.412,549.850,0.013,0.013,0.013,0.000
TARGET811,-2746.592,-3465.240,454.393,0.015,0.013,0.013,0.000
TARGET812,-2100.898,-3333.592,555.703,0.014,0.012,0.011,0.000
TARGET813,-3731.690,-3960.096,456.747,0.015,0.016,0.016,0.000
TARGET814,-3110.966,-3539.998,400.709,0.014,0.013,0.014,0.000
TARGET816,-1517.965,1121.571,-1781.314,0.023,0.029,0.028,0.000
TARGET817,-1268.115,1139.016,-1767.415,0.025,0.030,0.030,0.000
TARGET818,-359.801,-2737.692,752.240,0.014,0.013,0.011,0.000
TARGET821,-2799.570,1047.378,1445.447,0.187,0.221,0.130,0.000
TARGET822,-3532.071,153.711,821.515,0.141,0.187,0.160,0.000
TARGET823,-1238.414,1116.141,-1783.149,0.023,0.029,0.029,0.000
TARGET825,79.394,-2486.034,763.198,0.016,0.015,0.014,0.000
TARGET826,438.064,-2405.620,833.976,0.016,0.014,0.012,0.000
TARGET827,1080.202,-2269.620,970.260,0.017,0.014,0.016,0.000
TARGET828,-365.547,1044.151,1508.924,0.147,0.289,0.096,0.000
TARGET829,-1392.194,769.527,-2027.316,0.023,0.028,0.032,0.000
TARGET830,-3687.466,-252.078,-76.757,0.115,0.033,0.028,0.000
TARGET831,-3680.444,-238.112,-77.502,0.123,0.036,0.031,0.000
TARGET832,1724.662,-7846.072,4072.183,0.016,0.023,0.022,0.000
TARGET833,1585.495,-6567.853,3312.115,0.013,0.019,0.016,0.000
TARGET836,1514.778,-5911.888,2934.311,0.013,0.017,0.016,0.000
TARGET837,1198.651,776.001,-1084.169,0.214,0.068,0.050,0.000
TARGET838,196.139,-1124.150,12.663,0.253,0.363,0.278,0.000
TARGET839,1283.229,623.583,-1331.101,1.072,0.224,0.178,0.000
TARGET841,-822.061,1261.158,1644.082,0.236,0.605,0.236,0.000
TARGET842,1936.486,-7138.016,3746.076,0.017,0.021,0.023,0.000
TARGET843,2109.783,-5399.488,2865.028,0.017,0.019,0.027,0.000
TARGET844,1752.790,-5483.708,2787.544,0.016,0.018,0.023,0.000
TARGET845,1953.202,-5585.749,2909.459,0.016,0.018,0.022,0.000
TARGET846,2153.217,-5762.493,3072.002,0.016,0.018,0.026,0.000
TARGET847,1797.053,-5847.562,2995.163,0.014,0.018,0.021,0.000
TARGET848,2182.801,-6049.861,3235.856,0.018,0.020,0.028,0.000
TARGET849,2025.415,-6232.241,3279.728,0.016,0.019,0.023,0.000
TARGET850,2223.819,-6409.342,3444.473,0.020,0.021,0.028,0.000
TARGET851,1868.396,-6491.854,3366.746,0.015,0.019,0.019,0.000
TARGET852,2252.224,-6694.104,3610.050,0.020,0.021,0.029,0.000
TARGET853,2094.614,-6878.609,3656.820,0.017,0.021,0.022,0.000
TARGET854,2295.729,-7055.842,3824.992,0.021,0.022,0.033,0.000
TARGET855,-2463.613,-3408.267,498.205,0.014,0.012,0.012,0.000
TARGET856,-2071.009,-1314.200,-1627.730,0.070,0.035,0.077,0.000
TARGET857,-2440.578,-8783.112,5754.753,0.065,0.071,0.063,0.000
TARGET858,-1956.620,-1258.991,-1635.659,0.067,0.035,0.076,0.000
TARGET859,279.372,378.823,1046.908,0.241,0.316,0.106,0.000
TARGET861,-1945.498,-1322.630,-1552.526,0.213,0.042,0.246,0.000
TARGET862,-1008.099,-2880.223,634.363,0.016,0.013,0.012,0.000
TARGET864,-1657.353,-3018.068,521.861,0.013,0.013,0.011,0.000
TARGET865,-1862.455,-2906.071,413.798,0.014,0.013,0.012,0.000
TARGET866,-2146.921,-2965.251,367.315,0.015,0.013,0.013,0.000
TARGET868,544.351,1548.716,264.999,0.166,0.092,0.038,0.000
TARGET870,-2756.045,-8675.171,3157.745,0.154,0.555,0.135,0.000
TARGET872,-849.202,-2694.753,591.154,0.018,0.014,0.013,0.000
TARGET873,-563.559,-2629.074,641.704,0.014,0.013,0.012,0.000
TARGET877,-2510.869,-3035.914,307.537,0.017,0.014,0.014,0.000
TARGET879,-2768.360,-1464.952,-471.550,0.081,0.088,0.030,0.000
TARGET880,-1050.664,1035.822,-1824.244,0.025,0.030,0.030,0.000
TARGET881,-2443.799,2381.105,-1589.629,0.231,1.185,0.737,0.000
TARGET882,-369.983,1248.427,-1681.938,0.108,0.091,0.050,0.000
TARGET886,-2794.704,-3096.193,264.943,0.019,0.015,0.017,0.000
TARGET890,-3160.879,-3166.207,208.356,0.019,0.017,0.020,0.000
TARGET897,-2435.065,786.401,-2076.390,0.102,0.058,0.103,0.000
TARGET900,-206.321,-2550.739,708.835,0.013,0.014,0.012,0.000
TARGET909,-3613.360,396.364,-264.181,0.105,0.028,0.026,0.000
TARGET913,690.982,-7705.865,3651.545,0.024,0.028,0.090,0.000
TARGET914,-2955.600,-3279.961,313.191,0.018,0.014,0.017,0.000
TARGET917,-1595.613,1033.828,-1848.434,0.024,0.029,0.028,0.000
TARGET918,-1229.379,1075.352,-1809.653,0.022,0.028,0.028,0.000
TARGET937,-2355.434,1258.959,1605.113,0.046,0.083,0.045,0.000
TARGET939,-1432.068,1583.714,-1457.321,0.027,0.035,0.031,0.000
TARGET943,-2415.204,803.293,-2094.994,0.146,0.050,0.130,0.000
TARGET948,-3296.473,-3454.290,307.989,0.265,0.153,0.325,0.000
TARGET951,-3609.463,425.151,-272.101,0.116,0.031,0.028,0.000
TARGET954,-1518.645,821.176,-1975.529,0.044,0.046,0.051,0.000
TARGET958,1872.994,-7600.840,3959.178,0.634,1.391,0.562,0.000
TARGET962,-1995.347,1148.678,-1773.783,0.029,0.032,0.027,0.000
TARGET963,-1694.729,1188.718,-1740.156,0.029,0.029,0.025,0.000
TARGET973,-881.757,1104.877,-1774.439,0.201,0.124,0.112,0.000
TARGET984,-1484.925,1482.033,-1518.808,0.104,0.113,0.074,0.000
TARGET992,-1363.281,1156.254,-1751.672,0.023,0.030,0.029,0.000
TARGET993,-1173.820,987.153,-1845.884,0.070,0.069,0.050,0.000
TARGET996,-804.095,1103.094,-1852.705,0.088,0.197,0.291,0.000
TARGET1006,-2216.784,541.285,-2247.642,0.459,0.295,0.682,0.000
TARGET1007,-1481.618,340.575,-2364.413,0.291,0.250,0.698,0.000
TARGET1021,-1744.548,1288.888,-1666.024,0.026,0.029,0.025,0.000
TARGET1022,-2018.306,1225.764,-1716.654,0.024,0.028,0.024,0.000
TARGET1035,1346.190,-2399.288,1056.531,0.289,0.397,0.401,0.000
TARGET1042,-1150.712,1046.075,-1828.666,0.025,0.030,0.031,0.000
TARGET1045,-1598.099,933.039,-1921.532,0.037,0.035,0.045,0.000
TARGET1059,379.141,254.282,1160.781,1.081,1.599,0.576,0.000
TARGET1069,-2030.677,-9620.248,7194.724,0.165,0.366,0.238,0.000
TARGET1076,-1994.407,-9537.497,7159.383,0.209,0.236,0.140,0.000
TARGET1081,-2056.013,-9566.598,7191.003,2.982,7.372,4.653,0.000
TARGET1085,1897.690,-7594.834,3962.236,1.647,2.067,0.978,0.000
TARGET1086,-315.426,-2371.296,9208.855,2.055,0.958,3.550,0.000
TARGET1110,855.633,-424.388,-320.992,0.146,0.028,0.026,0.000
TARGET1124,-2411.257,-2870.788,253.973,0.036,0.021,0.023,0.000
TARGET1210,-2680.314,1444.045,-1629.856,0.049,0.070,0.055,0.000
TARGET1236,397.893,-986.790,316.838,3.331,2.941,1.422,0.000
TARGET1262,-1040.006,1036.649,-1823.191,0.176,0.337,0.500,0.000
TARGET1263,-1001.321,1045.191,-1815.688,0.167,0.334,0.492,0.000
TARGET1268,-1459.740,783.761,-2018.985,0.026,0.034,0.030,0.000
TARGET1296,-554.054,-2441.181,340.615,0.069,0.215,0.154,0.000
