CODE1,-5292.327,-2107.662,4305.932,0.016,0.021,0.021,0.000
CODE2,-4389.106,-868.970,5793.952,0.028,0.032,0.070,0.000
CODE4,-4305.477,2598.117,5694.766,0.027,0.025,0.086,0.000
CODE5,-6125.832,3296.268,3908.366,0.019,0.021,0.062,0.000
CODE6,-7985.639,3973.552,2202.272,0.031,0.028,0.050,0.000
CODE7,-5803.842,4680.435,4114.407,0.025,0.026,0.069,0.000
CODE8,951.737,2228.557,-15.258,0.089,0.028,0.029,0.000
CODE9,-928.774,2926.558,-1743.319,0.065,0.022,0.018,0.000
CODE10,-651.768,4123.223,-1568.795,0.114,0.026,0.025,0.000
CODE11,-2799.626,3633.251,-3568.375,0.042,0.023,0.023,0.000
CODE12,-816.522,-2375.902,-632.922,0.024,0.023,0.015,0.000
CODE13,-5679.922,-2081.458,3018.366,0.026,0.025,0.018,0.000
CODE16,-8683.522,1722.649,-17.482,0.024,0.019,0.027,0.000
CODE25,-4555.139,-2877.795,3243.684,0.016,0.023,0.016,0.000
CODE26,-1834.316,-3078.159,338.168,0.021,0.029,0.021,0.000
CODE28,-5414.873,-2064.322,2981.770,0.033,0.075,0.023,0.000
CODE29,-8533.046,1884.977,-167.444,0.079,0.024,0.125,0.000
CODE30,-5292.663,1632.816,-3694.472,0.074,0.023,0.043,0.000
CODE31,-2173.231,-2319.232,-544.992,0.028,0.088,0.047,0.000
CODE33,-2626.475,4746.701,4503.695,0.094,0.232,0.281,0.000
CODE34,-2611.825,4772.437,4483.436,0.028,0.041,0.075,0.000
CODE35,-2583.895,-696.203,4909.465,0.019,0.025,0.059,0.000
CODE36,-2603.671,-672.713,4926.897,0.022,0.017,0.021,0.000
CODE37,-2617.642,-697.554,4946.041,0.202,0.110,0.056,0.000
CODE39,97.658,-882.204,1991.712,0.024,0.021,0.027,0.000
CODE40,81.436,-907.221,2009.605,0.061,0.027,0.020,0.000
CODE41,53.968,4559.523,1587.350,0.400,0.060,0.065,0.000
CODE49,977.911,3758.010,806.567,0.129,0.035,0.034,0.000
CODE50,-3366.929,4096.395,5533.890,0.033,0.040,0.131,0.000
CODE51,-3343.920,14.061,5849.301,0.018,0.018,0.053,0.000
CODE52,-2954.082,-1993.346,-146.637,0.013,0.015,0.012,0.000
CODE53,996.553,-329.250,1125.518,0.069,0.026,0.026,0.000
CODE54,-5106.352,-1825.330,2201.252,0.013,0.016,0.012,0.000
CODE55,-3154.474,4578.153,5387.082,0.031,0.019,0.050,0.000
CODE56,929.341,4219.478,947.776,0.039,0.020,0.024,0.000
CODE57,838.229,-1140.744,148.841,0.056,0.030,0.023,0.000
CODE64,-4153.511,-1677.773,695.078,0.012,0.014,0.012,0.000
CODE65,-5590.350,1411.984,-2921.762,0.016,0.011,0.011,0.000
CODE66,-4402.235,868.967,-3373.973,0.016,0.012,0.012,0.000
CODE67,-7758.448,1592.381,-584.924,0.016,0.012,0.013,0.000
CODE68,-7797.749,1032.585,449.606,0.015,0.015,0.014,0.000
CODE75,-1889.199,5367.389,3905.012,0.049,0.024,0.056,0.000
CODE79,-6082.477,3898.027,-4140.732,0.071,0.024,0.154,0.000
CODE82,-8986.011,3555.156,-1522.936,0.149,0.033,0.079,0.000
CODE88,-6550.047,2992.297,-3988.265,0.035,0.022,0.096,0.000
CODE89,-6837.596,2671.507,-3798.413,0.029,0.024,0.077,0.000
CODE97,183.191,-2009.352,2887.163,0.026,0.021,0.018,0.000
CODE98,-1637.573,-1892.922,4860.315,0.022,0.022,0.022,0.000
CODE99,-1191.933,-2343.901,3592.023,0.019,0.020,0.018,0.000
CODE100,-5753.036,-519.271,4510.084,0.019,0.021,0.033,0.000
CODE101,-6772.166,508.880,3503.289,0.016,0.017,0.023,0.000
CODE102,-7861.136,922.805,2468.596,0.023,0.017,0.023,0.000
CODE103,-495.448,-638.084,-1110.371,0.029,0.020,0.016,0.000
CODE104,-1577.734,135.644,-2155.342,0.025,0.018,0.016,0.000
CODE105,-2671.287,550.209,-3188.754,0.024,0.018,0.019,0.000
CODE106,-6089.451,2687.808,-4234.020,0.036,0.027,0.039,0.000
CODE107,-3740.797,2796.028,-4382.218,0.058,0.024,0.060,0.000
CODE108,-8673.849,3433.565,1607.860,0.042,0.024,0.052,0.000
CODE109,-9056.375,2917.456,-1004.731,0.025,0.018,0.023,0.000
CODE110,-3150.420,-975.404,6831.052,0.023,0.024,0.038,0.000
CODE111,-3449.221,5424.368,5577.942,0.040,0.027,0.073,0.000
CODE112,1131.294,5099.327,608.058,0.091,0.027,0.042,0.000
CODE113,386.038,4684.220,1503.633,0.040,0.021,0.028,0.000
CODE114,-441.867,5272.220,2339.576,0.063,0.024,0.050,0.000
CODE115,282.662,-1243.437,2111.590,0.022,0.018,0.017,0.000
CODE116,966.884,-820.741,1327.244,0.028,0.019,0.016,0.000
CODE117,-2542.978,-982.674,5181.441,0.017,0.016,0.020,0.000
CODE118,-3183.670,-442.950,5838.520,0.017,0.016,0.024,0.000
CODE119,-2658.918,4946.795,4814.175,0.043,0.021,0.061,0.000
CODE122,-9726.435,3963.817,-4661.203,0.106,0.059,0.074,0.000
CODE133,-1673.801,-108.475,-2145.401,0.019,0.015,0.016,0.000
CODE134,-1818.559,-675.592,-2240.951,0.018,0.016,0.017,0.000
CODE135,-6930.468,-371.884,3333.167,0.020,0.017,0.020,0.000
CODE136,-6796.157,201.812,3419.181,0.031,0.019,0.028,0.000
CODE137,-6171.701,3212.787,-3854.202,0.048,0.038,0.050,0.000
CODE138,-5937.932,3757.277,-3887.081,0.050,0.023,0.022,0.000
CSB-045-1,-1626.102,53.463,-2121.814,0.023,0.017,0.016,0.000
CSB-045-2,-1635.415,16.236,-2127.952,0.020,0.015,0.015,0.000
CSB-045-3,-1644.983,-21.637,-2134.308,0.027,0.019,0.017,0.000
CSB-045-4,-1654.545,-59.283,-2140.505,0.019,0.015,0.015,0.000
CSB-045-5,-1825.482,-729.564,-2253.519,0.020,0.017,0.021,0.000
CSB-045-6,-1834.645,-766.535,-2259.533,0.030,0.023,0.039,0.000
CSB-045-7,-1844.224,-803.550,-2266.031,0.027,0.021,0.035,0.000
CSB-045-8,-1853.955,-841.963,-2272.238,0.019,0.017,0.025,0.000
CSB-045-9,-6971.838,-532.274,3316.339,0.028,0.018,0.021,0.000
CSB-045-10,-6963.097,-494.869,3322.024,0.024,0.018,0.020,0.000
CSB-045-11,-6954.197,-457.054,3327.600,0.024,0.018,0.020,0.000
CSB-045-12,-6945.480,-419.703,3333.187,0.020,0.017,0.020,0.000
CSB-045-13,-6787.928,255.356,3434.195,0.018,0.017,0.022,0.000
CSB-045-14,-6779.163,292.921,3439.755,0.031,0.018,0.025,0.000
CSB-045-15,-6769.896,330.715,3445.606,0.031,0.019,0.027,0.000
CSB-045-16,-6761.498,368.406,3450.860,0.039,0.020,0.032,0.000
NUGGET133_1,-1660.354,-97.795,-2133.249,0.020,0.015,0.016,0.000
NUGGET133_5,-1660.342,-113.571,-2132.093,0.020,0.015,0.016,0.000
NUGGET133_15,-1678.178,-123.169,-2148.514,0.019,0.015,0.016,0.000
NUGGET133_A,-1665.411,-133.039,-2135.462,0.019,0.015,0.016,0.000
NUGGET133_B,-1684.058,-103.303,-2155.830,0.024,0.018,0.017,0.000
NUGGET133_C,-1680.454,-89.002,-2153.350,0.019,0.015,0.016,0.000
NUGGET133_D,-1670.437,-93.422,-2143.259,0.020,0.015,0.016,0.000
NUGGET134_2,-1801.266,-666.404,-2225.263,0.017,0.015,0.017,0.000
NUGGET134_5,-1805.142,-680.667,-2227.770,0.017,0.015,0.017,0.000
NUGGET134_15,-1822.746,-690.308,-2243.960,0.022,0.018,0.019,0.000
NUGGET134_A,-1809.840,-700.280,-2231.048,0.022,0.018,0.019,0.000
NUGGET134_B,-1828.773,-670.432,-2251.303,0.022,0.018,0.019,0.000
NUGGET134_C,-1825.130,-656.257,-2248.894,0.022,0.018,0.019,0.000
NUGGET134_D,-1815.035,-660.567,-2238.880,0.022,0.018,0.019,0.000
NUGGET135_1,-6924.325,-390.503,3340.662,0.021,0.017,0.020,0.000
NUGGET135_6,-6915.810,-372.302,3347.147,0.023,0.019,0.024,0.000
NUGGET135_15,-6927.211,-356.619,3334.878,0.020,0.017,0.020,0.000
NUGGET135_A,-6912.358,-358.012,3349.000,0.021,0.017,0.020,0.000
NUGGET135_B,-6941.321,-368.344,3322.538,0.020,0.017,0.020,0.000
NUGGET135_C,-6944.820,-382.681,3320.483,0.020,0.017,0.020,0.000
NUGGET135_D,-6934.621,-386.599,3330.484,0.020,0.017,0.020,0.000
NUGGET136_2,-6786.287,181.738,3430.307,0.031,0.019,0.028,0.000
NUGGET136_6,-6781.671,201.258,3433.232,0.032,0.019,0.028,0.000
NUGGET136_15,-6793.149,217.003,3420.957,0.031,0.019,0.028,0.000
NUGGET136_A,-6778.348,215.601,3435.390,0.031,0.019,0.028,0.000
NUGGET136_B,-6807.028,205.239,3408.538,0.031,0.019,0.028,0.000
NUGGET136_C,-6810.372,190.864,3406.371,0.031,0.019,0.028,0.000
NUGGET136_D,-6800.075,187.725,3416.470,0.031,0.020,0.028,0.000
NUGGET137_3,-6184.390,3207.922,-3843.177,0.048,0.038,0.050,0.000
NUGGET137_6,-6181.718,3223.235,-3840.141,0.048,0.038,0.050,0.000
NUGGET137_15,-6165.182,3226.777,-3855.707,0.048,0.038,0.050,0.000
NUGGET137_A,-6175.782,3236.865,-3841.124,0.048,0.038,0.050,0.000
NUGGET137_B,-6162.678,3207.192,-3865.586,0.048,0.038,0.050,0.000
NUGGET137_C,-6168.720,3193.630,-3864.762,0.048,0.038,0.050,0.000
NUGGET137_D,-6177.503,3198.261,-3853.757,0.048,0.038,0.050,0.000
NUGGET138_4,-5953.967,3753.983,-3872.080,0.050,0.023,0.022,0.000
NUGGET138_6,-5948.141,3767.688,-3872.910,0.050,0.023,0.022,0.000
NUGGET138_15,-5931.408,3771.375,-3888.429,0.050,0.023,0.022,0.000
NUGGET138_A,-5942.085,3781.347,-3873.762,0.050,0.023,0.022,0.000
NUGGET138_B,-5928.883,3751.906,-3898.527,0.050,0.023,0.022,0.000
NUGGET138_C,-5934.661,3738.163,-3897.718,0.050,0.024,0.022,0.000
NUGGET138_D,-5943.658,3742.702,-3886.745,0.050,0.023,0.022,0.000
TARGET1,-7467.024,1376.129,-591.846,0.016,0.012,0.012,0.000
TARGET2,-6310.918,1111.885,-1591.325,0.014,0.010,0.010,0.000
TARGET3,-6633.336,819.958,-699.151,0.014,0.011,0.010,0.000
TARGET4,-7213.783,1191.572,-600.878,0.015,0.012,0.012,0.000
TARGET5,-5926.093,602.362,-1200.615,0.013,0.010,0.009,0.000
TARGET6,-5943.235,874.138,-1636.912,0.014,0.010,0.009,0.000
TARGET7,-5855.445,1081.361,-2083.034,0.014,0.010,0.009,0.000
TARGET8,-6180.746,781.598,-1194.773,0.014,0.010,0.010,0.000
TARGET9,-6110.682,1098.497,-1809.434,0.014,0.010,0.010,0.000
TARGET10,-6629.979,660.586,-427.212,0.014,0.011,0.010,0.000
TARGET11,-6110.242,1262.279,-2079.166,0.015,0.010,0.010,0.000
TARGET12,-6595.637,923.073,-923.339,0.014,0.011,0.010,0.000
TARGET13,-6564.656,1132.008,-1315.613,0.015,0.010,0.010,0.000
TARGET14,-6327.137,1386.717,-2025.353,0.015,0.010,0.011,0.000
TARGET15,-7081.245,863.492,-201.850,0.014,0.012,0.012,0.000
TARGET16,-6765.414,1150.138,-1097.628,0.015,0.011,0.011,0.000
TARGET17,-7043.716,964.230,-426.235,0.014,0.012,0.011,0.000
TARGET18,-7017.274,1172.497,-819.044,0.015,0.011,0.011,0.000
TARGET19,-6781.304,1421.388,-1533.144,0.015,0.011,0.011,0.000
TARGET20,-7019.223,1333.011,-1089.509,0.015,0.012,0.012,0.000
TARGET21,-6979.051,1435.707,-1312.509,0.015,0.011,0.011,0.000
TARGET22,-7429.271,1477.978,-815.105,0.016,0.012,0.013,0.000
TARGET23,-7400.328,1687.928,-1206.971,0.016,0.012,0.013,0.000
TARGET24,-6179.258,621.698,-924.332,0.013,0.010,0.009,0.000
TARGET25,-7600.911,1710.985,-990.476,0.017,0.013,0.015,0.000
TARGET26,-7490.212,1012.183,73.272,0.015,0.013,0.013,0.000
TARGET27,-7544.788,554.821,971.590,0.016,0.017,0.015,0.000
TARGET28,-7353.081,534.602,747.067,0.015,0.016,0.013,0.000
TARGET29,-7102.522,502.096,469.292,0.014,0.014,0.012,0.000
TARGET30,-7526.897,912.690,299.047,0.015,0.014,0.013,0.000
TARGET31,-8513.293,1947.457,-156.477,0.021,0.016,0.021,0.000
TARGET32,-7273.773,727.885,291.429,0.014,0.014,0.012,0.000
TARGET33,-6690.008,200.823,467.576,0.013,0.013,0.011,0.000
TARGET34,-6910.578,485.252,245.390,0.014,0.013,0.011,0.000
TARGET35,-7077.401,705.579,71.704,0.014,0.013,0.012,0.000
TARGET36,-6694.204,356.531,192.631,0.013,0.013,0.011,0.000
TARGET37,-7296.124,993.241,-149.222,0.014,0.013,0.012,0.000
TARGET38,-6657.558,455.678,-31.560,0.013,0.012,0.010,0.000
TARGET39,-2129.090,-2290.203,-504.324,0.013,0.016,0.011,0.000
TARGET40,-5370.964,-2034.099,3023.465,0.012,0.018,0.014,0.000
TARGET41,-6142.819,886.056,-1417.061,0.014,0.010,0.009,0.000
TARGET42,-6378.864,638.638,-705.757,0.013,0.011,0.010,0.000
TARGET43,-7464.198,1216.324,-319.209,0.015,0.013,0.013,0.000
TARGET44,-7137.928,404.162,694.340,0.014,0.015,0.013,0.000
TARGET45,-6398.115,907.997,-1142.488,0.014,0.010,0.010,0.000
TARGET46,-6849.307,947.705,-646.198,0.014,0.011,0.011,0.000
TARGET47,-6009.719,399.015,-750.294,0.013,0.010,0.009,0.000
TARGET48,-5792.338,274.082,-801.510,0.013,0.010,0.009,0.000
TARGET49,-6208.331,414.181,-529.807,0.013,0.011,0.010,0.000
TARGET50,-6827.235,679.754,-208.139,0.014,0.012,0.011,0.000
TARGET51,-6462.169,439.232,-253.193,0.013,0.012,0.010,0.000
TARGET52,-6240.924,155.620,-33.495,0.013,0.012,0.010,0.000
TARGET53,-6440.762,175.954,186.906,0.013,0.012,0.011,0.000
TARGET54,-6515.133,-21.195,641.181,0.013,0.013,0.011,0.000
TARGET55,-6299.117,-147.937,589.089,0.013,0.013,0.011,0.000
TARGET56,-7131.755,250.306,968.253,0.014,0.015,0.013,0.000
TARGET57,-6709.397,-2.812,865.612,0.014,0.014,0.012,0.000
TARGET58,-7325.809,273.920,1189.849,0.016,0.016,0.015,0.000
TARGET59,-6959.594,29.107,1144.126,0.014,0.016,0.013,0.000
TARGET60,-6743.894,-99.466,1091.054,0.013,0.014,0.013,0.000
TARGET61,-6736.978,-251.927,1367.256,0.014,0.014,0.013,0.000
TARGET62,-6931.626,-227.204,1587.777,0.016,0.016,0.014,0.000
TARGET63,-2052.605,-647.777,4351.264,0.015,0.013,0.015,0.000
TARGET64,-2328.943,-632.074,4630.835,0.016,0.013,0.015,0.000
TARGET65,-2043.140,-334.142,4340.581,0.015,0.012,0.014,0.000
TARGET66,-2646.305,-700.637,4886.446,0.016,0.014,0.018,0.000
TARGET67,-2315.065,-312.439,4615.796,0.015,0.012,0.015,0.000
TARGET68,-2029.516,64.008,4320.783,0.015,0.011,0.014,0.000
TARGET69,-2172.232,-85.685,4468.947,0.015,0.011,0.014,0.000
TARGET70,-2537.834,-300.066,4837.088,0.015,0.012,0.016,0.000
TARGET71,-2305.862,80.947,4600.558,0.014,0.011,0.015,0.000
TARGET72,-2155.612,625.070,4432.429,0.015,0.010,0.015,0.000
TARGET73,-2295.680,398.823,4581.895,0.015,0.010,0.015,0.000
TARGET74,-2523.463,98.323,4816.756,0.014,0.011,0.016,0.000
TARGET75,-2668.912,-50.118,4962.458,0.015,0.012,0.016,0.000
TARGET76,-2814.802,-276.873,5107.032,0.015,0.013,0.017,0.000
TARGET77,-2518.602,411.921,4803.527,0.015,0.011,0.016,0.000
TARGET78,-2805.075,116.513,5091.426,0.014,0.012,0.017,0.000
TARGET79,-2794.499,433.545,5072.551,0.014,0.011,0.017,0.000
TARGET80,-5097.268,335.681,-1733.396,0.013,0.010,0.009,0.000
TARGET81,-5298.974,345.250,-1514.146,0.012,0.010,0.009,0.000
TARGET82,-5338.389,241.739,-1292.660,0.012,0.010,0.009,0.000
TARGET83,-6245.403,312.508,-305.282,0.013,0.011,0.010,0.000
TARGET84,-7401.160,85.487,1648.328,0.018,0.018,0.016,0.000
TARGET85,-7152.116,50.876,1367.158,0.015,0.017,0.014,0.000
TARGET86,-7578.970,457.956,1197.624,0.016,0.017,0.015,0.000
TARGET87,-6884.919,222.472,686.822,0.013,0.014,0.012,0.000
TARGET88,-5790.527,116.324,-529.701,0.012,0.011,0.009,0.000
TARGET89,-5534.980,95.209,-805.777,0.012,0.010,0.009,0.000
TARGET90,-5752.858,376.027,-1024.853,0.013,0.010,0.009,0.000
TARGET91,-5726.843,589.390,-1418.316,0.013,0.010,0.009,0.000
TARGET92,-6263.522,-49.263,363.258,0.013,0.012,0.011,0.000
TARGET93,-5990.092,133.757,-311.992,0.013,0.011,0.010,0.000
TARGET94,-5557.619,365.554,-1242.044,0.012,0.010,0.009,0.000
TARGET95,-5229.912,832.403,-2399.434,0.014,0.010,0.010,0.000
TARGET96,-5400.959,1057.861,-2569.778,0.014,0.010,0.010,0.000
TARGET97,-437.235,-1172.049,2589.957,0.016,0.013,0.012,0.000
TARGET98,-897.935,-1136.083,3113.702,0.015,0.013,0.013,0.000
TARGET99,-760.176,-909.555,2962.732,0.015,0.012,0.013,0.000
TARGET100,-624.273,-760.002,2810.211,0.015,0.011,0.012,0.000
TARGET101,-883.972,-742.961,3102.919,0.015,0.012,0.013,0.000
TARGET102,-615.394,-446.155,2800.325,0.015,0.010,0.012,0.000
TARGET103,-409.113,-461.634,2563.534,0.015,0.011,0.012,0.000
TARGET104,44.411,-499.999,2028.654,0.015,0.011,0.013,0.000
TARGET105,-736.204,-196.565,2934.985,0.015,0.010,0.012,0.000
TARGET106,-861.924,-30.174,3073.509,0.014,0.010,0.013,0.000
TARGET107,-601.168,-48.780,2779.534,0.014,0.010,0.012,0.000
TARGET108,-143.433,-86.345,2248.760,0.015,0.011,0.013,0.000
TARGET109,-300.853,-945.012,2435.347,0.016,0.012,0.013,0.000
TARGET110,320.133,585.403,1670.124,0.018,0.011,0.014,0.000
TARGET111,506.041,170.629,1453.319,0.020,0.012,0.014,0.000
TARGET112,191.751,436.405,1833.024,0.016,0.010,0.013,0.000
TARGET113,309.610,185.917,1696.632,0.017,0.011,0.014,0.000
TARGET114,63.824,210.736,1994.860,0.015,0.010,0.013,0.000
TARGET115,-138.655,226.201,2236.173,0.015,0.010,0.013,0.000
TARGET116,-390.154,249.360,2530.075,0.015,0.010,0.013,0.000
TARGET117,53.989,-107.209,2013.653,0.015,0.010,0.013,0.000
TARGET118,-596.057,263.878,2766.356,0.014,0.009,0.012,0.000
TARGET119,174.786,-273.231,1869.783,0.016,0.011,0.013,0.000
TARGET120,-399.287,-68.405,2547.960,0.015,0.010,0.012,0.000
TARGET121,-275.256,-234.869,2405.976,0.015,0.011,0.012,0.000
TARGET122,-158.021,-484.947,2269.908,0.016,0.011,0.013,0.000
TARGET123,-1205.212,-158.276,3454.188,0.015,0.011,0.013,0.000
TARGET124,-1081.982,-409.185,3322.001,0.015,0.011,0.013,0.000
TARGET125,-1342.926,-385.660,3605.801,0.015,0.011,0.013,0.000
TARGET126,-166.031,-796.444,2278.582,0.017,0.012,0.013,0.000
TARGET127,-422.209,-778.952,2578.200,0.015,0.012,0.012,0.000
TARGET128,-1089.754,-721.702,3330.780,0.016,0.012,0.013,0.000
TARGET129,52.923,-910.580,1950.108,0.018,0.013,0.013,0.000
TARGET130,-1229.661,-869.640,3482.617,0.016,0.013,0.013,0.000
TARGET131,-1109.532,-1118.622,3348.025,0.017,0.014,0.014,0.000
TARGET132,-642.301,-1157.904,2825.371,0.016,0.013,0.013,0.000
TARGET133,-186.524,-1195.737,2296.534,0.017,0.014,0.013,0.000
TARGET134,304.140,-124.301,1709.884,0.018,0.012,0.014,0.000
TARGET135,290.548,-522.745,1729.805,0.018,0.013,0.013,0.000
TARGET136,-1068.326,-9.580,3301.911,0.015,0.010,0.013,0.000
TARGET137,-5489.171,849.910,-2130.442,0.014,0.010,0.009,0.000
TARGET138,-5269.547,726.400,-2181.111,0.013,0.010,0.009,0.000
TARGET139,-260.276,476.375,2371.341,0.015,0.010,0.012,0.000
TARGET140,-586.923,663.300,2741.882,0.015,0.009,0.013,0.000
TARGET141,-6238.354,1598.501,-2473.848,0.016,0.010,0.011,0.000
TARGET142,-5656.217,1236.320,-2565.683,0.015,0.010,0.010,0.000
TARGET143,-6693.895,1629.488,-1982.629,0.016,0.010,0.011,0.000
TARGET144,-5661.372,1074.025,-2297.095,0.014,0.010,0.010,0.000
TARGET145,-6948.759,1649.452,-1705.387,0.016,0.011,0.012,0.000
TARGET146,-5469.933,570.959,-1691.601,0.013,0.009,0.009,0.000
TARGET147,-5080.905,65.511,-1297.104,0.012,0.010,0.009,0.000
TARGET148,-5272.025,563.559,-1909.984,0.013,0.010,0.009,0.000
TARGET149,-5012.828,547.504,-2181.120,0.013,0.011,0.010,0.000
TARGET150,-4836.486,318.286,-2003.926,0.013,0.011,0.010,0.000
TARGET151,-6525.871,1398.932,-1807.051,0.015,0.010,0.011,0.000
TARGET152,-4877.152,213.074,-1782.449,0.013,0.010,0.009,0.000
TARGET153,-5405.488,1330.778,-3001.274,0.016,0.011,0.011,0.000
TARGET154,-5613.103,1343.725,-2787.197,0.016,0.011,0.011,0.000
TARGET155,-6071.342,1368.190,-2297.425,0.015,0.010,0.011,0.000
TARGET156,-6565.767,1293.622,-1584.463,0.015,0.010,0.011,0.000
TARGET157,-4706.638,-168.404,-1335.934,0.012,0.010,0.009,0.000
TARGET158,-5687.711,856.059,-1909.242,0.014,0.009,0.009,0.000
TARGET159,-5336.647,81.542,-1021.239,0.013,0.010,0.010,0.000
TARGET160,-4876.901,51.722,-1511.827,0.013,0.010,0.010,0.000
TARGET161,-5726.654,751.531,-1690.041,0.013,0.010,0.009,0.000
TARGET162,-1823.945,-348.609,4114.642,0.015,0.012,0.014,0.000
TARGET163,-1557.951,-370.202,3835.518,0.016,0.012,0.014,0.000
TARGET164,-871.826,-422.412,3089.328,0.015,0.011,0.013,0.000
TARGET165,-1334.310,6.819,3591.236,0.016,0.011,0.013,0.000
TARGET166,-1683.849,-120.349,3965.526,0.015,0.011,0.014,0.000
TARGET167,-853.131,288.766,3056.004,0.015,0.010,0.012,0.000
TARGET168,-1544.066,27.899,3815.246,0.015,0.011,0.014,0.000
TARGET169,-1062.191,302.237,3287.548,0.015,0.010,0.013,0.000
TARGET170,-719.594,512.461,2898.489,0.016,0.010,0.013,0.000
TARGET171,-1815.581,44.808,4100.265,0.015,0.011,0.014,0.000
TARGET172,-1323.960,324.304,3572.174,0.015,0.010,0.013,0.000
TARGET173,-847.682,680.813,3035.918,0.015,0.010,0.013,0.000
TARGET174,-1539.395,340.520,3802.333,0.015,0.010,0.014,0.000
TARGET175,-1189.284,551.010,3418.447,0.015,0.010,0.013,0.000
TARGET176,-1053.213,700.561,3263.330,0.014,0.009,0.013,0.000
TARGET177,-1804.269,363.571,4080.291,0.015,0.010,0.014,0.000
TARGET178,-841.786,998.039,3014.214,0.015,0.009,0.013,0.000
TARGET179,-1319.666,717.381,3553.248,0.015,0.009,0.013,0.000
TARGET180,-2024.276,375.792,4307.240,0.015,0.010,0.014,0.000
TARGET181,-1667.198,590.488,3928.942,0.015,0.010,0.014,0.000
TARGET182,-711.819,1224.396,2855.001,0.016,0.009,0.013,0.000
TARGET183,-1052.062,1012.859,3247.133,0.015,0.009,0.013,0.000
TARGET184,-1528.640,738.587,3776.273,0.015,0.010,0.014,0.000
TARGET185,-580.507,1373.369,2696.098,0.015,0.009,0.013,0.000
TARGET186,-1312.783,1036.431,3530.498,0.016,0.010,0.014,0.000
TARGET187,-841.872,1390.863,2991.008,0.015,0.009,0.013,0.000
TARGET188,-1800.339,755.874,4061.569,0.015,0.010,0.014,0.000
TARGET189,-1180.781,1262.104,3374.221,0.015,0.009,0.014,0.000
TARGET190,-1528.095,1051.339,3760.641,0.015,0.009,0.014,0.000
TARGET191,-1047.529,1411.036,3218.442,0.015,0.009,0.014,0.000
TARGET192,-2014.529,774.744,4282.272,0.015,0.010,0.015,0.000
TARGET193,-1794.365,1073.171,4039.976,0.015,0.009,0.015,0.000
TARGET194,-1659.217,1300.390,3885.227,0.015,0.009,0.015,0.000
TARGET195,-2291.253,790.852,4562.562,0.015,0.010,0.016,0.000
TARGET196,-2652.705,660.431,4926.525,0.015,0.011,0.017,0.000
TARGET197,-2509.040,810.247,4778.840,0.015,0.010,0.016,0.000
TARGET198,-2285.810,1108.452,4541.488,0.015,0.010,0.016,0.000
TARGET199,-3023.341,445.724,5291.656,0.016,0.012,0.019,0.000
TARGET200,-2148.561,1334.863,4389.587,0.015,0.010,0.016,0.000
TARGET201,-2790.659,825.997,5053.708,0.015,0.011,0.017,0.000
TARGET202,-2508.207,1122.681,4762.566,0.015,0.010,0.017,0.000
TARGET203,-3304.282,467.299,5554.953,0.017,0.014,0.023,0.000
TARGET204,-3014.360,844.544,5267.550,0.015,0.011,0.019,0.000
TARGET205,-2785.723,1144.351,5033.040,0.015,0.011,0.019,0.000
TARGET206,-3011.157,1157.410,5248.785,0.015,0.012,0.020,0.000
TARGET207,-385.020,642.980,2510.369,0.016,0.010,0.013,0.000
TARGET208,-379.345,958.591,2488.855,0.015,0.010,0.013,0.000
TARGET209,-585.660,975.372,2725.613,0.016,0.010,0.013,0.000
TARGET210,-251.479,1185.474,2326.569,0.018,0.010,0.014,0.000
TARGET211,-379.233,1352.044,2465.384,0.016,0.010,0.014,0.000
TARGET212,-2014.546,1085.611,4267.142,0.015,0.010,0.016,0.000
TARGET213,-3159.635,694.326,5411.370,0.015,0.012,0.020,0.000
TARGET214,-3301.145,859.216,5536.676,0.016,0.013,0.024,0.000
TARGET216,-7163.831,1941.345,-1920.834,0.017,0.011,0.013,0.000
TARGET217,-6947.486,1812.579,-1974.624,0.017,0.011,0.013,0.000
TARGET218,-7360.350,1954.683,-1700.317,0.017,0.011,0.013,0.000
TARGET223,-5939.175,-1236.975,2170.934,0.014,0.016,0.013,0.000
TARGET224,-5691.420,-1265.333,1889.219,0.013,0.015,0.012,0.000
TARGET225,-5495.015,-1288.148,1670.284,0.012,0.014,0.012,0.000
TARGET226,-5915.456,-993.821,1666.019,0.012,0.014,0.012,0.000
TARGET227,-5502.366,-1138.513,1392.846,0.013,0.014,0.012,0.000
TARGET228,-5722.351,-1013.158,1444.701,0.012,0.014,0.012,0.000
TARGET229,-5646.155,-823.042,985.186,0.013,0.013,0.012,0.000
TARGET230,-5196.579,-865.776,488.440,0.012,0.012,0.011,0.000
TARGET231,-5455.821,-689.329,492.680,0.012,0.013,0.011,0.000
TARGET232,-4999.089,-881.779,270.639,0.012,0.012,0.010,0.000
TARGET233,-2341.987,-1024.722,4640.615,0.016,0.015,0.017,0.000
TARGET234,-2070.612,-1045.681,4366.218,0.016,0.015,0.016,0.000
TARGET235,-1851.358,-1059.900,4140.392,0.016,0.014,0.015,0.000
TARGET236,-1584.949,-1082.714,3860.823,0.016,0.013,0.014,0.000
TARGET237,-1370.392,-1095.975,3631.746,0.016,0.013,0.014,0.000
TARGET238,-1837.397,-666.929,4129.446,0.015,0.012,0.014,0.000
TARGET239,-1566.358,-684.452,3845.034,0.016,0.013,0.014,0.000
TARGET240,-1356.723,-703.330,3621.074,0.016,0.012,0.013,0.000
TARGET241,-2196.572,-797.409,4496.924,0.016,0.014,0.016,0.000
TARGET242,-1708.433,-833.343,3993.989,0.016,0.013,0.014,0.000
TARGET243,-4942.866,-420.667,-621.744,0.012,0.011,0.009,0.000
TARGET244,-5361.817,-127.043,-629.779,0.013,0.011,0.010,0.000
TARGET245,-5166.100,-138.923,-845.151,0.013,0.011,0.010,0.000
TARGET246,-6131.502,-1215.187,2393.826,0.016,0.016,0.015,0.000
TARGET247,-6353.773,-942.939,2167.100,0.015,0.016,0.014,0.000
TARGET248,-6165.766,-962.495,1945.687,0.014,0.015,0.013,0.000
TARGET249,-6532.133,-723.895,1987.937,0.015,0.016,0.014,0.000
TARGET250,-6338.050,-747.824,1766.615,0.013,0.015,0.013,0.000
TARGET251,-6563.857,-468.858,1541.642,0.014,0.015,0.013,0.000
TARGET252,-6293.118,-301.712,864.070,0.013,0.013,0.012,0.000
TARGET253,-5619.303,-103.505,-355.556,0.013,0.011,0.010,0.000
TARGET254,-4945.220,-261.900,-895.461,0.012,0.010,0.010,0.000
TARGET255,-4907.925,-158.761,-1117.372,0.013,0.011,0.010,0.000
TARGET256,-4377.806,300.968,-2489.927,0.015,0.013,0.011,0.000
TARGET257,-4417.263,193.554,-2270.238,0.014,0.012,0.011,0.000
TARGET258,-5223.799,-604.092,46.542,0.012,0.011,0.010,0.000
TARGET259,-5594.168,-369.948,87.563,0.012,0.012,0.010,0.000
TARGET260,-4967.364,-627.037,-227.450,0.012,0.011,0.010,0.000
TARGET261,-5850.613,-192.123,91.665,0.012,0.012,0.011,0.000
TARGET262,-6069.173,-65.341,142.144,0.013,0.012,0.011,0.000
TARGET263,-5397.549,-384.680,-131.323,0.012,0.011,0.010,0.000
TARGET264,-5813.754,-91.951,-133.754,0.012,0.011,0.010,0.000
TARGET265,-5143.578,-404.164,-408.418,0.012,0.011,0.010,0.000
TARGET266,-5400.801,-228.103,-404.897,0.012,0.011,0.010,0.000
TARGET267,-6089.648,-777.039,1485.461,0.013,0.014,0.012,0.000
TARGET268,-5469.770,-1042.096,1167.095,0.012,0.013,0.012,0.000
TARGET269,-6347.120,-596.410,1489.281,0.013,0.014,0.013,0.000
TARGET270,-5896.463,-797.410,1265.994,0.013,0.014,0.012,0.000
TARGET271,-6311.646,-501.117,1261.036,0.013,0.014,0.012,0.000
TARGET272,-5903.493,-645.993,990.712,0.013,0.013,0.012,0.000
TARGET273,-6120.347,-520.367,1042.131,0.013,0.014,0.012,0.000
TARGET274,-5449.402,-842.788,767.592,0.012,0.013,0.011,0.000
TARGET275,-6488.553,-280.955,1085.730,0.013,0.014,0.012,0.000
TARGET276,-5868.908,-548.291,763.935,0.012,0.013,0.011,0.000
TARGET277,-5673.456,-564.818,542.074,0.012,0.013,0.011,0.000
TARGET278,-6042.627,-328.040,584.386,0.013,0.013,0.011,0.000
TARGET279,-5418.499,-591.280,266.625,0.012,0.012,0.010,0.000
TARGET280,-5845.641,-347.709,366.279,0.013,0.012,0.011,0.000
TARGET281,-5003.977,-727.258,-3.085,0.012,0.011,0.010,0.000
TARGET282,631.067,397.629,1289.018,0.025,0.014,0.015,0.000
TARGET283,511.579,564.263,1433.261,0.022,0.013,0.015,0.000
TARGET284,70.124,604.194,1973.835,0.019,0.011,0.015,0.000
TARGET285,-128.780,624.825,2210.564,0.016,0.010,0.013,0.000
TARGET286,517.682,882.179,1410.558,0.022,0.012,0.015,0.000
TARGET287,320.691,899.415,1654.588,0.017,0.010,0.013,0.000
TARGET288,639.615,1107.105,1243.887,0.024,0.013,0.016,0.000
TARGET289,74.851,921.910,1953.146,0.018,0.011,0.014,0.000
TARGET290,-127.242,936.271,2194.133,0.018,0.011,0.014,0.000
TARGET291,518.582,1275.012,1385.889,0.023,0.012,0.016,0.000
TARGET292,199.262,1149.124,1789.302,0.017,0.010,0.013,0.000
TARGET293,325.196,1297.012,1625.159,0.021,0.011,0.015,0.000
TARGET294,75.016,1315.459,1929.463,0.019,0.011,0.014,0.000
TARGET295,-122.705,1334.210,2165.043,0.018,0.010,0.014,0.000
TARGET296,-3292.192,1886.952,5464.446,0.018,0.013,0.028,0.000
TARGET297,-3010.409,1866.332,5200.676,0.017,0.012,0.024,0.000
TARGET298,-3153.045,2115.013,5315.210,0.017,0.012,0.025,0.000
TARGET299,-3297.744,2279.077,5436.102,0.019,0.013,0.029,0.000
TARGET300,-3010.929,2264.335,5167.329,0.018,0.012,0.024,0.000
TARGET301,-3299.442,2593.445,5407.058,0.020,0.014,0.032,0.000
TARGET302,-2645.147,2079.642,4830.350,0.018,0.012,0.023,0.000
TARGET303,-3017.095,2575.082,5143.048,0.019,0.013,0.029,0.000
TARGET304,-3163.292,2822.117,5255.163,0.020,0.013,0.031,0.000
TARGET305,-3022.578,2971.752,5104.920,0.019,0.013,0.028,0.000
TARGET306,-2798.967,2954.092,4892.235,0.020,0.013,0.027,0.000
TARGET307,-3033.476,3284.324,5077.406,0.020,0.014,0.031,0.000
TARGET308,-2516.450,2937.807,4617.340,0.019,0.012,0.026,0.000
TARGET309,-3044.515,3680.937,5034.393,0.023,0.015,0.034,0.000
TARGET310,-2528.201,3247.513,4591.475,0.020,0.013,0.027,0.000
TARGET311,-2673.798,3496.965,4702.025,0.022,0.014,0.030,0.000
TARGET312,-2819.728,3661.285,4821.434,0.022,0.015,0.031,0.000
TARGET313,-2304.667,3235.128,4369.782,0.020,0.013,0.026,0.000
TARGET314,-2537.586,3645.226,4547.437,0.021,0.014,0.028,0.000
TARGET315,-2319.323,3626.317,4332.123,0.021,0.014,0.027,0.000
TARGET316,-2175.669,3461.565,4209.433,0.021,0.013,0.025,0.000
TARGET317,-2553.445,3956.930,4517.071,0.022,0.015,0.029,0.000
TARGET318,-2042.139,3611.663,4051.923,0.021,0.014,0.026,0.000
TARGET319,-2055.699,3922.261,4020.017,0.022,0.015,0.027,0.000
TARGET320,-1836.551,3905.474,3795.000,0.022,0.014,0.026,0.000
TARGET321,-1355.734,3870.127,3287.134,0.023,0.014,0.024,0.000
TARGET322,-3151.488,1404.571,5366.919,0.017,0.012,0.024,0.000
TARGET323,-3294.786,1570.049,5490.223,0.016,0.012,0.024,0.000
TARGET324,-3006.929,1555.139,5220.122,0.015,0.011,0.020,0.000
TARGET325,-2785.700,1536.278,5008.958,0.016,0.011,0.020,0.000
TARGET326,-2787.168,2245.341,4954.081,0.018,0.012,0.023,0.000
TARGET327,-2789.032,2561.030,4925.302,0.020,0.013,0.027,0.000
TARGET328,-2512.242,2540.777,4656.281,0.018,0.012,0.024,0.000
TARGET329,-2654.814,2789.375,4770.362,0.020,0.012,0.026,0.000
TARGET330,-3183.578,3529.534,5186.871,0.022,0.015,0.033,0.000
TARGET331,-2805.936,3269.789,4860.585,0.021,0.014,0.030,0.000
TARGET332,-2299.108,2918.381,4402.508,0.019,0.012,0.024,0.000
TARGET333,-2032.217,3213.403,4095.130,0.021,0.013,0.025,0.000
TARGET334,8.699,4146.297,1665.922,0.031,0.017,0.023,0.000
TARGET335,257.685,4129.286,1360.453,0.030,0.017,0.022,0.000
TARGET336,-2008.934,1483.412,4237.380,0.015,0.010,0.016,0.000
TARGET337,-2010.613,1795.967,4216.689,0.016,0.010,0.018,0.000
TARGET338,-2147.853,2043.602,4336.854,0.017,0.011,0.021,0.000
TARGET339,-1791.840,1782.519,3991.119,0.017,0.010,0.018,0.000
TARGET340,-2010.321,2193.086,4183.104,0.018,0.011,0.021,0.000
TARGET341,-2289.058,2526.272,4434.854,0.018,0.012,0.022,0.000
TARGET342,-1659.515,2009.367,3833.777,0.018,0.011,0.019,0.000
TARGET343,-1796.538,2175.003,3963.173,0.017,0.011,0.018,0.000
TARGET344,-2017.330,2505.636,4160.348,0.018,0.011,0.021,0.000
TARGET345,-2157.181,2752.875,4277.355,0.019,0.012,0.023,0.000
TARGET346,-1798.322,2491.978,3934.716,0.018,0.011,0.020,0.000
TARGET347,-2021.980,2901.986,4122.226,0.020,0.012,0.024,0.000
TARGET348,-1315.398,2137.728,3454.576,0.018,0.011,0.017,0.000
TARGET349,-1531.371,2469.065,3655.049,0.018,0.011,0.020,0.000
TARGET350,-1807.316,2883.034,3901.778,0.020,0.012,0.023,0.000
TARGET351,-1668.163,2716.817,3774.185,0.019,0.011,0.020,0.000
TARGET352,-1316.454,2453.244,3425.483,0.019,0.011,0.019,0.000
TARGET353,-1049.616,2120.994,3165.187,0.017,0.010,0.016,0.000
TARGET354,-1812.669,3198.433,3869.170,0.021,0.013,0.024,0.000
TARGET355,-1535.737,2866.875,3616.645,0.020,0.011,0.020,0.000
TARGET356,-2327.725,3943.104,4293.823,0.023,0.015,0.028,0.000
TARGET357,-1053.857,2430.608,3140.097,0.018,0.011,0.017,0.000
TARGET358,-1325.976,2845.271,3393.313,0.020,0.011,0.019,0.000
TARGET359,-1545.795,3177.479,3589.747,0.021,0.012,0.022,0.000
TARGET360,-1828.062,3590.310,3832.760,0.022,0.013,0.025,0.000
TARGET361,-1189.754,2679.652,3263.400,0.020,0.011,0.019,0.000
TARGET362,-1686.592,3425.544,3706.749,0.021,0.013,0.024,0.000
TARGET363,-1332.649,3162.680,3361.947,0.021,0.012,0.022,0.000
TARGET364,-1556.424,3574.279,3547.679,0.021,0.013,0.023,0.000
TARGET365,-1059.641,2828.370,3103.244,0.020,0.011,0.019,0.000
TARGET366,-1569.769,3886.089,3515.612,0.022,0.014,0.025,0.000
TARGET367,-1347.044,3554.685,3324.684,0.022,0.013,0.022,0.000
TARGET368,-1069.882,3139.967,3076.565,0.022,0.012,0.021,0.000
TARGET369,-1208.905,3387.675,3197.121,0.022,0.013,0.021,0.000
TARGET370,-855.630,2808.547,2877.659,0.019,0.011,0.018,0.000
TARGET371,-722.031,2642.522,2745.332,0.019,0.011,0.017,0.000
TARGET372,-860.246,3126.670,2843.799,0.021,0.012,0.019,0.000
TARGET373,-1080.842,3536.924,3034.778,0.022,0.013,0.021,0.000
TARGET374,-1235.916,4095.559,3119.892,0.023,0.014,0.024,0.000
TARGET375,-1094.993,3847.970,3003.861,0.023,0.014,0.022,0.000
TARGET376,-875.542,3515.240,2808.047,0.022,0.013,0.020,0.000
TARGET377,-739.001,3351.337,2676.261,0.022,0.013,0.020,0.000
TARGET378,-603.299,3103.127,2553.974,0.020,0.012,0.018,0.000
TARGET379,-884.561,3831.920,2770.482,0.023,0.014,0.022,0.000
TARGET380,-260.737,2604.146,2214.878,0.020,0.012,0.016,0.000
TARGET381,-614.255,3499.085,2512.145,0.023,0.013,0.020,0.000
TARGET382,-767.090,4057.641,2600.188,0.026,0.015,0.024,0.000
TARGET383,-627.999,3810.473,2480.672,0.025,0.014,0.022,0.000
TARGET384,-136.431,2752.554,2049.948,0.020,0.012,0.016,0.000
TARGET385,69.813,2339.875,1847.905,0.020,0.012,0.015,0.000
TARGET386,-413.188,3477.773,2281.338,0.023,0.013,0.020,0.000
TARGET387,-281.322,3311.644,2149.667,0.022,0.013,0.018,0.000
TARGET388,-147.901,3063.361,2024.589,0.020,0.012,0.017,0.000
TARGET389,-423.318,3795.236,2244.530,0.026,0.014,0.022,0.000
TARGET390,-158.085,3460.112,1981.189,0.026,0.014,0.021,0.000
TARGET391,315.184,2316.385,1549.292,0.023,0.012,0.017,0.000
TARGET392,54.613,3048.582,1781.959,0.023,0.013,0.018,0.000
TARGET393,-308.624,4019.749,2071.669,0.028,0.016,0.023,0.000
TARGET394,-172.027,3771.117,1949.683,0.028,0.015,0.023,0.000
TARGET395,515.034,1983.325,1332.972,0.026,0.013,0.018,0.000
TARGET396,762.426,1255.503,1077.351,0.028,0.014,0.018,0.000
TARGET397,38.798,3439.463,1745.929,0.026,0.014,0.019,0.000
TARGET398,309.187,2713.314,1511.541,0.026,0.013,0.019,0.000
TARGET399,637.517,1816.339,1193.077,0.026,0.013,0.018,0.000
TARGET400,169.409,3274.171,1609.917,0.026,0.014,0.019,0.000
TARGET401,513.922,2300.442,1302.240,0.026,0.013,0.018,0.000
TARGET402,30.604,3755.600,1706.363,0.029,0.015,0.022,0.000
TARGET403,759.163,1566.391,1058.494,0.029,0.014,0.018,0.000
TARGET404,298.923,3025.387,1484.094,0.026,0.013,0.019,0.000
TARGET405,502.817,2693.833,1271.021,0.027,0.013,0.018,0.000
TARGET406,288.568,3421.528,1440.129,0.026,0.014,0.019,0.000
TARGET407,758.754,1963.257,1024.029,0.030,0.014,0.019,0.000
TARGET408,141.771,3980.993,1531.295,0.029,0.016,0.021,0.000
TARGET409,628.543,2526.094,1131.178,0.031,0.014,0.019,0.000
TARGET410,496.477,3009.912,1237.805,0.027,0.013,0.018,0.000
TARGET411,275.418,3733.307,1407.029,0.029,0.015,0.021,0.000
TARGET412,752.354,2276.660,1000.123,0.031,0.014,0.019,0.000
TARGET413,480.937,3400.668,1200.745,0.028,0.015,0.019,0.000
TARGET414,746.295,2674.034,961.392,0.029,0.014,0.018,0.000
TARGET415,608.142,3234.126,1063.124,0.028,0.014,0.018,0.000
TARGET416,735.958,2984.200,933.776,0.029,0.015,0.019,0.000
TARGET417,724.333,3381.181,890.217,0.030,0.015,0.019,0.000
TARGET418,-1794.217,1466.292,4016.196,0.015,0.010,0.016,0.000
TARGET419,-1525.307,1760.437,3711.574,0.017,0.010,0.016,0.000
TARGET420,-132.254,2354.921,2089.443,0.019,0.011,0.015,0.000
TARGET421,-399.066,3085.591,2319.053,0.020,0.012,0.017,0.000
TARGET425,-4768.934,-639.376,-445.309,0.012,0.011,0.009,0.000
TARGET426,-4744.852,-901.685,-6.012,0.012,0.012,0.010,0.000
TARGET427,-4685.818,-437.421,-897.814,0.012,0.011,0.010,0.000
TARGET428,-4604.033,-1218.485,398.169,0.012,0.013,0.011,0.000
TARGET429,-4568.225,-1119.599,173.328,0.012,0.012,0.010,0.000
TARGET430,-4543.950,-916.784,-221.981,0.012,0.012,0.010,0.000
TARGET432,-391.898,2771.151,2349.790,0.020,0.012,0.017,0.000
TARGET433,-594.238,2790.821,2582.183,0.019,0.011,0.017,0.000
TARGET434,-845.934,2416.420,2909.580,0.019,0.011,0.017,0.000
TARGET435,-1524.501,2158.893,3677.435,0.018,0.011,0.019,0.000
TARGET437,23.894,4556.689,1525.584,0.036,0.019,0.026,0.000
TARGET438,-207.378,4478.611,1866.511,0.034,0.018,0.028,0.000
TARGET439,-189.117,4168.509,1902.435,0.031,0.016,0.025,0.000
TARGET440,-458.028,4501.725,2161.115,0.033,0.018,0.028,0.000
TARGET441,-663.501,4518.104,2398.543,0.031,0.017,0.026,0.000
TARGET442,-1109.717,4243.296,2955.234,0.026,0.016,0.025,0.000
TARGET443,-1376.041,4260.156,3245.589,0.024,0.015,0.026,0.000
TARGET444,-2282.634,1817.016,4491.704,0.016,0.011,0.019,0.000
TARGET445,-2645.755,1370.520,4883.436,0.015,0.011,0.019,0.000
TARGET446,-2503.862,1520.353,4734.032,0.016,0.011,0.019,0.000
TARGET447,-2285.717,1501.097,4517.612,0.016,0.010,0.017,0.000
TARGET448,-1180.806,1970.992,3322.619,0.018,0.010,0.016,0.000
TARGET449,-1310.778,1745.283,3482.316,0.017,0.010,0.016,0.000
TARGET450,-589.568,2393.543,2620.543,0.019,0.011,0.017,0.000
TARGET451,-844.173,2099.010,2938.162,0.018,0.011,0.017,0.000
TARGET452,-1522.051,1448.943,3730.398,0.016,0.010,0.015,0.000
TARGET453,-382.658,2377.779,2382.587,0.019,0.011,0.016,0.000
TARGET454,59.262,2732.172,1816.477,0.023,0.012,0.018,0.000
TARGET455,-1048.670,1722.786,3197.448,0.016,0.010,0.015,0.000
TARGET456,-582.660,2082.356,2642.804,0.019,0.011,0.016,0.000
TARGET457,-712.112,1932.895,2803.686,0.018,0.011,0.016,0.000
TARGET458,-1314.054,1427.269,3508.647,0.016,0.010,0.015,0.000
TARGET459,188.064,2564.874,1678.769,0.023,0.012,0.017,0.000
TARGET460,-839.018,1706.171,2965.267,0.016,0.010,0.014,0.000
TARGET461,-380.604,2063.830,2410.731,0.019,0.011,0.016,0.000
TARGET462,-125.388,2044.529,2111.769,0.019,0.011,0.015,0.000
TARGET463,-582.961,1684.953,2676.615,0.018,0.010,0.015,0.000
TARGET464,-251.923,1896.696,2274.813,0.019,0.011,0.016,0.000
TARGET465,71.462,2023.627,1877.208,0.019,0.011,0.015,0.000
TARGET466,-377.162,1671.466,2439.943,0.018,0.011,0.015,0.000
TARGET467,321.609,2006.727,1572.342,0.019,0.012,0.015,0.000
TARGET468,197.951,1856.785,1738.230,0.019,0.011,0.015,0.000
TARGET469,77.114,1630.780,1904.056,0.018,0.011,0.015,0.000
TARGET470,322.278,1607.396,1606.110,0.019,0.011,0.015,0.000
TARGET471,519.440,1591.750,1361.572,0.024,0.012,0.017,0.000
TARGET472,757.819,858.166,1107.285,0.027,0.014,0.017,0.000
TARGET473,755.448,545.567,1124.937,0.026,0.015,0.016,0.000
TARGET474,745.973,146.820,1150.172,0.027,0.016,0.016,0.000
TARGET475,-3293.426,1177.959,5513.265,0.016,0.013,0.025,0.000
TARGET476,-2782.926,1853.543,4983.163,0.017,0.012,0.023,0.000
TARGET477,-2505.129,2228.797,4679.235,0.018,0.011,0.022,0.000
TARGET478,-2287.393,2209.641,4463.499,0.018,0.011,0.021,0.000
TARGET479,-2505.850,1830.836,4713.474,0.016,0.011,0.019,0.000
TARGET480,-125.652,1646.777,2146.000,0.018,0.011,0.015,0.000
TARGET481,-4824.858,-1096.230,446.687,0.012,0.013,0.011,0.000
TARGET482,-5020.237,-1083.406,667.672,0.012,0.013,0.012,0.000
TARGET483,-5275.861,-1055.982,942.098,0.012,0.013,0.012,0.000
TARGET484,-5055.951,-1180.709,894.266,0.012,0.013,0.012,0.000
TARGET485,-4796.439,-1355.164,891.894,0.012,0.014,0.011,0.000
TARGET486,-5050.186,-1330.703,1169.442,0.012,0.014,0.012,0.000
TARGET487,-5245.719,-1313.320,1389.895,0.012,0.014,0.012,0.000
TARGET488,-4872.567,-1545.067,1348.733,0.012,0.014,0.011,0.000
TARGET489,-5948.426,-1088.326,1893.303,0.014,0.015,0.013,0.000
TARGET490,-5065.685,-1529.856,1570.251,0.012,0.014,0.012,0.000
TARGET491,-5319.326,-1500.566,1848.268,0.013,0.015,0.012,0.000
TARGET492,-5100.523,-1623.976,1798.407,0.012,0.015,0.012,0.000
TARGET493,-5511.423,-1482.001,2069.576,0.013,0.015,0.012,0.000
TARGET494,-5762.607,-1450.171,2349.017,0.014,0.016,0.013,0.000
TARGET495,-5091.377,-1771.265,2074.542,0.012,0.015,0.012,0.000
TARGET496,-5544.114,-1575.497,2298.296,0.013,0.016,0.013,0.000
TARGET497,-5286.276,-1750.347,2294.848,0.014,0.016,0.013,0.000
TARGET498,-5534.484,-1721.655,2576.108,0.015,0.017,0.014,0.000
TARGET499,-1585.510,4281.179,3468.156,0.024,0.016,0.027,0.000
TARGET500,-1713.719,4132.070,3629.660,0.023,0.015,0.028,0.000
TARGET501,-2202.092,4168.769,4130.857,0.023,0.015,0.030,0.000
TARGET502,-229.658,4873.260,1813.316,0.038,0.021,0.030,0.000
TARGET503,-347.539,4725.635,1985.743,0.037,0.020,0.031,0.000
TARGET504,-484.061,4891.128,2113.900,0.037,0.020,0.032,0.000
TARGET505,-685.297,4912.919,2345.470,0.034,0.020,0.030,0.000
TARGET506,-805.250,4765.237,2514.005,0.033,0.018,0.028,0.000
TARGET507,-945.926,4929.871,2641.261,0.033,0.019,0.030,0.000
TARGET508,-1149.901,4949.639,2866.896,0.032,0.019,0.030,0.000
TARGET509,-919.424,4540.956,2687.743,0.030,0.017,0.027,0.000
TARGET510,-1416.487,4967.152,3157.600,0.033,0.019,0.034,0.000
TARGET511,-1273.892,4801.487,3034.091,0.031,0.018,0.029,0.000
TARGET512,-1128.681,4554.595,2920.410,0.030,0.017,0.028,0.000
TARGET513,-905.436,4222.903,2729.412,0.029,0.016,0.026,0.000
TARGET514,-1625.817,4987.197,3379.885,0.033,0.020,0.035,0.000
TARGET515,-1389.807,4577.174,3204.017,0.029,0.017,0.030,0.000
TARGET516,-1897.554,5002.432,3665.029,0.032,0.020,0.037,0.000
TARGET517,-1751.882,4838.793,3543.705,0.029,0.018,0.032,0.000
TARGET518,-1604.835,4592.093,3433.628,0.028,0.017,0.030,0.000
TARGET519,-2113.486,5023.698,3885.177,0.029,0.020,0.036,0.000
TARGET520,-1871.997,4614.442,3712.657,0.027,0.018,0.031,0.000
TARGET521,-2092.576,4628.091,3939.327,0.027,0.018,0.032,0.000
TARGET522,-1857.165,4295.840,3753.417,0.024,0.016,0.029,0.000
TARGET523,-2070.764,4317.278,3971.630,0.023,0.016,0.030,0.000
TARGET524,-2567.758,4352.434,4467.427,0.024,0.017,0.034,0.000
TARGET525,-2391.019,5039.921,4164.515,0.028,0.020,0.038,0.000
TARGET526,-2243.340,4876.727,4047.041,0.028,0.019,0.036,0.000
TARGET527,-2366.099,4650.859,4213.671,0.026,0.018,0.036,0.000
TARGET528,-2348.094,4333.225,4251.395,0.024,0.017,0.032,0.000
TARGET529,-2831.291,3978.651,4785.708,0.023,0.015,0.033,0.000
TARGET530,-2702.442,4203.543,4624.709,0.024,0.016,0.034,0.000
TARGET531,-2851.398,4368.366,4742.236,0.023,0.017,0.034,0.000
TARGET532,-644.490,4206.235,2433.596,0.029,0.016,0.025,0.000
TARGET533,-444.577,4185.936,2203.712,0.029,0.016,0.024,0.000
TARGET534,-2790.274,-1683.597,-885.116,0.013,0.015,0.013,0.000
TARGET535,-2826.199,-1785.754,-664.221,0.013,0.015,0.012,0.000
TARGET536,-3049.238,-1671.318,-616.730,0.012,0.014,0.012,0.000
TARGET537,-3223.218,-1458.827,-796.557,0.013,0.014,0.012,0.000
TARGET538,-3187.678,-1197.579,-1292.128,0.014,0.014,0.013,0.000
TARGET539,-3254.097,-1662.278,-399.865,0.012,0.014,0.012,0.000
TARGET540,-3289.455,-1762.740,-178.272,0.013,0.015,0.012,0.000
TARGET541,-3225.211,-1300.675,-1071.493,0.013,0.014,0.012,0.000
TARGET542,-3428.993,-1445.444,-586.512,0.012,0.013,0.011,0.000
TARGET543,-3513.642,-1645.557,-129.925,0.013,0.014,0.011,0.000
TARGET544,-3447.216,-1185.158,-1023.727,0.013,0.014,0.011,0.000
TARGET545,-3690.970,-1274.668,-588.507,0.013,0.013,0.012,0.000
TARGET546,-3885.981,-1423.762,-94.032,0.012,0.013,0.011,0.000
TARGET547,-3828.804,-958.542,-985.591,0.013,0.013,0.011,0.000
TARGET548,-4148.430,-1251.666,-93.367,0.012,0.012,0.010,0.000
TARGET549,-4085.765,-945.155,-713.011,0.012,0.012,0.010,0.000
TARGET550,-4484.041,-449.144,-1113.437,0.013,0.011,0.010,0.000
TARGET551,-3686.182,-1431.419,-314.619,0.013,0.014,0.012,0.000
TARGET552,-4369.822,-1131.992,-44.431,0.012,0.012,0.010,0.000
TARGET553,-3914.537,-1156.965,-538.225,0.013,0.013,0.011,0.000
TARGET554,-4288.747,-933.345,-496.219,0.012,0.012,0.010,0.000
TARGET555,-4511.035,-658.175,-718.875,0.012,0.011,0.010,0.000
TARGET556,-4090.292,-787.000,-984.077,0.013,0.012,0.010,0.000
TARGET557,-4310.850,-667.260,-937.113,0.013,0.011,0.010,0.000
TARGET558,-4051.353,-683.032,-1208.543,0.013,0.012,0.010,0.000
TARGET559,-4225.544,-463.395,-1386.223,0.014,0.012,0.010,0.000
TARGET560,-4486.355,-289.059,-1384.802,0.013,0.011,0.010,0.000
TARGET561,-4446.404,-185.379,-1606.282,0.013,0.011,0.010,0.000
TARGET562,-2326.904,-1696.437,-1370.019,0.015,0.018,0.017,0.000
TARGET563,-2363.705,-1800.500,-1148.897,0.015,0.018,0.016,0.000
TARGET564,-2590.014,-1686.631,-1100.789,0.014,0.016,0.014,0.000
TARGET565,-2762.836,-1472.741,-1283.826,0.015,0.016,0.015,0.000
TARGET566,-3656.741,-1171.286,-810.208,0.013,0.013,0.012,0.000
TARGET567,-3626.162,-965.007,-1204.126,0.015,0.013,0.012,0.000
TARGET568,-2963.415,-1472.343,-1063.474,0.014,0.015,0.013,0.000
TARGET569,-4111.563,-1150.892,-318.177,0.013,0.013,0.011,0.000
TARGET572,-3310.446,2986.311,5374.227,0.020,0.014,0.032,0.000
TARGET573,-3316.403,3304.043,5340.994,0.020,0.014,0.033,0.000
TARGET574,-4415.972,28.748,-1999.324,0.013,0.011,0.010,0.000
TARGET575,-4619.208,38.782,-1786.083,0.013,0.011,0.010,0.000
TARGET576,-4022.994,-472.009,-1600.979,0.015,0.012,0.011,0.000
TARGET577,-4142.384,-1406.944,181.218,0.012,0.013,0.011,0.000
TARGET578,-4637.517,312.668,-2219.658,0.014,0.011,0.010,0.000
TARGET579,-4547.926,-760.666,-494.818,0.012,0.011,0.010,0.000
TARGET580,-4764.272,809.881,-2885.229,0.015,0.012,0.011,0.000
TARGET581,-3715.299,-1632.546,83.291,0.013,0.014,0.011,0.000
TARGET582,-4932.344,1034.507,-3057.920,0.016,0.012,0.011,0.000
TARGET583,-4342.273,518.573,-2881.223,0.015,0.013,0.012,0.000
TARGET584,-4558.728,802.606,-3099.378,0.016,0.012,0.012,0.000
TARGET585,-4295.775,790.426,-3364.876,0.016,0.014,0.012,0.000
TARGET586,-4808.107,538.319,-2397.522,0.014,0.012,0.010,0.000
TARGET587,-5024.534,824.327,-2618.504,0.015,0.011,0.010,0.000
TARGET588,-4804.773,702.808,-2668.163,0.015,0.012,0.011,0.000
TARGET589,-4548.016,526.898,-2668.752,0.015,0.012,0.011,0.000
TARGET590,-4339.060,683.486,-3148.536,0.016,0.013,0.012,0.000
TARGET591,-3485.525,-1904.408,309.935,0.013,0.014,0.011,0.000
TARGET592,-3746.597,-1733.831,306.120,0.013,0.014,0.012,0.000
TARGET593,-3969.096,-1616.504,356.916,0.012,0.014,0.012,0.000
TARGET594,-4165.772,-1607.057,578.220,0.013,0.014,0.012,0.000
TARGET595,-4342.613,-1391.793,396.230,0.012,0.013,0.011,0.000
TARGET597,-3332.565,3694.202,5303.313,0.026,0.015,0.038,0.000
TARGET598,-2673.766,4767.540,4460.577,0.034,0.019,0.047,0.000
TARGET599,-5875.316,1362.690,-2516.755,0.016,0.011,0.011,0.000
TARGET600,-4016.397,-2067.316,1261.842,0.013,0.016,0.012,0.000
TARGET601,-4211.742,-2053.719,1481.578,0.012,0.016,0.012,0.000
TARGET602,-4840.334,-1798.174,1795.599,0.012,0.015,0.012,0.000
TARGET603,-4465.919,-2028.781,1758.387,0.012,0.016,0.012,0.000
TARGET604,-3983.468,-2319.499,1707.686,0.014,0.019,0.015,0.000
TARGET605,-4235.034,-2297.061,1985.875,0.013,0.018,0.014,0.000
TARGET606,-5107.807,-1964.195,2479.336,0.014,0.017,0.013,0.000
TARGET607,-5727.675,-1699.849,2799.664,0.015,0.017,0.014,0.000
TARGET608,-4682.153,-2252.706,2484.855,0.014,0.019,0.014,0.000
TARGET609,-5126.444,-2202.502,2985.335,0.019,0.022,0.016,0.000
TARGET610,-3531.214,-2356.094,1213.892,0.014,0.018,0.014,0.000
TARGET611,-3793.429,-2187.099,1213.776,0.014,0.017,0.014,0.000
TARGET612,-4644.273,-1816.179,1575.725,0.012,0.015,0.012,0.000
TARGET613,-3760.281,-2089.612,987.326,0.014,0.017,0.013,0.000
TARGET614,-4391.719,-1840.260,1299.227,0.012,0.015,0.012,0.000
TARGET615,-3561.969,-2101.024,767.486,0.014,0.017,0.014,0.000
TARGET616,-4191.411,-1857.033,1079.400,0.013,0.015,0.012,0.000
TARGET617,-4652.057,-1667.643,1300.183,0.012,0.014,0.012,0.000
TARGET618,-4617.918,-1571.303,1073.542,0.012,0.014,0.012,0.000
TARGET619,-3105.291,-2128.666,276.109,0.014,0.017,0.014,0.000
TARGET620,-4198.843,-1706.024,803.680,0.013,0.015,0.012,0.000
TARGET621,-4421.465,-1585.163,853.001,0.012,0.014,0.011,0.000
TARGET622,-3284.338,-1917.488,97.310,0.013,0.015,0.012,0.000
TARGET623,-4597.365,-1371.444,672.699,0.012,0.013,0.012,0.000
TARGET624,-4878.507,-2231.492,2705.877,0.015,0.019,0.014,0.000
TARGET625,-5138.795,-2056.421,2706.466,0.014,0.018,0.014,0.000
TARGET626,-5357.809,-1933.048,2757.854,0.016,0.018,0.014,0.000
TARGET627,-4432.600,-2278.614,2206.516,0.014,0.019,0.014,0.000
TARGET628,-4693.667,-2105.561,2206.991,0.013,0.017,0.013,0.000
TARGET629,-4914.281,-1982.489,2255.850,0.014,0.017,0.013,0.000
TARGET630,-4659.770,-2012.362,1978.392,0.013,0.017,0.013,0.000
TARGET631,-3785.488,-2336.234,1490.764,0.014,0.019,0.015,0.000
TARGET632,-4244.971,-2148.952,1708.556,0.013,0.017,0.013,0.000
TARGET633,-3327.567,-2370.360,992.814,0.014,0.018,0.016,0.000
TARGET634,-3307.725,-2117.116,493.154,0.014,0.017,0.014,0.000
TARGET635,-3937.762,-1876.092,801.860,0.013,0.015,0.012,0.000
TARGET636,-3739.742,-1887.806,583.099,0.013,0.016,0.013,0.000
TARGET637,-6492.355,1614.548,-2199.856,0.016,0.010,0.012,0.000
TARGET638,-6707.415,1906.423,-2415.415,0.018,0.011,0.013,0.000
TARGET639,-6454.162,1889.394,-2687.102,0.017,0.011,0.012,0.000
TARGET640,-6034.708,1754.623,-2958.998,0.017,0.012,0.012,0.000
TARGET641,-6907.143,1918.225,-2195.310,0.017,0.011,0.012,0.000
TARGET642,-5190.180,1043.482,-2785.001,0.015,0.012,0.011,0.000
TARGET643,-5994.287,1863.425,-3176.809,0.018,0.012,0.012,0.000
TARGET644,-6038.373,1587.844,-2689.530,0.017,0.011,0.012,0.000
TARGET645,-5273.637,1694.166,-3684.046,0.019,0.014,0.016,0.000
TARGET646,-2386.830,-2164.190,-479.316,0.017,0.021,0.024,0.000
TARGET647,-2819.823,-1943.476,-389.524,0.014,0.016,0.013,0.000
TARGET648,-3028.131,-1931.675,-173.486,0.013,0.015,0.012,0.000
TARGET649,-4157.820,18.261,-2269.618,0.014,0.013,0.011,0.000
TARGET650,-2096.166,-1969.412,-1143.772,0.015,0.019,0.018,0.000
TARGET651,-2421.728,-2265.726,-257.125,0.016,0.020,0.021,0.000
TARGET652,-2643.915,-2153.882,-208.896,0.015,0.019,0.017,0.000
TARGET653,-2848.218,-2143.648,5.585,0.014,0.017,0.014,0.000
TARGET654,-6251.171,1877.862,-2904.910,0.018,0.011,0.012,0.000
TARGET656,-2561.910,-1953.806,-660.413,0.015,0.018,0.017,0.000
TARGET657,-2988.971,-1198.600,-1509.111,0.015,0.016,0.015,0.000
TARGET658,-3161.096,-984.942,-1685.787,0.015,0.016,0.015,0.000
TARGET659,-3386.519,-707.572,-1908.664,0.015,0.014,0.013,0.000
TARGET660,-3630.979,-803.359,-1476.480,0.015,0.013,0.012,0.000
TARGET661,-3594.125,-698.239,-1696.230,0.016,0.013,0.013,0.000
TARGET662,-3852.703,-687.357,-1426.150,0.014,0.012,0.011,0.000
TARGET663,-2359.966,-1958.859,-874.709,0.020,0.024,0.024,0.000
TARGET664,-2502.322,-1482.116,-1550.679,0.018,0.019,0.020,0.000
TARGET665,-2726.325,-1209.996,-1774.662,0.016,0.016,0.016,0.000
TARGET666,-2765.515,-1313.162,-1556.095,0.017,0.016,0.017,0.000
TARGET667,-5779.361,1573.475,-2963.683,0.017,0.012,0.012,0.000
TARGET668,-6491.112,1780.813,-2469.804,0.017,0.011,0.012,0.000
TARGET669,-2155.927,-2432.441,-252.944,0.018,0.025,0.027,0.000
TARGET670,-2411.582,-2422.971,17.714,0.017,0.023,0.024,0.000
TARGET671,-2882.044,-2243.690,228.364,0.015,0.018,0.016,0.000
TARGET672,-3367.412,-976.090,-1473.979,0.015,0.014,0.014,0.000
TARGET673,-3763.409,-483.361,-1871.345,0.015,0.013,0.012,0.000
TARGET674,-4023.578,-311.547,-1870.615,0.015,0.013,0.012,0.000
TARGET675,-4244.757,-192.558,-1822.442,0.014,0.012,0.011,0.000
TARGET676,-3982.996,-205.985,-2091.902,0.014,0.013,0.012,0.000
TARGET677,-6756.589,-448.817,1768.581,0.015,0.015,0.014,0.000
TARGET678,-5189.182,1211.531,-3054.013,0.016,0.012,0.011,0.000
TARGET679,-6228.658,3095.382,-3850.770,0.066,0.044,0.052,0.000
TARGET681,-6244.560,3059.749,-3848.028,0.048,0.035,0.044,0.000
TARGET682,-7714.753,778.194,796.068,0.015,0.016,0.014,0.000
TARGET683,-7520.979,755.827,572.836,0.015,0.015,0.013,0.000
TARGET684,-7791.236,587.884,1251.813,0.018,0.019,0.017,0.000
TARGET685,-7571.037,304.370,1473.441,0.017,0.017,0.016,0.000
TARGET686,-7961.702,809.815,1079.445,0.018,0.020,0.017,0.000
TARGET687,-8180.557,1096.932,858.749,0.017,0.017,0.015,0.000
TARGET688,-7966.084,964.191,803.298,0.016,0.017,0.014,0.000
TARGET689,-7931.022,1062.127,577.851,0.016,0.016,0.014,0.000
TARGET690,-7740.184,1043.033,352.983,0.016,0.015,0.015,0.000
TARGET691,-8102.539,1290.162,403.263,0.017,0.016,0.015,0.000
TARGET692,-7907.898,1269.060,177.025,0.016,0.015,0.014,0.000
TARGET693,-7660.786,1241.203,-103.918,0.015,0.013,0.013,0.000
TARGET694,-7911.836,1425.990,-93.906,0.016,0.014,0.014,0.000
TARGET695,-3555.756,-492.663,-2083.877,0.014,0.013,0.012,0.000
TARGET696,-3951.596,10.432,-2483.325,0.014,0.013,0.012,0.000
TARGET698,-6213.651,3131.225,-3852.596,0.048,0.038,0.050,0.000
TARGET699,-6198.400,3166.861,-3854.828,0.048,0.038,0.050,0.000
TARGET700,-3512.401,-223.640,-2575.569,0.017,0.013,0.014,0.000
TARGET701,-3951.971,177.024,-2754.182,0.016,0.015,0.013,0.000
TARGET702,-3337.310,-2216.797,714.694,0.014,0.017,0.013,0.000
TARGET703,-3074.266,-2385.138,717.155,0.015,0.020,0.019,0.000
TARGET704,-2872.879,-2398.379,504.387,0.015,0.019,0.018,0.000
TARGET705,-4726.166,1023.827,-3267.501,0.016,0.014,0.012,0.000
TARGET706,-5310.817,1548.752,-3450.266,0.018,0.013,0.013,0.000
TARGET707,-4943.314,1311.888,-3483.585,0.018,0.016,0.013,0.000
TARGET708,-4724.085,1192.053,-3534.448,0.017,0.016,0.013,0.000
TARGET709,-4466.326,1016.207,-3537.090,0.017,0.016,0.013,0.000
TARGET710,-4681.382,1301.900,-3751.965,0.020,0.018,0.015,0.000
TARGET711,-8289.911,1783.370,-211.536,0.018,0.015,0.016,0.000
TARGET712,-6633.883,3242.439,-4134.435,0.038,0.022,0.103,0.000
TARGET713,-8564.771,1610.799,466.126,0.022,0.020,0.022,0.000
TARGET714,-8352.915,1477.497,411.771,0.018,0.017,0.018,0.000
TARGET715,-5973.917,-1668.170,3081.219,0.017,0.018,0.015,0.000
TARGET716,-5985.358,-1522.661,2803.248,0.017,0.018,0.015,0.000
TARGET717,-5953.939,-1430.373,2574.380,0.016,0.017,0.015,0.000
TARGET718,-6202.423,-1395.733,2853.706,0.018,0.018,0.016,0.000
TARGET719,-6378.652,-1182.442,2675.418,0.017,0.017,0.015,0.000
TARGET720,-6387.380,-1035.599,2396.104,0.017,0.016,0.015,0.000
TARGET721,-6778.732,-692.196,2271.117,0.018,0.017,0.016,0.000
TARGET722,-6788.524,-543.047,1994.539,0.016,0.016,0.014,0.000
TARGET723,-7003.126,-414.668,2047.130,0.017,0.019,0.016,0.000
TARGET724,-7177.947,-195.781,1871.211,0.019,0.017,0.017,0.000
TARGET725,-7186.389,-44.520,1594.505,0.018,0.018,0.016,0.000
TARGET726,-5567.458,1725.574,-3441.623,0.019,0.014,0.013,0.000
TARGET727,-5568.701,1557.673,-3176.815,0.017,0.013,0.012,0.000
TARGET728,-3163.392,-822.702,-1957.695,0.020,0.015,0.019,0.000
TARGET729,-6603.868,-906.499,2445.729,0.018,0.017,0.016,0.000
TARGET730,-8792.152,2894.166,-2012.789,0.108,0.043,0.047,0.000
TARGET731,-8771.608,2886.900,-1992.083,0.085,0.034,0.038,0.000
TARGET732,-8783.761,2907.154,-1973.128,0.109,0.043,0.048,0.000
TARGET733,-8835.800,2993.331,-1904.772,0.073,0.026,0.032,0.000
TARGET734,-8908.830,3214.520,-1714.209,0.096,0.030,0.046,0.000
TARGET735,-7147.409,1665.335,-1486.324,0.016,0.011,0.013,0.000
TARGET736,-7400.416,1850.443,-1478.064,0.017,0.012,0.014,0.000
TARGET737,-7615.763,1980.266,-1422.867,0.017,0.012,0.014,0.000
TARGET738,-8968.912,3428.629,-1592.334,0.142,0.035,0.073,0.000
TARGET739,-7812.004,1998.845,-1204.460,0.018,0.013,0.016,0.000
TARGET740,-8923.234,3692.994,-1247.946,0.128,0.026,0.078,0.000
TARGET741,-8935.149,3732.098,-1244.518,0.130,0.026,0.080,0.000
TARGET742,-2616.069,-2411.947,231.274,0.016,0.020,0.018,0.000
TARGET743,-5147.408,1318.162,-3269.054,0.017,0.013,0.012,0.000
TARGET744,-8959.141,4331.754,-1273.746,0.094,0.037,0.048,0.000
TARGET745,-8904.499,4557.468,-1242.002,0.122,0.052,0.060,0.000
TARGET746,-4172.916,292.688,-2701.556,0.015,0.013,0.012,0.000
TARGET747,-8996.503,3841.045,-1394.113,0.102,0.033,0.050,0.000
TARGET749,-8350.189,1322.651,685.463,0.019,0.018,0.018,0.000
TARGET750,-8125.659,1558.015,-38.975,0.017,0.015,0.016,0.000
TARGET751,-2901.158,-992.459,-1954.870,0.018,0.016,0.020,0.000
TARGET752,-3125.428,-715.936,-2177.557,0.019,0.015,0.017,0.000
TARGET753,-3293.830,-501.281,-2353.205,0.018,0.014,0.015,0.000
TARGET754,-3778.522,-211.516,-2307.315,0.016,0.013,0.013,0.000
TARGET758,-8293.984,1943.643,-482.962,0.018,0.014,0.016,0.000
TARGET759,-8043.221,1756.862,-493.711,0.017,0.014,0.016,0.000
TARGET760,-7849.753,1735.903,-711.401,0.017,0.013,0.015,0.000
TARGET761,-8063.768,2027.041,-927.318,0.018,0.013,0.016,0.000
TARGET762,-7850.705,1895.995,-981.899,0.017,0.013,0.015,0.000
TARGET763,-7233.411,1461.442,-1036.536,0.016,0.012,0.012,0.000
TARGET764,-3912.746,284.329,-2969.649,0.017,0.016,0.014,0.000
TARGET765,-4082.321,510.908,-3150.469,0.018,0.017,0.015,0.000
TARGET766,-7681.594,1505.651,-536.015,0.016,0.013,0.014,0.000
TARGET768,-5410.541,-2078.231,3028.774,0.049,0.214,0.208,0.000
TARGET770,-7874.919,1526.765,-318.567,0.016,0.014,0.015,0.000
TARGET771,-6344.601,3777.920,-4217.760,0.052,0.024,0.139,0.000
TARGET772,-5784.217,1844.643,-3384.956,0.019,0.013,0.013,0.000
TARGET773,-8256.441,2045.641,-706.923,0.018,0.014,0.017,0.000
TARGET774,-5525.887,1833.338,-3655.416,0.020,0.016,0.016,0.000
TARGET776,-8933.353,3707.828,-1252.538,0.129,0.026,0.079,0.000
TARGET778,-8317.025,1575.762,188.564,0.018,0.016,0.018,0.000
TARGET779,-8507.014,2076.105,-426.828,0.020,0.016,0.021,0.000
TARGET780,-3555.729,-329.522,-2354.703,0.016,0.013,0.014,0.000
TARGET787,-8634.373,2681.571,-2173.477,0.581,0.172,0.097,0.000
TARGET789,-3690.313,2.311,-2752.744,0.019,0.014,0.015,0.000
TARGET791,-8956.536,3415.811,-1544.168,0.710,0.258,0.057,0.000
TARGET795,-8510.597,1897.673,-162.912,3.994,0.889,0.059,0.000
TARGET799,-2615.072,-674.063,4909.754,1.028,1.130,1.667,0.000
TARGET810,-1632.950,-1707.104,-1353.284,0.217,0.492,0.228,0.000
TARGET812,-8798.345,2918.045,-1976.519,0.110,0.043,0.048,0.000
TARGET818,-7054.845,2761.643,-3878.945,0.046,0.035,0.248,0.000
TARGET822,-3663.895,-2754.901,2756.148,0.560,0.821,0.039,0.000
TARGET825,-3668.398,-2756.589,2817.245,0.604,0.885,0.029,0.000
TARGET834,935.744,2218.357,-27.920,1.452,0.346,0.272,0.000
TARGET836,-7853.014,906.804,2472.118,0.141,0.666,0.957,0.000
TARGET845,-2538.033,-743.405,4988.503,0.502,0.480,0.585,0.000
TARGET884,-5415.267,-2036.489,2990.731,0.508,2.407,3.024,0.000
TARGET903,-2601.512,-678.686,4904.231,1.346,1.485,2.197,0.000
TARGET908,-2578.675,-672.957,4922.910,0.497,0.540,0.779,0.000
TARGET940,94.456,-879.646,1989.778,1.842,1.405,1.176,0.000
TARGET942,-8528.511,1900.666,-151.870,2.010,0.445,0.043,0.000
TARGET960,-7859.465,930.574,2457.438,0.373,1.920,2.786,0.000
TARGET973,-3674.155,-2767.564,2879.154,0.596,0.878,0.031,0.000
TARGET974,-3612.644,-2782.098,2874.616,0.617,0.892,0.031,0.000
TARGET979,-3647.183,-2773.597,2907.427,0.602,0.879,0.033,0.000
TARGET994,-2154.468,-2304.551,-544.438,0.933,0.922,0.204,0.000
