CODE1,-8797.649,4432.372,4899.230,0.031,0.031,0.024,0.000
CODE2,-9500.754,2609.299,5760.478,0.177,0.350,0.293,0.000
CODE4,-7762.914,-394.644,5723.758,0.032,0.039,0.041,0.000
CODE5,-5268.315,241.917,5118.449,0.020,0.017,0.024,0.000
CODE6,-2790.771,895.379,4600.677,0.021,0.024,0.026,0.000
CODE7,-4897.215,-1144.552,5169.958,0.022,0.017,0.026,0.000
CODE8,-9282.085,-1088.596,-1866.746,0.061,0.046,0.051,0.000
CODE9,-6769.121,-439.585,-2391.912,0.025,0.018,0.020,0.000
CODE10,-6445.901,-1636.656,-2349.487,0.025,0.017,0.020,0.000
CODE11,-4215.845,221.265,-3005.307,0.022,0.019,0.021,0.000
CODE12,-10032.445,3819.630,-1629.327,0.034,0.028,0.018,0.000
CODE13,-7922.511,4871.780,3966.878,0.046,0.120,0.041,0.000
CODE16,-2423.351,3665.875,2956.424,0.020,0.042,0.021,0.000
CODE25,-9257.261,5015.500,3589.800,0.042,0.062,0.023,0.000
CODE26,-10069.793,4652.559,-295.816,0.037,0.038,0.016,0.000
CODE28,-8093.159,4747.333,3801.932,0.087,0.138,0.048,0.000
CODE31,-9041.000,4352.337,-884.146,0.056,0.060,0.023,0.000
CODE34,-7367.857,-2714.426,3900.172,0.029,0.020,0.031,0.000
CODE36,-10337.043,1867.026,4114.698,0.034,0.024,0.019,0.000
CODE39,-11121.294,1511.144,213.826,0.037,0.022,0.013,0.000
CODE41,-8145.395,-3060.374,50.375,0.050,0.023,0.032,0.000
CODE49,-8883.905,-2605.458,-1112.866,0.044,0.024,0.026,0.000
CODE50,-7624.444,-2036.194,5166.879,0.030,0.022,0.031,0.000
CODE55,-7470.617,-2512.516,4947.693,0.025,0.015,0.020,0.000
CODE56,-8676.829,-3013.908,-952.648,0.028,0.016,0.014,0.000
CODE58,-1607.835,1261.235,-1961.832,0.036,0.052,0.036,0.000
CODE59,-1139.184,-320.927,-1691.937,0.061,0.052,0.050,0.000
CODE69,-10960.864,4386.160,-77.406,0.062,0.080,0.023,0.000
CODE70,-10647.352,4922.329,1833.389,0.053,0.069,0.018,0.000
CODE71,-10183.295,4737.451,3783.160,0.042,0.046,0.023,0.000
CODE73,-1269.656,2068.837,-1719.600,0.020,0.017,0.027,0.000
CODE75,-7345.027,-3449.636,3032.632,0.022,0.015,0.014,0.000
CODE79,-1403.443,1601.468,-1836.640,0.024,0.014,0.022,0.000
CODE80,-1264.174,1123.983,-1828.445,0.024,0.015,0.023,0.000
CODE81,-1014.544,3000.427,1664.798,0.018,0.018,0.022,0.000
CODE82,-855.642,564.672,-1582.280,0.198,0.219,0.755,0.000
CODE83,-575.276,1972.884,2201.787,0.019,0.017,0.042,0.000
CODE84,-506.569,1437.118,2237.274,0.021,0.015,0.035,0.000
CODE85,-126.493,1270.015,2037.113,0.259,0.091,0.421,0.000
CODE86,-953.012,1118.420,-1790.625,0.347,0.108,0.210,0.000
CODE87,-1516.351,1978.146,-1754.928,0.020,0.014,0.018,0.000
CODE88,-1584.842,2556.311,-1493.554,0.019,0.015,0.015,0.000
CODE89,-1619.735,2917.337,-1193.139,0.019,0.016,0.014,0.000
CODE91,-1129.752,1792.911,-1802.634,0.554,0.021,0.310,0.000
CODE93,-18.821,616.129,1767.304,0.213,0.185,0.331,0.000
CODE97,-12155.347,2225.846,915.532,0.234,0.028,0.030,0.000
CODE98,-11633.909,2477.302,3540.138,0.257,0.036,0.091,0.000
CODE99,-11624.995,2965.221,2208.618,0.036,0.020,0.013,0.000
CODE100,-7743.879,3221.578,5349.617,0.038,0.037,0.042,0.000
CODE101,-6021.572,3030.954,5021.767,0.024,0.022,0.028,0.000
CODE102,-4546.234,3405.561,4688.071,0.026,0.030,0.036,0.000
CODE103,-9176.122,2289.939,-2158.229,0.055,0.039,0.041,0.000
CODE104,-7519.040,2355.040,-2494.457,0.038,0.023,0.025,0.000
CODE105,-6040.429,2730.892,-2823.920,0.041,0.022,0.027,0.000
CODE106,-1969.605,2669.690,-1945.615,0.044,0.071,0.044,0.000
CODE107,-3579.717,1556.423,-3255.456,0.025,0.024,0.028,0.000
CODE108,-2290.340,1809.690,4419.740,0.021,0.029,0.032,0.000
CODE109,-1103.395,3042.817,2343.887,0.055,0.079,0.026,0.000
CODE110,-10932.034,1900.500,6028.158,0.129,0.026,0.075,0.000
CODE111,-6911.829,-3190.056,5264.807,0.027,0.017,0.027,0.000
CODE112,-8239.793,-3793.400,-1343.690,0.029,0.017,0.016,0.000
CODE113,-8289.141,-3298.203,-185.041,0.026,0.015,0.012,0.000
CODE114,-7763.078,-3647.840,948.843,0.023,0.015,0.011,0.000
CODE115,-11494.451,1710.668,213.385,0.209,0.021,0.022,0.000
CODE116,-11433.214,1220.510,-795.648,0.237,0.019,0.021,0.000
CODE117,-10653.328,2047.235,4294.734,0.227,0.028,0.100,0.000
CODE118,-10200.882,1718.843,5200.965,0.201,0.023,0.111,0.000
CODE119,-7392.451,-2920.349,4214.704,0.024,0.014,0.016,0.000
CODE120,-3427.860,3228.040,-2165.169,0.020,0.040,0.023,0.000
CODE121,1998.473,2442.315,566.003,0.023,0.015,0.018,0.000
CODE122,2176.392,1265.011,-15.545,0.026,0.015,0.018,0.000
CODE123,2044.242,1169.957,-724.158,0.027,0.015,0.018,0.000
CODE124,1613.139,2211.543,-1449.944,0.024,0.016,0.019,0.000
CODE127,1213.642,1662.130,-2746.360,0.055,0.024,0.170,0.000
CODE128,481.603,1659.279,-2820.494,0.056,0.027,0.483,0.000
CODE129,405.397,1933.074,-2830.020,0.024,0.021,0.078,0.000
CODE130,-348.940,2250.920,-1993.267,0.358,0.083,0.336,0.000
CODE133,-11125.922,4101.175,2007.237,0.036,0.024,0.013,0.000
CODE134,-10916.952,4647.762,1910.283,0.037,0.026,0.014,0.000
CODE135,-11041.477,4636.683,1193.829,0.068,0.095,0.019,0.000
CODE136,-11127.519,4477.458,626.693,0.067,0.090,0.021,0.000
CODE137,1731.735,965.557,-584.208,0.025,0.014,0.018,0.000
CODE138,1846.181,1012.278,-3.588,0.026,0.014,0.018,0.000
CODE147,2107.935,1398.641,-393.698,0.025,0.014,0.017,0.000
CODE148,1647.105,3072.775,-506.386,0.023,0.018,0.017,0.000
CODE149,-780.483,1737.094,-2036.235,0.345,0.024,0.264,0.000
CODE150,1294.366,2211.746,-1895.712,0.176,0.102,0.509,0.000
CODE153,2110.913,2068.904,637.727,0.024,0.014,0.018,0.000
CODE154,1893.941,2771.720,257.909,0.024,0.017,0.018,0.000
CODE155,388.281,1768.515,-2621.507,0.024,0.019,0.063,0.000
CODE156,1501.534,1584.511,-1631.105,0.160,0.022,0.375,0.000
CODE159,2209.906,1690.346,422.182,0.024,0.014,0.018,0.000
CODE160,1843.844,1723.206,-1204.572,0.024,0.014,0.018,0.000
CODE161,-418.270,2067.272,-2483.184,0.026,0.018,0.039,0.000
CODE166,-296.017,1426.101,-2643.344,0.027,0.018,0.042,0.000
CODE167,1601.969,2603.761,-1259.940,0.023,0.016,0.017,0.000
CODE168,1106.361,2258.180,-2611.826,0.124,0.089,0.477,0.000
CODE193,2036.407,1590.946,773.594,0.281,0.042,0.249,0.000
CODE194,2227.482,1927.361,2013.895,0.039,0.020,0.038,0.000
CODE195,1458.029,1821.319,2215.912,0.246,0.075,0.448,0.000
CODE197,-696.314,2358.154,2092.910,0.018,0.016,0.023,0.000
CODE198,12.017,121.794,1330.598,0.195,0.247,0.246,0.000
CODE199,2004.759,1891.609,946.693,0.284,0.076,0.274,0.000
CODE200,2302.385,1658.723,2022.964,0.040,0.020,0.038,0.000
CODE201,1722.027,1619.870,2179.149,0.335,0.062,0.542,0.000
CODE204,-200.431,1592.304,2085.017,0.259,0.033,0.407,0.000
CODE205,2035.895,1703.391,1245.987,0.027,0.016,0.023,0.000
CODE206,1997.921,2361.488,1805.393,0.030,0.020,0.028,0.000
CODE207,1485.585,1589.425,2416.328,0.355,0.066,0.663,0.000
CODE208,967.285,1119.621,2556.405,0.024,0.018,0.057,0.000
CODE209,41.675,1386.775,2169.224,0.219,0.067,0.427,0.000
CODE210,-441.761,-93.025,-929.822,0.223,0.241,0.071,0.000
CODE211,1959.623,1999.762,1241.144,0.024,0.016,0.021,0.000
CODE212,1919.902,2324.120,1424.995,0.025,0.017,0.022,0.000
CODE213,1653.411,1296.492,2402.232,0.531,0.028,0.923,0.000
CODE214,707.275,1064.829,2613.872,0.021,0.018,0.049,0.000
CODE215,466.189,1518.673,2627.563,0.020,0.017,0.048,0.000
CODE216,-783.478,619.984,-1616.417,0.433,0.248,0.247,0.000
CSB-045-1,-11192.034,3947.345,2037.891,0.036,0.023,0.013,0.000
CSB-045-2,-11178.315,3983.162,2031.751,0.036,0.024,0.013,0.000
CSB-045-3,-11164.353,4019.603,2025.371,0.036,0.024,0.013,0.000
CSB-045-4,-11150.469,4055.923,2019.058,0.036,0.024,0.013,0.000
CSB-045-5,-10901.086,4701.329,1903.906,0.099,0.044,0.027,0.000
CSB-045-6,-10889.888,4737.397,1898.495,0.038,0.027,0.014,0.000
CSB-045-7,-10876.291,4773.018,1891.927,0.037,0.027,0.013,0.000
CSB-045-8,-10862.038,4809.937,1885.667,0.037,0.027,0.013,0.000
CSB-045-9,-11017.369,4689.072,1350.222,0.047,0.051,0.016,0.000
CSB-045-10,-11022.822,4678.531,1313.239,0.039,0.030,0.013,0.000
CSB-045-11,-11028.564,4667.997,1275.846,0.039,0.031,0.013,0.000
CSB-045-12,-11034.226,4657.592,1238.974,0.038,0.029,0.013,0.000
CSB-045-13,-11135.844,4470.213,571.686,0.038,0.029,0.013,0.000
CSB-045-14,-11141.612,4459.874,534.562,0.064,0.082,0.020,0.000
CSB-045-15,-11146.936,4449.323,497.012,0.045,0.044,0.016,0.000
CSB-045-16,-11153.034,4438.934,459.903,0.071,0.094,0.022,0.000
CSB-045-17,1705.090,955.969,-751.441,0.026,0.014,0.018,0.000
CSB-045-18,1712.869,958.270,-713.166,0.026,0.014,0.018,0.000
CSB-045-19,1720.250,961.776,-675.229,0.026,0.014,0.018,0.000
CSB-045-20,1727.749,964.876,-637.201,0.025,0.014,0.018,0.000
CSB-045-21,1863.093,1019.769,49.007,0.026,0.014,0.019,0.000
CSB-045-22,1870.533,1023.398,87.332,0.026,0.014,0.018,0.000
CSB-045-23,1878.068,1026.473,125.743,0.026,0.014,0.019,0.000
CSB-045-24,1885.519,1029.883,164.019,0.025,0.014,0.018,0.000
NUGGET133_1,-11128.470,4088.464,2023.597,0.036,0.024,0.013,0.000
NUGGET133_5,-11122.178,4102.667,2026.415,0.036,0.024,0.013,0.000
NUGGET133_15,-11120.661,4115.558,2003.895,0.036,0.024,0.013,0.000
NUGGET133_A,-11115.027,4121.502,2022.964,0.036,0.024,0.013,0.000
NUGGET133_B,-11129.515,4099.087,1992.290,0.036,0.024,0.013,0.000
NUGGET133_C,-11134.718,4085.489,1994.757,0.036,0.024,0.013,0.000
NUGGET133_D,-11131.511,4086.966,2009.207,0.036,0.024,0.013,0.000
NUGGET134_2,-10918.478,4635.443,1932.107,0.037,0.026,0.014,0.000
NUGGET134_5,-10913.287,4649.081,1929.450,0.037,0.026,0.014,0.000
NUGGET134_15,-10911.659,4662.070,1907.020,0.037,0.026,0.014,0.000
NUGGET134_A,-10905.996,4667.916,1926.161,0.037,0.026,0.014,0.000
NUGGET134_B,-10920.532,4645.622,1895.402,0.037,0.026,0.014,0.000
NUGGET134_C,-10925.649,4632.013,1897.772,0.037,0.026,0.014,0.000
NUGGET134_D,-10922.505,4633.372,1912.188,0.037,0.026,0.014,0.000
NUGGET135_1,-11025.858,4644.416,1205.635,0.068,0.095,0.019,0.000
NUGGET135_6,-11023.645,4640.229,1185.083,0.068,0.095,0.019,0.000
NUGGET135_15,-11044.444,4632.495,1179.164,0.068,0.095,0.019,0.000
NUGGET135_A,-11025.702,4635.965,1171.064,0.068,0.095,0.019,0.000
NUGGET135_B,-11056.172,4633.532,1197.679,0.069,0.096,0.019,0.000
NUGGET135_C,-11054.165,4637.667,1211.841,0.069,0.096,0.019,0.000
NUGGET135_D,-11040.128,4641.171,1208.762,0.068,0.095,0.019,0.000
NUGGET136_2,-11106.683,4486.385,637.367,0.067,0.090,0.020,0.000
NUGGET136_6,-11109.565,4480.920,618.020,0.067,0.089,0.020,0.000
NUGGET136_15,-11130.417,4473.242,611.992,0.067,0.090,0.021,0.000
NUGGET136_A,-11111.460,4476.548,603.945,0.050,0.055,0.016,0.000
NUGGET136_B,-11142.243,4474.237,630.564,0.067,0.090,0.020,0.000
NUGGET136_C,-11140.054,4478.203,644.745,0.067,0.090,0.020,0.000
NUGGET136_D,-11125.988,4481.572,641.636,0.067,0.090,0.020,0.000
NUGGET137_3,1726.191,978.670,-594.414,0.025,0.014,0.018,0.000
NUGGET137_6,1727.829,984.937,-579.932,0.025,0.014,0.018,0.000
NUGGET137_15,1734.962,966.008,-568.955,0.025,0.014,0.018,0.000
NUGGET137_A,1730.743,985.985,-565.343,0.025,0.014,0.018,0.000
NUGGET137_B,1735.599,950.484,-584.630,0.025,0.014,0.018,0.000
NUGGET137_C,1732.647,949.397,-599.236,0.025,0.014,0.018,0.000
NUGGET137_D,1728.820,963.837,-599.407,0.025,0.014,0.018,0.000
NUGGET138_4,1839.347,1030.591,-14.047,0.026,0.014,0.018,0.000
NUGGET138_6,1842.214,1031.761,0.556,0.026,0.014,0.018,0.000
NUGGET138_15,1849.357,1012.813,11.740,0.026,0.014,0.019,0.000
NUGGET138_A,1845.058,1032.895,15.172,0.026,0.014,0.018,0.000
NUGGET138_B,1850.063,997.100,-3.859,0.026,0.014,0.019,0.000
NUGGET138_C,1847.180,995.924,-18.465,0.026,0.014,0.018,0.000
NUGGET138_D,1843.337,1010.400,-18.842,0.026,0.014,0.018,0.000
TARGET1,-1368.991,2753.270,-1342.384,0.019,0.016,0.015,0.000
TARGET2,-1398.605,3002.608,-1089.546,0.019,0.017,0.015,0.000
TARGET3,-2917.250,3216.099,-265.305,0.017,0.019,0.013,0.000
TARGET4,-1072.613,3426.009,837.770,0.018,0.020,0.017,0.000
TARGET5,-1311.198,3466.130,-169.144,0.019,0.022,0.017,0.000
TARGET6,-1204.532,3512.267,343.714,0.018,0.021,0.016,0.000
TARGET7,-1376.172,3294.253,-652.983,0.018,0.018,0.015,0.000
TARGET8,-1375.797,2603.827,-1446.912,0.020,0.016,0.017,0.000
TARGET9,-2850.939,3128.475,-759.633,0.017,0.017,0.013,0.000
TARGET10,-2792.554,3157.734,-468.953,0.017,0.018,0.013,0.000
TARGET11,-2718.166,3191.986,-106.142,0.017,0.018,0.013,0.000
TARGET12,-3120.999,3295.611,-35.722,0.017,0.019,0.013,0.000
TARGET13,-2663.172,3219.067,184.796,0.017,0.020,0.013,0.000
TARGET14,-3061.905,3321.606,253.748,0.017,0.019,0.013,0.000
TARGET15,-2987.271,3352.650,622.296,0.017,0.020,0.013,0.000
TARGET16,-3303.251,3432.978,680.773,0.016,0.019,0.012,0.000
TARGET17,-2930.451,3375.980,911.968,0.016,0.020,0.014,0.000
TARGET18,-2653.497,3327.960,1051.298,0.016,0.018,0.014,0.000
TARGET19,-2453.374,3299.600,1210.844,0.016,0.019,0.015,0.000
TARGET20,-7314.442,-2676.724,3911.208,0.028,0.016,0.020,0.000
TARGET21,-762.297,2954.418,1604.700,0.018,0.017,0.020,0.000
TARGET22,-886.483,3184.502,1334.799,0.017,0.017,0.017,0.000
TARGET23,-7691.339,-3173.618,1475.297,0.022,0.014,0.011,0.000
TARGET24,-8053.617,-2913.587,802.129,0.022,0.013,0.010,0.000
TARGET25,1569.529,2285.284,-1440.002,0.024,0.016,0.018,0.000
TARGET26,1955.249,2510.134,571.371,0.022,0.015,0.018,0.000
TARGET27,-7821.722,-3065.689,1289.573,0.022,0.014,0.011,0.000
TARGET28,-2530.997,3273.166,841.813,0.016,0.019,0.014,0.000
TARGET29,-2584.464,3249.007,551.927,0.016,0.018,0.013,0.000
TARGET30,-2266.703,3360.199,2153.654,0.017,0.026,0.018,0.000
TARGET31,-1086.910,3418.203,852.056,0.026,0.093,0.023,0.000
TARGET32,-2319.965,3342.268,1865.926,0.016,0.021,0.017,0.000
TARGET33,-2519.390,3372.560,1708.034,0.017,0.022,0.016,0.000
TARGET34,-2721.952,3445.623,1937.160,0.017,0.025,0.017,0.000
TARGET35,-2793.838,3421.957,1569.962,0.017,0.022,0.016,0.000
TARGET36,-2856.941,3403.394,1281.351,0.017,0.022,0.015,0.000
TARGET37,-3248.390,3456.765,971.305,0.016,0.019,0.013,0.000
TARGET38,-2785.456,3275.644,393.173,0.017,0.019,0.013,0.000
TARGET39,-2372.893,3429.290,2756.082,0.018,0.029,0.019,0.000
TARGET40,-2191.396,3379.536,2522.726,0.019,0.035,0.019,0.000
TARGET41,-2390.696,3411.545,2363.496,0.018,0.034,0.018,0.000
TARGET42,-2665.765,3462.543,2223.041,0.018,0.034,0.018,0.000
TARGET43,-2396.508,3319.667,1498.819,0.017,0.023,0.016,0.000
TARGET44,-3116.848,3503.813,1628.862,0.017,0.023,0.015,0.000
TARGET45,-3370.400,3510.096,1181.603,0.016,0.020,0.014,0.000
TARGET46,-3504.215,3458.466,524.504,0.017,0.019,0.012,0.000
TARGET47,-3381.000,3402.930,314.779,0.017,0.018,0.012,0.000
TARGET48,-7913.409,-2084.561,3568.455,0.021,0.013,0.013,0.000
TARGET49,-7681.342,-2401.400,3553.754,0.021,0.013,0.013,0.000
TARGET50,-7489.748,-2658.213,3539.814,0.022,0.013,0.014,0.000
TARGET51,-7251.796,-2970.585,3521.662,0.022,0.014,0.015,0.000
TARGET52,-7818.519,-2297.613,3371.196,0.021,0.013,0.013,0.000
TARGET53,-8002.012,-2125.670,3194.289,0.021,0.013,0.012,0.000
TARGET54,-7390.913,-2869.364,3340.827,0.022,0.014,0.014,0.000
TARGET55,-7768.660,-2447.817,3172.005,0.021,0.013,0.013,0.000
TARGET56,-7744.166,-2002.476,4247.691,0.023,0.013,0.016,0.000
TARGET57,-7652.853,-2216.855,4050.597,0.024,0.014,0.016,0.000
TARGET58,-7839.820,-2046.743,3875.142,0.022,0.013,0.014,0.000
TARGET59,-7606.212,-2369.301,3851.463,0.022,0.013,0.016,0.000
TARGET60,-8323.798,-1503.134,3600.963,0.024,0.013,0.014,0.000
TARGET61,-8097.382,-1824.720,3587.675,0.022,0.013,0.013,0.000
TARGET62,-8232.098,-1719.152,3404.344,0.023,0.013,0.013,0.000
TARGET63,-8412.723,-1543.595,3225.915,0.024,0.013,0.013,0.000
TARGET64,-8183.868,-1872.019,3205.635,0.022,0.013,0.012,0.000
TARGET65,-8481.239,-1577.094,2919.907,0.023,0.013,0.012,0.000
TARGET66,-8254.516,-1899.136,2908.052,0.022,0.013,0.012,0.000
TARGET67,-8071.455,-2157.753,2889.188,0.021,0.013,0.012,0.000
TARGET68,-8386.100,-1791.803,2722.981,0.022,0.013,0.012,0.000
TARGET69,-8335.316,-1941.629,2524.600,0.022,0.013,0.011,0.000
TARGET70,-8152.933,-2196.517,2512.987,0.021,0.013,0.011,0.000
TARGET71,-8216.560,-2226.265,2207.523,0.022,0.013,0.011,0.000
TARGET72,-7750.542,-1651.780,4938.459,0.028,0.015,0.021,0.000
TARGET73,-7977.431,-1331.906,4951.035,0.029,0.014,0.021,0.000
TARGET74,-7891.990,-1550.201,4757.865,0.027,0.014,0.019,0.000
TARGET75,-7849.311,-1707.828,4560.746,0.026,0.014,0.018,0.000
TARGET76,-8078.088,-1381.276,4580.333,0.029,0.014,0.020,0.000
TARGET77,-7929.717,-1742.819,4263.218,0.025,0.014,0.017,0.000
TARGET78,-8156.324,-1420.951,4278.213,0.025,0.013,0.017,0.000
TARGET79,-8067.378,-1639.460,4081.652,0.024,0.013,0.016,0.000
TARGET80,-8429.413,-1209.153,3912.370,0.028,0.013,0.016,0.000
TARGET81,-8251.929,-1464.598,3905.232,0.024,0.013,0.015,0.000
TARGET82,-8023.188,-1792.666,3884.124,0.024,0.013,0.015,0.000
TARGET83,-7580.151,-2698.289,3164.447,0.021,0.013,0.013,0.000
TARGET84,-7972.914,-2369.879,2691.444,0.021,0.013,0.011,0.000
TARGET85,-7919.421,-2518.617,2491.875,0.021,0.013,0.011,0.000
TARGET86,-7731.782,-2769.655,2481.085,0.022,0.013,0.012,0.000
TARGET87,-7984.850,-2543.285,2193.620,0.022,0.013,0.012,0.000
TARGET88,-7511.988,-2318.848,4232.044,0.023,0.014,0.017,0.000
TARGET89,-8635.936,-1133.069,3432.324,0.027,0.013,0.015,0.000
TARGET90,-8659.756,-1315.551,2935.868,0.025,0.013,0.013,0.000
TARGET91,-8740.594,-1357.898,2552.329,0.025,0.013,0.012,0.000
TARGET92,-8563.504,-1614.482,2543.528,0.023,0.013,0.011,0.000
TARGET93,-7839.353,-2474.983,2875.459,0.021,0.013,0.012,0.000
TARGET94,-7648.277,-2733.194,2857.313,0.021,0.013,0.012,0.000
TARGET95,-8399.844,-1967.328,2226.140,0.022,0.012,0.011,0.000
TARGET96,-8293.256,-2258.982,1830.849,0.023,0.013,0.011,0.000
TARGET97,-8158.089,-1068.827,4967.207,0.033,0.014,0.023,0.000
TARGET98,-8257.143,-1123.637,4589.265,0.030,0.014,0.020,0.000
TARGET99,-8335.936,-1159.581,4292.681,0.028,0.013,0.018,0.000
TARGET100,-8471.328,-1054.416,4109.833,0.030,0.013,0.018,0.000
TARGET101,-8296.517,-966.132,4785.237,0.033,0.014,0.022,0.000
TARGET102,-8557.709,-833.269,4304.233,0.031,0.013,0.019,0.000
TARGET103,-8590.536,-1286.400,3234.852,0.026,0.013,0.014,0.000
TARGET104,-8529.382,-1856.143,2041.302,0.022,0.013,0.011,0.000
TARGET105,-8115.524,-2435.542,2009.524,0.022,0.013,0.011,0.000
TARGET106,-8503.284,-1240.643,3616.884,0.030,0.013,0.017,0.000
TARGET107,-7547.294,-2941.295,2657.681,0.022,0.014,0.013,0.000
TARGET108,-8059.793,-2581.398,1808.188,0.022,0.013,0.011,0.000
TARGET109,-7556.579,-3113.301,2159.352,0.022,0.014,0.012,0.000
TARGET110,-7872.199,-2832.807,1797.028,0.022,0.013,0.011,0.000
TARGET111,-7690.643,-3006.359,1975.813,0.022,0.014,0.012,0.000
TARGET112,-7929.194,-2861.422,1490.367,0.022,0.013,0.011,0.000
TARGET113,-7631.935,-3150.977,1773.417,0.022,0.014,0.011,0.000
TARGET114,-8000.109,-2890.013,1111.041,0.023,0.014,0.011,0.000
TARGET115,-7759.724,-3207.748,1088.034,0.022,0.014,0.011,0.000
TARGET116,-7815.523,-3226.050,786.304,0.023,0.014,0.011,0.000
TARGET117,-7339.593,-3016.872,3140.101,0.022,0.014,0.014,0.000
TARGET118,-7795.133,-2800.370,2174.220,0.022,0.013,0.012,0.000
TARGET119,-8119.648,-2603.562,1509.777,0.022,0.013,0.011,0.000
TARGET120,-8475.341,-2004.770,1841.090,0.022,0.013,0.010,0.000
TARGET121,-8247.779,-2493.580,1323.503,0.023,0.013,0.011,0.000
TARGET122,-8536.205,-2025.949,1541.290,0.022,0.013,0.010,0.000
TARGET123,-8188.162,-2638.085,1122.426,0.023,0.013,0.010,0.000
TARGET124,-8661.156,-1915.768,1353.700,0.022,0.013,0.010,0.000
TARGET125,-8604.642,-2061.145,1153.607,0.023,0.013,0.010,0.000
TARGET126,-9503.426,-1256.773,-495.052,0.033,0.014,0.013,0.000
TARGET127,-9281.469,-1583.244,-504.739,0.032,0.014,0.013,0.000
TARGET128,-9101.518,-1844.717,-520.549,0.028,0.014,0.012,0.000
TARGET129,-9396.793,-1463.000,-693.696,0.034,0.014,0.013,0.000
TARGET130,-8991.813,-2047.595,-720.883,0.029,0.014,0.013,0.000
TARGET131,-8626.246,-1644.909,2239.118,0.023,0.013,0.011,0.000
TARGET132,-8352.058,-2285.786,1522.925,0.023,0.013,0.011,0.000
TARGET133,-8703.661,-1677.556,1859.689,0.024,0.013,0.011,0.000
TARGET134,-8881.382,-1420.140,1868.096,0.025,0.013,0.011,0.000
TARGET135,-8760.853,-1706.551,1552.794,0.023,0.013,0.010,0.000
TARGET136,-8422.360,-2315.673,1142.771,0.022,0.013,0.010,0.000
TARGET137,-8940.889,-1442.587,1570.134,0.024,0.013,0.011,0.000
TARGET138,-7942.930,-3115.237,601.841,0.023,0.014,0.011,0.000
TARGET139,-8242.999,-2657.214,822.708,0.023,0.014,0.011,0.000
TARGET140,-9064.437,-1329.190,1383.570,0.024,0.013,0.010,0.000
TARGET141,-8832.552,-1734.798,1172.383,0.023,0.013,0.010,0.000
TARGET142,-8475.300,-2339.972,835.334,0.022,0.013,0.010,0.000
TARGET143,-9010.375,-1476.628,1182.793,0.024,0.013,0.010,0.000
TARGET144,-7877.606,-3255.455,398.040,0.024,0.015,0.012,0.000
TARGET145,-8660.294,-2079.825,852.607,0.023,0.013,0.010,0.000
TARGET146,-9232.732,-1145.521,1201.549,0.029,0.013,0.012,0.000
TARGET147,-8368.436,-2544.870,635.183,0.023,0.013,0.010,0.000
TARGET148,-8886.808,-1757.271,866.192,0.023,0.013,0.010,0.000
TARGET149,-8118.328,-2938.027,420.856,0.023,0.014,0.011,0.000
TARGET150,-9065.494,-1496.981,879.684,0.026,0.013,0.011,0.000
TARGET151,-8783.032,-1965.655,667.437,0.023,0.013,0.010,0.000
TARGET152,-8305.293,-2687.563,433.346,0.023,0.014,0.011,0.000
TARGET153,-8540.818,-2364.055,453.539,0.023,0.013,0.010,0.000
TARGET154,-9186.654,-1380.914,692.063,0.027,0.013,0.011,0.000
TARGET155,-8723.065,-2109.963,464.357,0.023,0.013,0.010,0.000
TARGET156,-8951.444,-1782.999,484.711,0.024,0.013,0.010,0.000
TARGET157,-9129.064,-1526.466,491.528,0.028,0.014,0.011,0.000
TARGET158,-9351.738,-1195.087,511.545,0.032,0.014,0.012,0.000
TARGET159,-8356.579,-2702.670,128.953,0.024,0.014,0.011,0.000
TARGET160,-8589.233,-2385.549,141.009,0.024,0.014,0.011,0.000
TARGET161,-8773.368,-2126.375,161.505,0.024,0.013,0.011,0.000
TARGET162,-8999.642,-1805.300,172.901,0.025,0.014,0.011,0.000
TARGET163,-9179.203,-1542.862,190.937,0.027,0.014,0.011,0.000
TARGET164,-9400.314,-1217.074,200.753,0.032,0.014,0.012,0.000
TARGET165,-8478.300,-2589.070,-59.353,0.025,0.014,0.012,0.000
TARGET166,-8892.693,-2011.356,-26.704,0.025,0.014,0.011,0.000
TARGET167,-9297.519,-1424.921,1.962,0.030,0.014,0.012,0.000
TARGET168,-9459.486,-1238.182,-181.329,0.034,0.014,0.013,0.000
TARGET169,-9236.559,-1568.507,-198.932,0.030,0.014,0.012,0.000
TARGET170,-9058.255,-1826.269,-208.103,0.028,0.014,0.012,0.000
TARGET171,-8829.745,-2152.500,-228.901,0.024,0.014,0.011,0.000
TARGET172,-8647.046,-2407.182,-241.482,0.025,0.014,0.012,0.000
TARGET173,-8411.815,-2729.130,-260.841,0.026,0.014,0.012,0.000
TARGET182,-9556.159,-1273.692,-876.751,0.037,0.015,0.014,0.000
TARGET183,-9332.458,-1604.084,-895.203,0.034,0.015,0.014,0.000
TARGET184,-9155.094,-1859.944,-904.484,0.030,0.014,0.013,0.000
TARGET185,-8925.416,-2186.420,-924.301,0.029,0.015,0.013,0.000
TARGET189,-9161.502,-1116.724,1580.972,0.029,0.013,0.012,0.000
TARGET190,-9286.660,-1169.945,891.531,0.034,0.014,0.013,0.000
TARGET191,-9460.214,-907.243,905.351,0.036,0.014,0.013,0.000
TARGET192,-9524.244,-936.237,518.035,0.036,0.014,0.013,0.000
TARGET193,-9575.104,-952.501,215.887,0.039,0.014,0.013,0.000
TARGET195,-8875.081,-2165.600,-532.912,0.027,0.014,0.012,0.000
TARGET196,-8789.657,-1205.549,2750.599,0.027,0.013,0.013,0.000
TARGET197,2136.189,1318.098,-16.942,0.026,0.014,0.018,0.000
TARGET198,2001.516,1239.671,-718.653,0.026,0.014,0.017,0.000
TARGET200,-3049.122,3150.391,-918.575,0.017,0.018,0.012,0.000
TARGET201,-2926.566,3090.426,-1124.386,0.018,0.020,0.014,0.000
TARGET202,-3318.192,3033.888,-1929.971,0.019,0.029,0.020,0.000
TARGET203,-1316.802,2355.156,-1603.652,0.019,0.015,0.017,0.000
TARGET204,-1253.337,1990.379,-1743.423,0.022,0.015,0.021,0.000
TARGET205,-1305.663,2140.628,-1688.123,0.021,0.015,0.020,0.000
TARGET206,-8128.596,4691.550,3816.610,0.029,0.031,0.020,0.000
TARGET207,-3781.432,3502.399,385.529,0.017,0.019,0.012,0.000
TARGET208,-4152.851,3553.009,154.738,0.018,0.020,0.012,0.000
TARGET209,-4229.058,3518.702,-209.813,0.018,0.020,0.012,0.000
TARGET210,-3635.541,3398.916,-133.157,0.017,0.018,0.011,0.000
TARGET211,-3513.154,3342.180,-338.580,0.017,0.021,0.013,0.000
TARGET212,-3965.050,3411.554,-552.370,0.018,0.019,0.011,0.000
TARGET213,-3194.422,3260.714,-400.879,0.017,0.018,0.012,0.000
TARGET214,-3562.715,3311.191,-626.938,0.017,0.019,0.012,0.000
TARGET215,-4043.759,3373.555,-919.621,0.018,0.020,0.013,0.000
TARGET216,-3251.163,3231.534,-688.204,0.017,0.018,0.012,0.000
TARGET217,-3645.178,3274.239,-993.208,0.018,0.019,0.012,0.000
TARGET218,-3327.341,3192.996,-1055.953,0.018,0.020,0.013,0.000
TARGET219,-3395.662,3162.868,-1346.544,0.018,0.021,0.014,0.000
TARGET220,-3468.541,3119.967,-1712.989,0.018,0.024,0.016,0.000
TARGET221,-2998.174,3061.919,-1410.475,0.018,0.022,0.015,0.000
TARGET222,-3193.246,3080.729,-1571.737,0.019,0.028,0.018,0.000
TARGET224,-3436.394,3376.202,25.832,0.017,0.019,0.012,0.000
TARGET225,-3913.589,3441.332,-269.540,0.018,0.019,0.012,0.000
TARGET226,-3766.683,3333.367,-782.869,0.017,0.020,0.012,0.000
TARGET227,-460.073,2162.462,2049.144,0.018,0.015,0.024,0.000
TARGET228,-577.308,2472.322,1937.359,0.018,0.017,0.024,0.000
TARGET229,-609.436,2606.057,1865.924,0.018,0.017,0.023,0.000
TARGET230,-3923.262,3122.081,-2297.078,0.020,0.035,0.022,0.000
TARGET231,-4322.735,3220.471,-2227.281,0.020,0.036,0.022,0.000
TARGET232,-4044.656,3184.053,-2090.498,0.019,0.030,0.019,0.000
TARGET233,-4639.893,3297.437,-2170.235,0.020,0.034,0.021,0.000
TARGET234,-5034.823,3391.382,-2099.772,0.021,0.037,0.021,0.000
TARGET235,-4758.756,3357.422,-1964.299,0.020,0.038,0.021,0.000
TARGET236,-4247.610,3266.320,-1863.225,0.019,0.030,0.018,0.000
TARGET237,-5355.427,3467.291,-2034.831,0.024,0.051,0.026,0.000
TARGET238,-4558.129,3341.670,-1808.021,0.020,0.034,0.019,0.000
TARGET239,-3786.806,3202.126,-1644.722,0.019,0.026,0.017,0.000
TARGET240,-5477.031,3525.965,-1831.663,0.024,0.053,0.026,0.000
TARGET241,-4959.262,3437.251,-1735.977,0.021,0.040,0.021,0.000
TARGET242,-4183.534,3299.736,-1578.047,0.019,0.029,0.017,0.000
TARGET243,-5278.811,3512.950,-1671.848,0.022,0.043,0.022,0.000
TARGET244,-3905.970,3261.523,-1440.626,0.018,0.021,0.014,0.000
TARGET245,-4498.620,3376.696,-1519.354,0.019,0.025,0.015,0.000
TARGET246,-5682.621,3604.717,-1602.149,0.024,0.052,0.025,0.000
TARGET247,-3709.470,3243.332,-1283.024,0.018,0.021,0.014,0.000
TARGET248,-4898.237,3471.850,-1448.562,0.020,0.031,0.017,0.000
TARGET249,-4619.827,3435.347,-1314.172,0.019,0.027,0.016,0.000
TARGET250,-5217.952,3547.412,-1385.616,0.022,0.043,0.020,0.000
TARGET251,-4110.575,3342.668,-1212.113,0.019,0.021,0.014,0.000
TARGET252,-4418.183,3417.495,-1157.354,0.019,0.023,0.014,0.000
TARGET253,-5621.843,3639.619,-1313.476,0.024,0.052,0.023,0.000
TARGET254,-5341.264,3605.254,-1178.690,0.023,0.051,0.022,0.000
TARGET255,-4821.625,3514.165,-1082.898,0.020,0.029,0.016,0.000
TARGET256,-5140.911,3589.497,-1020.999,0.021,0.038,0.018,0.000
TARGET257,-4360.206,3450.454,-864.442,0.018,0.021,0.013,0.000
TARGET258,-4762.282,3546.518,-792.627,0.019,0.026,0.014,0.000
TARGET259,-4482.196,3507.600,-658.597,0.019,0.021,0.012,0.000
TARGET260,-5087.564,3622.561,-734.400,0.020,0.031,0.015,0.000
TARGET261,-5486.799,3713.823,-662.796,0.023,0.050,0.019,0.000
TARGET262,-4280.026,3487.676,-500.969,0.018,0.021,0.012,0.000
TARGET263,-5209.720,3678.672,-525.289,0.022,0.041,0.017,0.000
TARGET264,-4683.876,3584.434,-427.368,0.019,0.023,0.013,0.000
TARGET265,-5006.965,3660.118,-368.768,0.019,0.029,0.014,0.000
TARGET266,-5412.452,3753.042,-295.692,0.022,0.046,0.017,0.000
TARGET267,-4631.528,3614.787,-138.878,0.019,0.025,0.013,0.000
TARGET268,-4951.147,3690.212,-77.563,0.019,0.034,0.015,0.000
TARGET269,-4351.139,3574.049,-3.470,0.018,0.021,0.012,0.000
TARGET270,-3838.595,3475.947,95.924,0.017,0.021,0.012,0.000
TARGET271,-5350.803,3781.676,-7.086,0.023,0.048,0.017,0.000
TARGET272,-5672.225,3854.147,55.105,0.024,0.054,0.017,0.000
TARGET273,-5073.394,3744.301,130.995,0.021,0.031,0.014,0.000
TARGET274,-4554.449,3649.145,227.243,0.019,0.025,0.013,0.000
TARGET275,-4871.378,3723.893,288.393,0.019,0.031,0.014,0.000
TARGET276,-4097.686,3580.009,445.410,0.018,0.022,0.012,0.000
TARGET277,-5276.967,3816.829,360.526,0.022,0.040,0.015,0.000
TARGET278,-4498.009,3675.528,515.896,0.019,0.030,0.014,0.000
TARGET279,-5593.042,3888.134,420.900,0.026,0.059,0.017,0.000
TARGET280,-4818.854,3750.851,574.635,0.019,0.029,0.014,0.000
TARGET281,-4221.849,3634.031,653.918,0.018,0.023,0.013,0.000
TARGET282,-3706.953,3533.230,752.059,0.017,0.019,0.012,0.000
TARGET283,-5219.843,3842.812,646.795,0.021,0.037,0.015,0.000
TARGET284,-4020.651,3610.241,811.889,0.018,0.024,0.013,0.000
TARGET285,-5538.695,3914.548,705.969,0.026,0.060,0.017,0.000
TARGET286,-4941.168,3803.160,784.786,0.021,0.040,0.015,0.000
TARGET287,-4424.636,3706.657,882.683,0.018,0.028,0.014,0.000
TARGET288,-4740.197,3780.909,941.860,0.019,0.029,0.014,0.000
TARGET289,-3646.778,3555.745,1041.881,0.017,0.021,0.013,0.000
TARGET290,-5661.536,3965.557,917.223,0.026,0.060,0.016,0.000
TARGET291,-3965.140,3633.652,1100.987,0.017,0.022,0.013,0.000
TARGET292,-5143.792,3873.555,1014.723,0.023,0.049,0.016,0.000
TARGET293,-5459.138,3944.412,1073.233,0.024,0.056,0.016,0.000
TARGET294,-4366.440,3729.541,1172.447,0.018,0.028,0.014,0.000
TARGET295,-4684.474,3804.519,1232.680,0.019,0.030,0.014,0.000
TARGET296,-3170.595,3482.909,1338.662,0.016,0.021,0.014,0.000
TARGET297,-4089.705,3686.022,1311.046,0.018,0.027,0.014,0.000
TARGET298,-5084.897,3896.193,1303.711,0.023,0.057,0.017,0.000
TARGET299,-3573.976,3583.130,1410.057,0.017,0.024,0.014,0.000
TARGET300,-5408.727,3968.904,1362.913,0.024,0.057,0.016,0.000
TARGET301,-3889.060,3660.256,1468.884,0.018,0.024,0.014,0.000
TARGET302,-4808.832,3855.234,1442.770,0.021,0.045,0.016,0.000
TARGET303,-4294.171,3756.947,1540.189,0.018,0.031,0.015,0.000
TARGET304,-4607.775,3830.896,1600.282,0.019,0.039,0.016,0.000
TARGET305,-5532.965,4018.029,1573.726,0.024,0.057,0.017,0.000
TARGET306,-3516.678,3602.925,1698.097,0.017,0.024,0.015,0.000
TARGET307,-5012.876,3923.525,1671.295,0.022,0.055,0.017,0.000
TARGET308,-3835.222,3680.825,1757.333,0.017,0.028,0.015,0.000
TARGET309,-5329.900,3994.944,1730.668,0.024,0.057,0.017,0.000
TARGET310,-3240.170,3555.368,1838.210,0.017,0.025,0.016,0.000
TARGET311,-4236.591,3776.753,1829.378,0.018,0.029,0.015,0.000
TARGET312,-4554.076,3851.672,1890.566,0.019,0.040,0.017,0.000
TARGET313,-3040.973,3526.661,1997.842,0.017,0.026,0.016,0.000
TARGET314,-3958.669,3730.959,1967.541,0.018,0.028,0.016,0.000
TARGET315,-4953.319,3943.170,1962.807,0.022,0.054,0.018,0.000
TARGET316,-3444.939,3626.790,2068.263,0.017,0.027,0.016,0.000
TARGET317,-5277.093,4015.655,2019.965,0.024,0.058,0.018,0.000
TARGET318,-3757.762,3703.048,2124.593,0.018,0.029,0.017,0.000
TARGET319,-4677.300,3899.985,2100.104,0.021,0.054,0.018,0.000
TARGET320,-5680.068,4103.978,2092.585,0.025,0.056,0.018,0.000
TARGET321,-4163.681,3800.086,2197.886,0.018,0.038,0.017,0.000
TARGET322,-2984.664,3543.419,2283.522,0.017,0.026,0.017,0.000
TARGET323,-4475.926,3873.576,2258.101,0.019,0.045,0.018,0.000
TARGET324,-5401.555,4062.851,2230.505,0.024,0.058,0.019,0.000
TARGET325,-3383.390,3642.303,2353.744,0.017,0.028,0.017,0.000
TARGET326,-4882.014,3966.763,2331.540,0.021,0.053,0.019,0.000
TARGET327,-3704.114,3720.782,2415.115,0.018,0.028,0.017,0.000
TARGET328,-5200.957,4038.082,2387.539,0.022,0.054,0.019,0.000
TARGET329,-3108.782,3593.291,2493.645,0.017,0.027,0.017,0.000
TARGET330,-4105.326,3816.630,2487.086,0.019,0.039,0.018,0.000
TARGET331,-5606.560,4127.104,2461.144,0.024,0.053,0.019,0.000
TARGET332,-4425.575,3891.978,2548.703,0.019,0.046,0.019,0.000
TARGET333,-2596.164,3483.086,2591.815,0.017,0.028,0.018,0.000
TARGET334,-3828.286,3769.240,2626.091,0.018,0.034,0.019,0.000
TARGET335,-2908.628,3562.460,2652.318,0.018,0.030,0.019,0.000
TARGET336,-4825.034,3983.495,2619.583,0.021,0.054,0.021,0.000
TARGET337,-5148.624,4056.115,2679.770,0.021,0.050,0.020,0.000
TARGET338,-3312.160,3662.270,2721.659,0.018,0.035,0.019,0.000
TARGET339,-3628.839,3739.754,2783.556,0.018,0.033,0.019,0.000
TARGET340,-4034.419,3836.435,2855.530,0.019,0.046,0.020,0.000
TARGET341,-4348.143,3910.226,2915.694,0.019,0.047,0.020,0.000
TARGET342,-2859.650,3579.175,2945.800,0.018,0.030,0.019,0.000
TARGET343,-4754.375,4003.208,2987.888,0.021,0.054,0.022,0.000
TARGET344,-3258.671,3677.652,3015.747,0.018,0.031,0.019,0.000
TARGET345,-3578.632,3755.281,3074.274,0.019,0.037,0.020,0.000
TARGET346,-3979.556,3850.824,3146.403,0.019,0.047,0.021,0.000
TARGET347,-2982.617,3627.141,3154.128,0.018,0.031,0.020,0.000
TARGET348,-4296.461,3925.152,3206.649,0.019,0.048,0.021,0.000
TARGET349,-3702.960,3801.676,3284.177,0.019,0.046,0.022,0.000
TARGET350,-2782.814,3594.589,3311.330,0.020,0.043,0.022,0.000
TARGET351,-3185.377,3693.682,3385.174,0.020,0.043,0.022,0.000
TARGET352,-3502.189,3770.409,3443.656,0.019,0.045,0.022,0.000
TARGET353,-3907.834,3866.905,3516.410,0.020,0.047,0.023,0.000
TARGET354,-5546.624,3682.028,-949.607,0.022,0.050,0.021,0.000
TARGET355,-3844.831,3167.046,-1932.915,0.019,0.026,0.017,0.000
TARGET356,-3073.959,3020.229,-1774.636,0.019,0.031,0.019,0.000
TARGET357,-5072.004,4074.599,3047.278,0.020,0.049,0.021,0.000
TARGET358,-4549.520,3938.598,2758.359,0.021,0.054,0.021,0.000
TARGET359,-5550.938,4144.301,2751.476,0.023,0.050,0.020,0.000
TARGET360,-5272.735,4101.126,2889.490,0.021,0.051,0.021,0.000
TARGET361,-4698.032,4017.042,3277.508,0.021,0.052,0.023,0.000
TARGET362,-4421.352,3970.103,3416.603,0.020,0.051,0.024,0.000
TARGET363,-4223.004,3940.480,3573.778,0.020,0.046,0.023,0.000
TARGET364,-4628.245,4033.239,3646.826,0.021,0.051,0.025,0.000
TARGET365,-5349.321,4193.023,3779.481,0.021,0.050,0.025,0.000
TARGET366,-5871.108,4212.864,2807.978,0.024,0.049,0.020,0.000
TARGET367,-5420.484,4177.137,3409.690,0.022,0.049,0.024,0.000
TARGET368,-5742.029,4246.384,3471.725,0.022,0.047,0.023,0.000
TARGET369,-4942.377,4103.909,3706.748,0.022,0.052,0.026,0.000
TARGET370,-5478.330,4163.560,3120.631,0.023,0.050,0.023,0.000
TARGET371,-5793.727,4231.294,3178.389,0.023,0.048,0.022,0.000
TARGET372,-5018.306,4088.997,3337.441,0.021,0.049,0.023,0.000
TARGET373,-5142.860,4132.345,3548.621,0.021,0.049,0.024,0.000
TARGET374,-5866.881,4287.901,3680.518,0.023,0.049,0.024,0.000
TARGET375,-5666.927,4261.102,3837.457,0.022,0.048,0.025,0.000
TARGET376,-6073.047,4346.229,3910.852,0.024,0.050,0.026,0.000
TARGET377,-6144.945,4330.393,3541.084,0.025,0.053,0.025,0.000
TARGET378,-6202.200,4316.801,3251.681,0.027,0.055,0.024,0.000
TARGET379,-5995.025,4256.468,3020.630,0.025,0.052,0.022,0.000
TARGET380,-6274.838,4297.495,2882.884,0.028,0.056,0.022,0.000
TARGET381,-5924.330,4195.796,2522.084,0.025,0.053,0.020,0.000
TARGET382,-6329.887,4280.615,2595.576,0.027,0.053,0.020,0.000
TARGET383,-6125.165,4218.844,2365.199,0.026,0.052,0.019,0.000
TARGET384,-5999.918,4173.060,2154.339,0.027,0.056,0.018,0.000
TARGET385,-6402.386,4257.179,2226.196,0.028,0.055,0.019,0.000
TARGET386,-5738.113,4084.498,1804.333,0.029,0.067,0.018,0.000
TARGET387,-6052.363,4152.160,1863.604,0.029,0.060,0.018,0.000
TARGET388,-6459.240,4237.508,1938.413,0.032,0.059,0.018,0.000
TARGET389,-6254.041,4173.478,1708.047,0.030,0.060,0.017,0.000
TARGET390,-5810.512,4057.188,1436.250,0.029,0.066,0.017,0.000
TARGET391,-6131.004,4126.141,1496.410,0.029,0.062,0.017,0.000
TARGET392,-5865.406,4033.843,1147.874,0.029,0.066,0.017,0.000
TARGET393,-6184.118,4102.431,1208.230,0.030,0.066,0.017,0.000
TARGET394,-5939.155,4002.748,780.065,0.030,0.066,0.017,0.000
TARGET395,-6000.375,3977.539,494.245,0.030,0.065,0.017,0.000
TARGET396,-5796.068,3907.009,263.038,0.029,0.064,0.018,0.000
TARGET397,-5728.099,3824.263,-235.261,0.025,0.056,0.019,0.000
TARGET398,-7411.098,-3044.664,2840.732,0.023,0.014,0.014,0.000
TARGET399,-7491.597,-3087.917,2457.188,0.022,0.014,0.013,0.000
TARGET400,-8833.383,4298.395,-715.733,0.037,0.050,0.019,0.000
TARGET401,-8958.232,4348.622,-508.869,0.036,0.047,0.017,0.000
TARGET402,-8516.952,4239.020,-778.601,0.034,0.046,0.018,0.000
TARGET403,-8759.130,4340.587,-352.345,0.036,0.048,0.017,0.000
TARGET404,-8234.972,4213.736,-644.354,0.035,0.049,0.019,0.000
TARGET405,-8442.189,4281.232,-414.229,0.034,0.046,0.017,0.000
TARGET406,-8698.923,4372.332,-63.920,0.034,0.046,0.016,0.000
TARGET407,-8033.540,4203.945,-487.924,0.033,0.048,0.018,0.000
TARGET408,-8824.084,4420.771,142.926,0.037,0.049,0.016,0.000
TARGET409,-8378.913,4313.067,-122.467,0.035,0.047,0.016,0.000
TARGET410,-9032.470,4484.038,372.810,0.038,0.049,0.016,0.000
TARGET411,-7974.550,4236.359,-197.142,0.032,0.048,0.017,0.000
TARGET412,-8622.392,4410.426,299.696,0.034,0.047,0.015,0.000
TARGET413,-8098.324,4285.983,9.482,0.034,0.048,0.016,0.000
TARGET414,-8303.537,4351.393,240.953,0.033,0.045,0.015,0.000
TARGET415,-8563.867,4439.605,589.346,0.034,0.046,0.015,0.000
TARGET416,-7895.127,4274.210,167.289,0.031,0.047,0.015,0.000
TARGET417,-8691.440,4485.944,793.110,0.034,0.046,0.014,0.000
TARGET418,-8243.420,4379.832,526.309,0.033,0.046,0.014,0.000
TARGET419,-8900.537,4547.708,1024.479,0.036,0.048,0.015,0.000
TARGET420,-8490.582,4474.592,954.936,0.033,0.046,0.014,0.000
TARGET421,-8436.621,4501.369,1244.906,0.033,0.046,0.014,0.000
TARGET422,-8841.768,4574.122,1318.295,0.036,0.052,0.015,0.000
TARGET423,-8767.634,4605.305,1686.212,0.036,0.054,0.016,0.000
TARGET424,-8806.235,-1382.001,2253.315,0.026,0.013,0.012,0.000
TARGET425,-7523.755,4632.921,4179.691,0.034,0.060,0.029,0.000
TARGET426,-7577.017,4211.137,100.223,0.030,0.048,0.016,0.000
TARGET427,-9168.036,4414.059,-280.608,0.039,0.052,0.018,0.000
TARGET428,-8097.159,-3029.262,12.493,0.043,0.020,0.014,0.000
TARGET429,-8300.040,4643.591,2768.311,0.037,0.059,0.020,0.000
TARGET430,-7852.593,4542.477,2494.829,0.032,0.053,0.019,0.000
TARGET431,-8175.827,4602.545,2556.147,0.034,0.054,0.019,0.000
TARGET432,-8229.001,4582.011,2268.095,0.035,0.055,0.017,0.000
TARGET433,-8636.924,4655.368,2341.301,0.036,0.054,0.017,0.000
TARGET434,-8430.800,4598.223,2110.609,0.036,0.058,0.017,0.000
TARGET435,-8305.803,4555.412,1900.231,0.034,0.053,0.016,0.000
TARGET436,-8709.774,4628.034,1973.594,0.037,0.059,0.016,0.000
TARGET437,-8358.792,4531.723,1611.786,0.032,0.047,0.015,0.000
TARGET438,-8562.532,4546.216,1454.823,0.035,0.054,0.015,0.000
TARGET439,-7501.172,4445.452,2131.812,0.033,0.055,0.018,0.000
TARGET440,-8580.124,4675.512,2631.775,0.036,0.054,0.019,0.000
TARGET441,-7908.389,4522.439,2205.793,0.033,0.053,0.017,0.000
TARGET442,-7704.347,4463.526,1975.513,0.032,0.052,0.017,0.000
TARGET443,-7983.496,4495.641,1838.988,0.033,0.052,0.016,0.000
TARGET444,-7633.170,4395.527,1475.242,0.031,0.048,0.015,0.000
TARGET445,-8041.830,4472.604,1547.834,0.033,0.049,0.015,0.000
TARGET446,-7836.731,4411.429,1317.310,0.032,0.048,0.015,0.000
TARGET447,-7710.409,4365.090,1108.393,0.032,0.048,0.015,0.000
TARGET448,-8114.794,4441.269,1179.729,0.033,0.048,0.015,0.000
TARGET449,-7761.622,4337.530,817.931,0.031,0.048,0.014,0.000
TARGET450,-8169.300,4414.538,890.799,0.033,0.048,0.015,0.000
TARGET451,-7524.032,4241.559,391.377,0.029,0.046,0.015,0.000
TARGET452,-7835.011,4302.689,453.231,0.031,0.047,0.015,0.000
TARGET453,-7652.578,4172.510,-264.670,0.032,0.051,0.018,0.000
TARGET454,-9106.964,4445.490,7.053,0.041,0.061,0.018,0.000
TARGET455,-7317.488,4579.008,3949.022,0.038,0.070,0.031,0.000
TARGET456,-7595.948,4616.774,3811.579,0.034,0.061,0.026,0.000
TARGET457,-7649.811,4602.231,3520.768,0.034,0.060,0.025,0.000
TARGET458,-7968.330,4661.782,3583.196,0.035,0.059,0.024,0.000
TARGET459,-8377.353,4735.890,3656.006,0.037,0.060,0.024,0.000
TARGET460,-8169.570,4681.926,3425.369,0.037,0.061,0.024,0.000
TARGET461,-7722.069,4582.571,3152.013,0.034,0.060,0.023,0.000
TARGET462,-8450.177,4716.174,3289.038,0.038,0.061,0.023,0.000
TARGET463,-8096.628,4624.781,2924.882,0.035,0.058,0.020,0.000
TARGET464,-8507.147,4698.933,2998.728,0.037,0.054,0.020,0.000
TARGET465,-8044.380,4642.840,3215.882,0.038,0.062,0.024,0.000
TARGET466,-7778.145,4565.578,2863.001,0.033,0.055,0.021,0.000
TARGET467,-7257.422,4356.514,1703.643,0.035,0.061,0.018,0.000
TARGET468,-7314.951,4333.482,1413.634,0.033,0.056,0.016,0.000
TARGET469,-7389.778,4302.417,1045.910,0.032,0.051,0.015,0.000
TARGET470,-7449.274,4276.771,758.856,0.031,0.050,0.015,0.000
TARGET471,-8971.962,4512.354,658.195,0.038,0.056,0.016,0.000
TARGET472,-7924.560,4017.968,-1565.421,0.038,0.058,0.028,0.000
TARGET473,-8243.076,4080.775,-1503.155,0.035,0.052,0.024,0.000
TARGET474,-7846.713,4063.179,-1203.355,0.035,0.057,0.025,0.000
TARGET475,-8652.596,4158.435,-1431.112,0.039,0.056,0.026,0.000
TARGET476,-8164.121,4126.290,-1137.735,0.035,0.053,0.024,0.000
TARGET477,-7796.899,4100.418,-911.977,0.032,0.053,0.022,0.000
TARGET478,-8111.136,4162.228,-850.615,0.036,0.057,0.022,0.000
TARGET479,-7717.427,4141.857,-550.119,0.034,0.054,0.020,0.000
TARGET480,-8367.353,4134.239,-1296.306,0.037,0.055,0.024,0.000
TARGET481,-8572.821,4203.575,-1065.566,0.038,0.054,0.022,0.000
TARGET485,-9076.530,4297.321,-870.496,0.045,0.068,0.026,0.000
TARGET486,-9240.753,4372.043,-643.553,0.042,0.058,0.021,0.000
TARGET487,-10465.180,958.628,1656.835,0.056,0.015,0.016,0.000
TARGET488,-10037.993,371.523,1939.113,0.051,0.014,0.016,0.000
TARGET489,-10892.978,1540.867,1287.810,0.062,0.018,0.016,0.000
TARGET490,-10580.385,1077.383,1468.871,0.057,0.016,0.016,0.000
TARGET491,-10301.901,684.136,1646.909,0.054,0.014,0.016,0.000
TARGET492,-11141.803,1862.654,991.047,0.064,0.019,0.016,0.000
TARGET493,-9873.181,106.190,1933.906,0.050,0.013,0.016,0.000
TARGET494,-10735.866,1269.121,1284.226,0.058,0.016,0.016,0.000
TARGET495,-10947.829,1519.958,985.034,0.061,0.018,0.015,0.000
TARGET496,-10535.325,925.372,1271.106,0.058,0.015,0.016,0.000
TARGET497,-9661.359,-232.123,1918.844,0.048,0.013,0.016,0.000
TARGET498,-11057.605,1641.575,795.746,0.062,0.018,0.015,0.000
TARGET499,-10216.277,467.929,1450.393,0.052,0.014,0.015,0.000
TARGET500,-9325.463,-678.260,2092.770,0.040,0.013,0.015,0.000
TARGET501,-11207.078,1838.129,610.671,0.066,0.019,0.015,0.000
TARGET502,-9931.530,78.181,1626.560,0.051,0.013,0.016,0.000
TARGET503,-10590.335,905.068,969.042,0.058,0.015,0.015,0.000
TARGET504,-10702.832,1025.469,778.967,0.060,0.016,0.015,0.000
TARGET505,-10427.958,631.677,958.550,0.056,0.014,0.015,0.000
TARGET506,-10855.344,1219.558,594.856,0.060,0.016,0.015,0.000
TARGET507,-11084.093,1565.628,199.511,0.059,0.018,0.014,0.000
TARGET508,-10222.736,294.744,950.540,0.053,0.014,0.014,0.000
TARGET509,-10493.457,606.495,577.340,0.056,0.014,0.014,0.000
TARGET510,-10057.397,25.804,938.711,0.050,0.014,0.014,0.000
TARGET511,-10705.075,858.195,278.208,0.058,0.016,0.014,0.000
TARGET512,-9846.928,-307.751,930.335,0.050,0.014,0.014,0.000
TARGET513,-10963.525,1175.337,-98.614,0.062,0.017,0.014,0.000
TARGET514,-10542.545,584.447,266.644,0.058,0.015,0.014,0.000
TARGET515,-9405.570,-886.007,1207.992,0.041,0.014,0.014,0.000
TARGET516,-10122.553,-0.354,556.611,0.051,0.014,0.014,0.000
TARGET517,-10449.719,370.012,69.229,0.054,0.014,0.014,0.000
TARGET518,-9910.732,-338.277,541.228,0.050,0.014,0.013,0.000
TARGET519,-10171.004,-23.051,246.444,0.053,0.014,0.013,0.000
TARGET520,-9741.371,-601.599,535.667,0.049,0.014,0.013,0.000
TARGET521,-10060.772,1579.223,4388.536,0.057,0.017,0.029,0.000
TARGET522,-9861.176,1239.744,4381.990,0.055,0.016,0.029,0.000
TARGET523,-10302.000,1919.844,4100.254,0.059,0.018,0.028,0.000
TARGET524,-9699.497,966.443,4369.866,0.054,0.015,0.028,0.000
TARGET525,-9988.408,1351.772,4196.919,0.056,0.016,0.028,0.000
TARGET526,-10580.502,2118.303,3725.175,0.062,0.020,0.027,0.000
TARGET527,-9955.090,1192.234,4002.425,0.054,0.016,0.026,0.000
TARGET528,-10386.183,1776.594,3722.012,0.059,0.018,0.026,0.000
TARGET529,-10227.418,1498.750,3711.617,0.056,0.016,0.025,0.000
TARGET530,-9248.773,136.685,4159.950,0.049,0.013,0.026,0.000
TARGET531,-10507.850,1890.322,3534.672,0.062,0.019,0.026,0.000
TARGET532,-10027.736,1159.374,3705.768,0.054,0.015,0.025,0.000
TARGET533,-10668.389,2077.627,3350.870,0.066,0.020,0.026,0.000
TARGET534,-9865.352,885.562,3694.067,0.053,0.014,0.024,0.000
TARGET535,-10151.875,1273.148,3519.769,0.057,0.016,0.025,0.000
TARGET536,-10472.863,1730.386,3340.954,0.061,0.017,0.025,0.000
TARGET537,-9660.889,550.432,3687.026,0.050,0.014,0.023,0.000
TARGET538,-10315.829,1458.648,3336.323,0.057,0.016,0.024,0.000
TARGET539,-10736.232,2043.510,3045.182,0.062,0.019,0.023,0.000
TARGET540,-9494.371,279.640,3675.645,0.050,0.013,0.024,0.000
TARGET541,-10114.696,1114.245,3324.439,0.054,0.015,0.023,0.000
TARGET542,-9786.949,662.294,3501.296,0.051,0.014,0.023,0.000
TARGET543,-10541.923,1701.284,3040.629,0.058,0.017,0.022,0.000
TARGET544,-10660.884,1817.875,2853.587,0.061,0.018,0.022,0.000
TARGET545,-9114.501,-320.496,3652.445,0.047,0.013,0.023,0.000
TARGET546,-9747.675,504.582,3305.124,0.051,0.014,0.022,0.000
TARGET547,-10819.083,2007.799,2668.879,0.063,0.019,0.021,0.000
TARGET548,-10183.634,1085.607,3025.824,0.055,0.015,0.022,0.000
TARGET549,-9583.152,240.598,3301.336,0.050,0.013,0.022,0.000
TARGET550,-10623.470,1660.015,2657.741,0.059,0.017,0.021,0.000
TARGET551,-10021.126,810.742,3012.467,0.054,0.014,0.022,0.000
TARGET552,-10304.440,1199.749,2838.172,0.055,0.016,0.021,0.000
TARGET553,-10465.926,1388.272,2654.906,0.058,0.016,0.021,0.000
TARGET554,-9371.934,-97.547,3284.946,0.049,0.013,0.022,0.000
TARGET555,-10881.507,1975.800,2362.695,0.062,0.019,0.020,0.000
TARGET556,-9816.477,475.574,3006.198,0.052,0.014,0.021,0.000
TARGET557,-9202.655,-361.072,3277.337,0.044,0.013,0.020,0.000
TARGET558,-10264.943,1043.942,2642.517,0.053,0.015,0.019,0.000
TARGET559,-10687.494,1634.031,2358.443,0.059,0.017,0.019,0.000
TARGET560,-9650.067,204.779,2994.095,0.050,0.013,0.021,0.000
TARGET561,-10103.842,775.695,2638.409,0.053,0.014,0.019,0.000
TARGET562,-10803.485,1752.127,2169.838,0.062,0.018,0.019,0.000
TARGET563,-10529.241,1357.987,2347.999,0.058,0.016,0.019,0.000
TARGET564,-8986.215,-695.457,3260.058,0.040,0.013,0.019,0.000
TARGET565,-10958.401,1943.568,1985.608,0.063,0.019,0.019,0.000
TARGET566,-10329.896,1019.570,2342.854,0.054,0.015,0.018,0.000
TARGET567,-9897.726,434.060,2622.448,0.051,0.014,0.019,0.000
TARGET568,-9565.067,-15.704,2799.312,0.048,0.013,0.019,0.000
TARGET569,-9269.769,-395.782,2971.949,0.045,0.013,0.019,0.000
TARGET570,-10763.534,1596.882,1972.731,0.060,0.017,0.018,0.000
TARGET571,-10447.591,1135.340,2154.504,0.057,0.016,0.019,0.000
TARGET572,-10167.701,745.952,2330.747,0.052,0.014,0.018,0.000
TARGET573,-11018.206,1917.606,1676.325,0.063,0.019,0.017,0.000
TARGET574,-10606.758,1326.514,1970.637,0.058,0.016,0.018,0.000
TARGET575,-9962.838,409.940,2324.207,0.051,0.013,0.018,0.000
TARGET576,-10824.059,1575.394,1671.905,0.062,0.017,0.017,0.000
TARGET577,-10404.799,980.899,1958.596,0.054,0.015,0.017,0.000
TARGET578,-10083.036,525.689,2136.993,0.052,0.014,0.017,0.000
TARGET579,-9795.814,137.597,2310.670,0.049,0.013,0.018,0.000
TARGET580,-10937.053,1695.496,1483.423,0.064,0.018,0.017,0.000
TARGET581,-10664.165,1297.192,1663.675,0.060,0.016,0.017,0.000
TARGET582,-11088.767,1888.111,1297.865,0.064,0.019,0.017,0.000
TARGET583,-9317.482,720.613,5038.650,0.052,0.015,0.033,0.000
TARGET584,-9151.072,448.270,5024.079,0.051,0.014,0.032,0.000
TARGET585,-8940.476,116.611,5016.714,0.050,0.014,0.032,0.000
TARGET586,-8770.003,-151.522,5002.808,0.045,0.014,0.029,0.000
TARGET587,-9622.668,1008.318,4674.674,0.054,0.015,0.031,0.000
TARGET588,-9075.030,223.089,4833.166,0.050,0.014,0.031,0.000
TARGET589,-8554.107,-480.145,4992.865,0.043,0.014,0.029,0.000
TARGET590,-9415.968,666.419,4661.403,0.052,0.014,0.030,0.000
TARGET591,-8380.314,-743.123,4978.072,0.041,0.014,0.028,0.000
TARGET592,-9251.134,400.062,4652.930,0.051,0.014,0.030,0.000
TARGET593,-8689.999,-376.040,4810.707,0.044,0.014,0.028,0.000
TARGET594,-8870.176,-199.581,4632.431,0.045,0.014,0.027,0.000
TARGET595,-9494.614,631.162,4363.626,0.051,0.014,0.028,0.000
TARGET596,-10156.044,1537.022,4015.221,0.057,0.017,0.027,0.000
TARGET597,-9327.521,359.886,4352.863,0.050,0.013,0.028,0.000
TARGET598,-8652.783,-534.292,4615.791,0.040,0.014,0.025,0.000
TARGET599,-8479.660,-793.337,4607.330,0.039,0.014,0.025,0.000
TARGET600,-9117.622,27.949,4343.852,0.049,0.013,0.027,0.000
TARGET601,-9793.502,922.997,3997.961,0.054,0.014,0.026,0.000
TARGET602,-8947.104,-240.456,4329.757,0.046,0.013,0.026,0.000
TARGET603,-9587.158,581.397,3983.968,0.050,0.014,0.025,0.000
TARGET604,-8731.970,-569.155,4318.594,0.040,0.013,0.024,0.000
TARGET605,-9422.057,316.161,3978.843,0.050,0.013,0.025,0.000
TARGET606,-8865.485,-461.798,4135.235,0.042,0.013,0.024,0.000
TARGET607,-9210.489,-21.638,3964.061,0.049,0.013,0.025,0.000
TARGET608,-9042.175,-283.227,3956.639,0.043,0.013,0.023,0.000
TARGET609,-9284.255,-52.992,3666.862,0.048,0.013,0.023,0.000
TARGET610,-8651.563,-878.180,3931.910,0.038,0.013,0.021,0.000
TARGET611,-9029.497,-540.415,3457.591,0.040,0.013,0.020,0.000
TARGET612,-9939.135,588.641,2819.632,0.052,0.014,0.020,0.000
TARGET613,-9732.432,168.384,2618.165,0.049,0.013,0.019,0.000
TARGET614,-10097.777,348.785,1638.614,0.052,0.014,0.016,0.000
TARGET615,-10789.869,1244.499,975.580,0.060,0.016,0.015,0.000
TARGET616,-9721.444,-254.650,1618.388,0.049,0.013,0.015,0.000
TARGET617,-9841.076,-138.344,1430.361,0.050,0.013,0.015,0.000
TARGET618,-8932.624,-1270.587,2067.570,0.029,0.013,0.012,0.000
TARGET619,-10002.700,49.277,1247.620,0.051,0.013,0.015,0.000
TARGET620,-10654.122,874.635,581.283,0.058,0.015,0.014,0.000
TARGET621,-9336.586,-850.984,1595.252,0.038,0.013,0.014,0.000
TARGET622,-9791.084,-288.969,1231.481,0.049,0.013,0.014,0.000
TARGET623,-10904.305,1197.278,284.169,0.061,0.017,0.014,0.000
TARGET624,-10337.436,414.469,762.795,0.052,0.014,0.014,0.000
TARGET625,-9458.033,-736.258,1407.569,0.045,0.014,0.014,0.000
TARGET626,-9622.325,-551.495,1225.278,0.046,0.014,0.014,0.000
TARGET627,-10286.876,264.681,562.286,0.053,0.014,0.014,0.000
TARGET628,-10814.192,980.183,88.111,0.060,0.016,0.014,0.000
TARGET629,-9963.749,-189.654,741.085,0.051,0.014,0.014,0.000
TARGET630,-9675.052,-577.670,916.970,0.049,0.014,0.014,0.000
TARGET631,-10762.258,830.701,-110.599,0.059,0.015,0.014,0.000
TARGET632,-10337.967,247.616,257.188,0.054,0.014,0.014,0.000
TARGET633,-10602.860,564.275,-115.444,0.057,0.015,0.014,0.000
TARGET634,-10395.992,221.681,-131.612,0.054,0.014,0.014,0.000
TARGET635,-9960.676,-356.516,237.853,0.050,0.014,0.013,0.000
TARGET636,-10646.564,545.465,-424.808,0.059,0.015,0.014,0.000
TARGET637,-10073.965,-236.774,49.145,0.053,0.014,0.014,0.000
TARGET638,-10230.097,-45.158,-135.883,0.055,0.014,0.014,0.000
TARGET639,-9790.807,-622.950,224.295,0.046,0.014,0.013,0.000
TARGET640,-10441.853,208.677,-432.977,0.055,0.015,0.014,0.000
TARGET641,-10550.003,331.807,-622.795,0.058,0.015,0.015,0.000
TARGET642,-10699.918,528.207,-808.178,0.058,0.015,0.015,0.000
TARGET643,-10018.329,-382.766,-151.518,0.052,0.014,0.013,0.000
TARGET644,-10274.937,-62.469,-446.146,0.053,0.014,0.014,0.000
TARGET645,-9690.883,-833.579,27.085,0.046,0.014,0.013,0.000
TARGET646,-10493.054,186.432,-822.649,0.057,0.015,0.015,0.000
TARGET647,-10064.865,-395.443,-456.109,0.052,0.014,0.014,0.000
TARGET648,-10175.842,-272.422,-644.729,0.054,0.014,0.014,0.000
TARGET649,-10328.264,-79.578,-829.716,0.056,0.015,0.015,0.000
TARGET650,-9631.641,-979.962,-173.876,0.050,0.015,0.014,0.000
TARGET651,-9893.829,-662.791,-467.988,0.050,0.014,0.014,0.000
TARGET652,-10116.495,-416.881,-845.904,0.055,0.015,0.015,0.000
TARGET653,-9678.963,-991.374,-478.621,0.045,0.015,0.014,0.000
TARGET654,-9791.402,-870.320,-666.176,0.050,0.015,0.014,0.000
TARGET655,-9947.746,-678.713,-851.242,0.052,0.015,0.014,0.000
TARGET656,-9730.522,-1012.243,-868.747,0.051,0.015,0.015,0.000
TARGET657,-10383.675,1424.798,3030.587,0.057,0.016,0.022,0.000
TARGET658,-8812.158,-956.076,3253.372,0.036,0.013,0.018,0.000
TARGET659,-8825.345,-618.282,3938.686,0.040,0.013,0.022,0.000
TARGET660,-8724.253,-915.002,3627.906,0.038,0.013,0.020,0.000
TARGET661,-8899.001,-649.903,3642.272,0.041,0.013,0.021,0.000
TARGET662,-8879.677,-990.526,2947.978,0.034,0.013,0.016,0.000
TARGET663,-9412.531,58.026,3482.159,0.049,0.013,0.023,0.000
TARGET664,-8963.060,-1026.217,2571.347,0.031,0.013,0.014,0.000
TARGET665,-9181.752,-614.280,2776.269,0.040,0.013,0.017,0.000
TARGET666,-9439.913,-128.224,2985.471,0.049,0.013,0.021,0.000
TARGET667,-9135.443,-767.583,2577.779,0.040,0.013,0.017,0.000
TARGET668,-9026.653,-1056.161,2264.495,0.036,0.013,0.015,0.000
TARGET669,-9352.498,-432.049,2595.695,0.043,0.013,0.017,0.000
TARGET670,-9954.390,846.792,3319.486,0.054,0.014,0.023,0.000
TARGET671,-9200.673,-791.763,2279.612,0.039,0.013,0.015,0.000
TARGET672,-9521.466,-169.698,2600.973,0.049,0.013,0.019,0.000
TARGET673,-9415.794,-462.359,2289.422,0.043,0.013,0.016,0.000
TARGET674,-9104.111,-1088.748,1885.128,0.033,0.013,0.014,0.000
TARGET675,-9586.469,-193.322,2304.168,0.049,0.013,0.017,0.000
TARGET676,-9275.546,-830.024,1895.314,0.040,0.013,0.015,0.000
TARGET677,-9492.903,-495.001,1910.608,0.043,0.013,0.015,0.000
TARGET678,-9708.496,-79.943,2115.967,0.049,0.013,0.017,0.000
TARGET679,-9552.042,-521.330,1604.181,0.046,0.013,0.015,0.000
TARGET680,-10244.514,712.952,1952.469,0.053,0.014,0.017,0.000
TARGET681,-10167.305,314.575,1252.846,0.052,0.014,0.015,0.000
TARGET682,-10374.481,656.962,1266.536,0.053,0.014,0.015,0.000
TARGET684,-9054.530,-725.183,2962.002,0.040,0.013,0.018,0.000
TARGET685,-11011.402,1489.225,596.923,0.062,0.018,0.015,0.000
TARGET686,-9579.033,-789.845,718.105,0.044,0.014,0.013,0.000
TARGET687,-9850.013,-644.230,-157.207,0.046,0.014,0.013,0.000
TARGET688,-6386.699,4121.675,1051.343,0.033,0.071,0.017,0.000
TARGET689,-6262.790,4072.407,841.689,0.033,0.070,0.017,0.000
TARGET690,-6318.178,4045.765,553.317,0.033,0.069,0.017,0.000
TARGET691,-6075.405,3942.342,125.765,0.033,0.071,0.019,0.000
TARGET692,-6395.968,4011.234,186.518,0.029,0.061,0.018,0.000
TARGET693,-6133.986,3913.159,-162.433,0.027,0.058,0.019,0.000
TARGET694,-5930.054,3840.868,-391.594,0.025,0.056,0.020,0.000
TARGET695,-5808.191,3786.509,-600.393,0.025,0.055,0.021,0.000
TARGET696,-6450.998,3981.324,-103.041,0.027,0.057,0.019,0.000
TARGET697,-6210.199,3874.398,-528.766,0.025,0.053,0.020,0.000
TARGET698,-6858.069,4066.433,-30.030,0.030,0.057,0.018,0.000
TARGET699,-5864.016,3753.672,-888.783,0.024,0.054,0.022,0.000
TARGET700,-6653.553,3996.742,-257.898,0.029,0.059,0.020,0.000
TARGET701,-6529.334,3943.074,-468.707,0.027,0.056,0.020,0.000
TARGET702,-6268.201,3842.125,-816.342,0.026,0.053,0.022,0.000
TARGET703,-6066.160,3768.452,-1044.873,0.025,0.056,0.023,0.000
TARGET704,-6932.797,4027.554,-395.390,0.028,0.052,0.020,0.000
TARGET705,-5943.889,3712.016,-1253.862,0.025,0.054,0.024,0.000
TARGET706,-6580.870,3909.576,-756.742,0.026,0.053,0.021,0.000
TARGET707,-6344.943,3799.834,-1181.024,0.026,0.053,0.024,0.000
TARGET708,-6987.893,3994.241,-686.290,0.028,0.052,0.021,0.000
TARGET709,-6780.818,3921.930,-914.906,0.027,0.051,0.022,0.000
TARGET710,-6656.672,3867.163,-1120.683,0.026,0.049,0.022,0.000
TARGET711,-5759.428,3558.829,-1966.800,0.027,0.057,0.029,0.000
TARGET712,-6407.920,3765.307,-1469.480,0.026,0.051,0.025,0.000
TARGET713,-6204.383,3689.284,-1699.256,0.026,0.053,0.027,0.000
TARGET714,-7064.046,3951.927,-1050.110,0.028,0.049,0.022,0.000
TARGET715,-6084.157,3631.243,-1909.138,0.027,0.055,0.028,0.000
TARGET716,-6719.796,3832.750,-1408.967,0.027,0.049,0.024,0.000
TARGET717,-6485.332,3719.293,-1834.389,0.026,0.050,0.026,0.000
TARGET718,-7126.267,3917.489,-1337.263,0.028,0.050,0.024,0.000
TARGET719,-6920.933,3843.450,-1566.769,0.028,0.050,0.025,0.000
TARGET720,-6796.752,3786.830,-1773.019,0.027,0.049,0.026,0.000
TARGET721,-7201.757,3871.407,-1700.863,0.029,0.051,0.026,0.000
TARGET722,-6520.711,4062.799,396.056,0.031,0.063,0.018,0.000
TARGET723,-1376.205,2382.124,-1598.425,0.056,0.077,0.047,0.000
TARGET724,-858.775,3075.280,1508.566,0.067,0.088,0.027,0.000
TARGET725,-6001.337,3676.322,-1542.987,0.026,0.056,0.026,0.000
TARGET726,-371.380,1846.575,2105.651,0.018,0.015,0.030,0.000
TARGET727,-7371.741,4488.545,2789.435,0.037,0.062,0.024,0.000
TARGET728,-7319.310,4506.097,3077.786,0.036,0.063,0.025,0.000
TARGET729,-6996.368,4443.360,3018.316,0.033,0.058,0.024,0.000
TARGET730,-7444.589,4546.751,3289.429,0.037,0.066,0.026,0.000
TARGET731,-6718.710,4404.962,3155.854,0.030,0.056,0.024,0.000
TARGET732,-7242.446,4524.823,3446.551,0.035,0.062,0.027,0.000
TARGET733,-6517.909,4381.788,3313.909,0.030,0.059,0.025,0.000
TARGET734,-7191.813,4539.797,3737.881,0.036,0.064,0.030,0.000
TARGET735,-6871.205,4477.193,3677.147,0.033,0.062,0.029,0.000
TARGET736,-6468.032,4396.426,3600.358,0.029,0.058,0.027,0.000
TARGET737,-6592.352,4436.671,3812.705,0.029,0.056,0.027,0.000
TARGET738,-6389.248,4410.794,3967.922,0.028,0.055,0.028,0.000
TARGET739,-7579.617,4419.297,1765.060,0.032,0.052,0.016,0.000
TARGET740,-6978.460,4321.996,1841.011,0.034,0.060,0.019,0.000
TARGET741,-7181.671,4383.266,2071.946,0.033,0.058,0.019,0.000
TARGET742,-6774.414,4302.027,1996.493,0.033,0.058,0.019,0.000
TARGET743,-7449.778,4466.179,2420.709,0.036,0.059,0.021,0.000
TARGET744,-7126.763,4403.404,2361.183,0.035,0.059,0.021,0.000
TARGET745,-6724.511,4323.454,2288.685,0.032,0.057,0.020,0.000
TARGET746,-7573.465,4508.533,2632.913,0.036,0.059,0.022,0.000
TARGET747,-6850.044,4367.251,2497.628,0.033,0.059,0.022,0.000
TARGET748,-7055.099,4426.903,2729.669,0.035,0.060,0.023,0.000
TARGET749,-6647.275,4345.642,2656.495,0.030,0.056,0.022,0.000
TARGET750,-6593.802,4362.992,2945.363,0.030,0.056,0.023,0.000
TARGET751,-6797.759,4492.698,4045.797,0.031,0.062,0.030,0.000
TARGET752,-7115.355,4554.930,4105.318,0.034,0.062,0.031,0.000
TARGET753,-9623.300,740.944,4179.243,0.053,0.014,0.027,0.000
TARGET754,-9522.556,1055.381,5044.212,0.055,0.016,0.033,0.000
TARGET755,-9449.528,827.965,4854.255,0.053,0.015,0.032,0.000
TARGET756,-9039.445,62.280,4638.110,0.050,0.014,0.030,0.000
TARGET757,-7521.295,3937.358,-1638.884,0.033,0.054,0.027,0.000
TARGET758,-7642.247,3991.771,-1433.001,0.035,0.057,0.027,0.000
TARGET759,-7440.268,3982.169,-1276.829,0.034,0.055,0.025,0.000
TARGET760,-7389.969,4018.724,-989.303,0.032,0.054,0.023,0.000
TARGET761,-7513.055,4071.866,-782.452,0.033,0.055,0.023,0.000
TARGET763,-7311.959,4060.596,-626.290,0.033,0.056,0.022,0.000
TARGET764,-7245.656,4091.747,-336.095,0.033,0.057,0.020,0.000
TARGET765,-7371.733,4143.401,-129.961,0.032,0.054,0.018,0.000
TARGET766,-7962.601,4350.878,658.938,0.032,0.047,0.014,0.000
TARGET773,-7169.532,4130.353,29.154,0.033,0.057,0.019,0.000
TARGET774,-7119.091,4161.029,318.594,0.032,0.058,0.017,0.000
TARGET775,-7243.443,4210.940,528.788,0.031,0.052,0.016,0.000
TARGET776,-7041.270,4195.623,685.783,0.033,0.059,0.016,0.000
TARGET777,-6985.766,4222.113,974.171,0.035,0.061,0.017,0.000
TARGET778,-6906.613,4252.251,1340.366,0.035,0.061,0.017,0.000
TARGET779,-6854.393,4276.275,1629.843,0.035,0.062,0.018,0.000
TARGET780,-6533.018,4210.259,1569.194,0.032,0.060,0.017,0.000
TARGET781,-6924.728,4462.770,3387.208,0.036,0.065,0.028,0.000
TARGET782,-1140.990,1541.824,-1816.045,0.025,0.016,0.050,0.000
TARGET783,-6590.691,4187.406,1281.456,0.035,0.065,0.017,0.000
TARGET784,-6665.117,4156.526,913.762,0.036,0.069,0.017,0.000
TARGET785,-6724.468,4130.631,625.764,0.034,0.069,0.018,0.000
TARGET786,-6798.990,4095.754,259.829,0.031,0.066,0.019,0.000
TARGET787,-1420.972,2819.589,-1293.968,0.113,0.138,0.061,0.000
TARGET788,-750.796,2886.870,1666.106,0.019,0.020,0.023,0.000
TARGET789,-7109.831,4269.903,1183.847,0.034,0.059,0.016,0.000
TARGET790,-683.732,2703.667,1837.137,0.184,0.193,0.038,0.000
TARGET791,-515.274,2233.482,2056.149,0.142,0.139,0.035,0.000
TARGET792,-1080.943,1315.222,-1811.377,0.027,0.017,0.060,0.000
TARGET794,-915.914,3212.006,1290.519,0.118,0.150,0.040,0.000
TARGET797,-10425.270,1884.015,4167.034,0.782,0.075,0.382,0.000
TARGET799,-362.069,1709.793,2139.533,0.151,0.133,0.033,0.000
TARGET801,-229.348,1293.540,2073.709,0.020,0.015,0.032,0.000
TARGET803,-8091.023,4728.789,3822.938,0.399,0.194,0.231,0.000
TARGET805,-10312.796,1853.783,4074.645,0.109,0.048,0.077,0.000
TARGET808,1828.142,1751.295,-898.358,0.025,0.015,0.022,0.000
TARGET809,-10977.886,1803.035,-1750.963,1.642,1.902,1.086,0.000
TARGET810,-1076.141,470.617,-1605.087,0.028,0.019,0.026,0.000
TARGET811,-1062.232,474.919,-1608.834,0.028,0.019,0.025,0.000
TARGET812,-1048.270,479.244,-1612.526,0.028,0.019,0.025,0.000
TARGET813,-1055.730,462.275,-1602.044,0.028,0.019,0.026,0.000
TARGET814,-1032.572,470.116,-1608.593,0.028,0.019,0.026,0.000
TARGET815,-1029.950,451.852,-1598.008,0.028,0.019,0.026,0.000
TARGET816,-808.529,446.786,-1512.108,0.027,0.019,0.025,0.000
TARGET818,1877.451,1840.713,-601.297,0.027,0.015,0.019,0.000
TARGET819,1901.621,1991.414,-246.192,0.023,0.014,0.017,0.000
TARGET820,1873.250,1995.713,-404.628,0.029,0.016,0.019,0.000
TARGET821,1855.586,2018.377,-445.059,0.034,0.018,0.021,0.000
TARGET822,1862.485,2024.355,-370.502,0.023,0.014,0.017,0.000
TARGET823,1869.635,2028.668,-331.036,0.024,0.014,0.017,0.000
TARGET825,1762.544,2181.686,-682.605,0.022,0.014,0.017,0.000
TARGET826,1849.934,2212.045,-203.598,0.023,0.014,0.017,0.000
TARGET829,-7718.682,3199.700,5324.237,0.072,0.107,0.083,0.000
TARGET831,-9467.800,2583.235,5729.170,0.115,0.181,0.124,0.000
TARGET832,-956.786,835.469,-1704.967,0.026,0.017,0.025,0.000
TARGET833,-917.811,671.966,-1636.138,0.028,0.019,0.031,0.000
TARGET834,-1070.590,458.296,-1598.484,0.028,0.019,0.025,0.000
TARGET835,-1043.914,447.515,-1594.298,0.029,0.020,0.028,0.000
TARGET836,-895.261,157.843,-1389.956,0.028,0.022,0.028,0.000
TARGET837,1939.834,1916.044,-228.336,0.025,0.015,0.020,0.000
TARGET838,1928.703,1964.293,-226.584,0.025,0.015,0.019,0.000
TARGET839,1926.894,1947.556,-250.084,0.025,0.015,0.020,0.000
TARGET840,1965.198,1853.067,-184.632,0.027,0.016,0.020,0.000
TARGET842,1871.758,2068.934,-273.960,0.024,0.014,0.017,0.000
TARGET843,1853.953,1959.515,-573.005,0.028,0.017,0.022,0.000
TARGET844,1860.229,1812.203,-639.328,0.036,0.016,0.020,0.000
TARGET845,1915.058,1979.260,-271.798,0.028,0.017,0.021,0.000
TARGET847,1746.020,1976.782,-1004.455,0.028,0.016,0.018,0.000
TARGET848,1835.843,2026.893,-577.339,0.027,0.016,0.019,0.000
TARGET851,-328.542,1694.549,2112.763,0.019,0.015,0.034,0.000
TARGET856,-10440.715,1877.351,4151.050,0.903,0.049,0.321,0.000
TARGET857,-942.085,172.235,-1401.454,0.029,0.022,0.028,0.000
TARGET858,-928.270,176.675,-1405.513,0.028,0.022,0.028,0.000
TARGET859,-909.441,182.736,-1411.052,0.028,0.022,0.028,0.000
TARGET860,-936.029,161.620,-1392.564,0.028,0.022,0.026,0.000
TARGET861,-921.392,165.769,-1396.482,0.029,0.023,0.030,0.000
TARGET862,-896.234,169.923,-1400.435,0.028,0.022,0.028,0.000
TARGET863,-914.087,151.779,-1384.418,0.028,0.021,0.025,0.000
TARGET864,-742.997,251.698,-1363.667,0.027,0.021,0.027,0.000
TARGET865,1751.424,2232.043,-638.900,0.225,0.098,0.092,0.000
TARGET866,1862.125,2239.077,-163.149,0.024,0.015,0.018,0.000
TARGET867,1965.360,2142.242,160.080,0.031,0.018,0.024,0.000
TARGET870,1869.470,1851.947,-626.195,0.027,0.015,0.019,0.000
TARGET871,1998.281,1677.947,-233.448,0.028,0.015,0.020,0.000
TARGET872,-1392.295,2610.860,-1435.833,0.025,0.016,0.020,0.000
TARGET874,-9147.853,2274.441,-2142.000,0.098,0.049,0.049,0.000
TARGET875,1988.739,2041.141,180.598,0.026,0.015,0.020,0.000
TARGET877,1999.854,1969.754,145.346,0.028,0.017,0.020,0.000
TARGET879,1933.200,1930.281,-209.542,0.026,0.015,0.019,0.000
TARGET882,1925.952,1674.472,-570.936,0.028,0.016,0.020,0.000
TARGET883,1992.144,1598.587,-303.381,0.356,0.053,0.179,0.000
TARGET885,1059.685,4028.734,-319.501,0.029,0.033,0.022,0.000
TARGET886,1876.205,2028.491,-373.791,0.027,0.016,0.020,0.000
TARGET887,1862.824,1911.031,-565.148,0.029,0.016,0.019,0.000
TARGET888,1807.043,1032.298,-606.827,0.062,0.028,0.032,0.000
TARGET890,-11192.618,1517.551,193.928,0.510,0.045,0.044,0.000
TARGET891,1723.912,2387.004,-593.528,0.246,0.124,0.107,0.000
TARGET892,2000.731,1603.791,-267.431,0.027,0.016,0.020,0.000
TARGET894,1978.592,1588.607,-426.774,0.027,0.015,0.020,0.000
TARGET897,1986.347,1593.019,-387.499,0.028,0.015,0.019,0.000
TARGET898,-1321.427,3464.749,-159.038,0.024,0.025,0.022,0.000
TARGET899,-1327.729,3462.284,-162.513,0.022,0.021,0.017,0.000
TARGET903,1979.166,1842.739,-58.821,0.025,0.015,0.019,0.000
TARGET904,1864.102,1887.693,-608.332,0.028,0.017,0.023,0.000
TARGET905,1937.880,1880.594,-203.985,0.027,0.015,0.022,0.000
TARGET909,1905.712,2265.391,73.031,0.031,0.019,0.024,0.000
TARGET910,1897.497,2258.487,-7.464,0.648,0.276,0.429,0.000
TARGET911,1740.684,2012.693,-986.660,0.037,0.018,0.019,0.000
TARGET912,1953.625,1901.135,-183.336,0.032,0.016,0.022,0.000
TARGET914,-8077.034,4702.971,3773.001,0.140,0.158,0.110,0.000
TARGET915,1823.764,2328.505,-206.986,0.024,0.016,0.019,0.000
TARGET918,-11169.669,4500.385,620.652,0.374,0.260,0.079,0.000
TARGET926,-10576.514,4853.282,1828.266,0.169,0.127,0.048,0.000
TARGET927,-10754.612,4981.894,1852.295,0.203,0.153,0.061,0.000
TARGET928,1818.930,2310.824,-229.662,0.026,0.017,0.019,0.000
TARGET929,1776.934,1877.766,-978.537,0.037,0.018,0.020,0.000
TARGET930,1853.067,1921.857,-583.218,0.034,0.017,0.021,0.000
TARGET932,-1321.090,2151.637,-1680.140,0.029,0.019,0.048,0.000
TARGET933,1899.727,1974.733,-268.959,0.027,0.016,0.023,0.000
TARGET934,1806.959,1816.252,-941.461,0.039,0.018,0.021,0.000
TARGET935,1855.458,1848.059,-621.650,0.030,0.015,0.019,0.000
TARGET937,-10907.615,4366.006,-69.484,0.199,0.137,0.035,0.000
TARGET938,1864.220,2216.344,-205.971,0.026,0.017,0.020,0.000
TARGET939,-379.035,1920.122,2098.347,0.025,0.021,0.049,0.000
TARGET950,1894.103,2006.230,-333.216,0.027,0.016,0.020,0.000
TARGET951,-629.654,56.605,-1164.410,0.028,0.023,0.023,0.000
TARGET952,1840.158,2011.436,-488.113,0.026,0.014,0.017,0.000
TARGET953,-121.594,725.640,1865.374,0.021,0.017,0.034,0.000
TARGET954,-264.084,450.484,1856.789,0.022,0.018,0.034,0.000
TARGET955,-230.394,459.587,1849.750,0.022,0.018,0.034,0.000
TARGET957,1994.556,1597.547,-348.039,0.031,0.017,0.021,0.000
TARGET958,-262.537,438.234,1848.171,0.022,0.019,0.035,0.000
TARGET959,-243.295,439.320,1841.635,0.022,0.019,0.034,0.000
TARGET960,-241.133,426.714,1832.390,0.022,0.019,0.034,0.000
TARGET961,-226.904,430.526,1829.413,0.022,0.019,0.034,0.000
TARGET962,1887.002,2001.869,-372.478,0.028,0.017,0.022,0.000
TARGET964,1782.779,2116.933,-638.057,0.029,0.016,0.018,0.000
TARGET966,1702.892,2777.543,-279.578,0.028,0.021,0.021,0.000
TARGET967,1768.152,2466.298,-319.439,0.030,0.020,0.029,0.000
TARGET968,1809.752,2089.538,-620.907,0.026,0.017,0.023,0.000
TARGET975,1759.788,2432.655,-355.765,0.250,0.134,0.316,0.000
TARGET977,1915.799,1995.676,-248.716,0.031,0.017,0.022,0.000
TARGET978,2014.947,1861.701,97.345,0.029,0.017,0.021,0.000
TARGET979,-250.379,458.814,1856.947,0.022,0.018,0.036,0.000
TARGET980,-228.377,442.787,1838.078,0.022,0.019,0.036,0.000
TARGET983,-11189.483,1547.697,190.371,0.224,0.131,0.087,0.000
TARGET986,-11177.549,4544.002,637.883,0.387,0.345,0.044,0.000
TARGET989,794.742,2763.922,2158.048,0.030,0.034,0.074,0.000
TARGET990,1805.594,2342.054,-251.085,0.026,0.016,0.019,0.000
TARGET991,1973.158,2109.112,178.502,0.031,0.018,0.023,0.000
TARGET993,1653.775,2865.837,-385.203,0.461,0.325,0.242,0.000
TARGET995,1781.639,2168.000,-640.345,0.025,0.015,0.019,0.000
TARGET996,-76.544,183.395,1443.955,0.022,0.020,0.032,0.000
TARGET997,-7616.219,-3581.799,1856.610,0.027,0.019,0.022,0.000
TARGET1003,1795.836,2085.660,-616.581,0.035,0.018,0.020,0.000
TARGET1005,1771.125,3129.443,334.051,0.527,0.416,0.422,0.000
TARGET1006,1717.657,2457.750,-602.794,0.030,0.020,0.020,0.000
TARGET1007,1746.706,2318.660,-633.915,0.026,0.017,0.018,0.000
TARGET1008,1715.734,2154.765,-917.707,0.027,0.017,0.020,0.000
TARGET1009,-10984.613,4417.163,-72.144,0.165,0.113,0.031,0.000
TARGET1014,-9123.610,2232.216,-2121.358,0.112,0.089,0.085,0.000
TARGET1019,1805.691,1780.645,-914.028,0.037,0.017,0.019,0.000
TARGET1020,1822.803,2058.178,-599.002,0.028,0.017,0.022,0.000
TARGET1021,1753.851,2455.680,-439.287,0.025,0.017,0.018,0.000
TARGET1024,1764.193,1909.326,-1000.449,0.032,0.018,0.020,0.000
TARGET1027,-10707.532,4980.244,1839.444,0.365,0.256,0.052,0.000
TARGET1033,2196.879,958.478,-356.253,0.031,0.018,0.021,0.000
TARGET1037,-9350.838,-1090.532,-1884.704,0.245,0.049,0.106,0.000
TARGET1056,-10120.630,4677.839,3771.839,0.316,0.248,0.168,0.000
TARGET1059,-7555.754,2396.376,-2508.617,0.203,0.323,0.161,0.000
TARGET1061,-6000.439,2667.668,-2787.591,0.114,0.231,0.121,0.000
TARGET1063,-6056.963,2780.588,-2843.601,0.099,0.192,0.101,0.000
TARGET1072,-8113.861,4786.501,3817.126,0.141,0.158,0.110,0.000
TARGET1073,-7543.885,2407.144,-2512.760,0.209,0.333,0.166,0.000
TARGET1075,1881.870,2249.403,-85.350,0.500,0.211,0.315,0.000
TARGET1080,1071.813,4009.653,-320.718,0.033,0.041,0.025,0.000
TARGET1083,1962.651,1143.075,-693.563,0.057,0.031,0.054,0.000
TARGET1088,-9004.872,4319.757,-859.647,0.181,0.082,0.038,0.000
TARGET1091,1664.630,2563.858,-640.051,0.028,0.018,0.018,0.000
TARGET1092,-10734.537,4986.556,1847.254,0.292,0.208,0.052,0.000
TARGET1095,-9193.177,2322.942,-2175.457,0.128,0.096,0.091,0.000
TARGET1096,1883.856,2003.424,-331.058,0.028,0.017,0.022,0.000
TARGET1097,1807.419,2105.153,-596.542,0.027,0.017,0.020,0.000
TARGET1098,-7661.991,-3566.369,1584.203,0.025,0.018,0.018,0.000
TARGET1099,-11011.608,4421.534,-69.552,0.271,0.185,0.050,0.000
TARGET1103,1732.247,2447.365,-475.428,0.028,0.017,0.018,0.000
TARGET1105,-10687.036,4931.500,1824.988,0.201,0.143,0.058,0.000
TARGET1107,-4541.626,3369.704,4669.747,0.078,0.221,0.108,0.000
TARGET1109,-4522.981,3369.215,4659.992,0.077,0.330,0.144,0.000
TARGET1118,-10989.958,4618.412,1188.524,0.251,0.133,0.043,0.000
TARGET1120,-11160.962,4492.058,607.030,0.213,0.090,0.033,0.000
TARGET1124,-592.797,-7.962,-1082.365,0.028,0.023,0.023,0.000
TARGET1125,-604.196,-17.555,-1071.172,0.028,0.023,0.023,0.000
TARGET1126,-600.008,-26.098,-1059.521,0.028,0.024,0.023,0.000
TARGET1127,-585.106,-22.252,-1062.930,0.028,0.023,0.023,0.000
TARGET1128,-595.834,-34.572,-1047.797,0.028,0.024,0.023,0.000
TARGET1129,-581.390,-31.256,-1050.535,0.028,0.023,0.023,0.000
TARGET1135,1832.929,2042.273,-553.250,0.027,0.017,0.020,0.000
TARGET1146,-9066.276,4393.592,-893.308,0.200,0.332,0.098,0.000
TARGET1147,-11226.876,1524.131,209.400,0.704,0.054,0.085,0.000
TARGET1161,-10145.173,1699.101,5187.356,0.296,0.143,0.200,0.000
TARGET1162,-80.907,108.304,1361.029,0.025,0.024,0.035,0.000
TARGET1163,-92.586,-113.765,1034.575,0.025,0.025,0.032,0.000
TARGET1175,-10594.461,4886.540,1836.069,0.230,0.174,0.066,0.000
TARGET1179,-11055.495,1475.154,232.954,0.217,0.128,0.085,0.000
TARGET1180,1871.067,2278.554,-45.243,0.248,0.102,0.246,0.000
TARGET1181,1970.364,1870.603,-159.391,0.033,0.018,0.023,0.000
TARGET1183,-7810.578,-395.065,5764.355,0.222,0.050,0.187,0.000
TARGET1188,1727.532,2350.642,-612.126,0.028,0.017,0.018,0.000
TARGET1192,-155.484,718.433,1898.839,0.961,0.725,0.298,0.000
TARGET1195,-1316.337,3466.661,-156.310,0.021,0.020,0.016,0.000
TARGET1206,-11446.293,1690.141,205.381,0.230,0.080,0.055,0.000
TARGET1211,2014.269,1899.137,112.584,0.646,0.166,0.434,0.000
TARGET1215,-9150.552,4954.232,3539.833,0.790,0.356,0.362,0.000
TARGET1220,-11054.439,4423.327,641.294,0.425,0.410,0.060,0.000
TARGET1223,724.046,3972.831,-417.326,0.030,0.039,0.023,0.000
TARGET1229,2001.189,1601.828,-308.432,0.029,0.016,0.021,0.000
TARGET1237,-11070.126,4438.180,-77.909,0.375,0.193,0.066,0.000
TARGET1244,-7713.741,3180.597,5325.661,0.135,0.128,0.139,0.000
TARGET1245,-7754.853,3263.535,5369.044,0.137,0.131,0.142,0.000
TARGET1246,-11573.562,1727.887,222.716,0.221,0.087,0.046,0.000
TARGET1255,-10207.841,4762.546,3804.322,0.337,0.177,0.117,0.000
TARGET1261,-8981.128,4276.062,-866.827,0.296,0.344,0.084,0.000
TARGET1262,-8118.848,4773.737,3821.004,0.115,0.132,0.082,0.000
TARGET1268,391.910,1082.387,-2534.504,0.059,0.062,0.553,0.000
TARGET1277,-138.792,2361.153,-2455.474,0.033,0.122,0.565,0.000
TARGET1278,1274.475,1329.497,-2724.704,0.178,0.031,0.593,0.000
TARGET1285,1448.406,1354.432,-2825.508,0.207,0.030,0.624,0.000
TARGET1292,-9480.410,2572.109,5738.125,0.186,0.152,0.179,0.000
TARGET1293,-10134.996,4722.869,3784.346,0.276,0.132,0.106,0.000
TARGET1297,-10340.445,1878.867,4113.806,4.641,0.370,2.043,0.000
TARGET1301,-1383.142,2615.053,-1438.147,0.172,0.136,0.398,0.000
TARGET1303,1609.160,2590.196,-902.663,0.199,0.134,0.336,0.000
TARGET1304,1647.505,2340.058,-1027.491,0.213,0.104,0.367,0.000
TARGET1309,-8098.816,4725.401,3789.180,0.204,0.123,0.106,0.000
TARGET1310,1624.537,2598.936,-823.972,0.224,0.148,0.362,0.000
TARGET1316,1979.874,1709.767,-214.146,0.260,0.031,0.268,0.000
TARGET1318,1964.419,2106.907,181.605,0.220,0.074,0.180,0.000
TARGET1326,-77.816,88.398,1331.635,0.214,0.258,0.252,0.000
TARGET1327,1615.720,2593.834,-861.579,0.209,0.142,0.347,0.000
TARGET1330,1917.057,1382.769,-1043.360,0.225,0.024,0.345,0.000
TARGET1332,-204.332,-366.936,212.097,0.239,0.340,0.086,0.000
TARGET1333,-221.959,-372.037,181.325,0.242,0.340,0.081,0.000
TARGET1335,-207.727,-368.449,178.375,0.239,0.339,0.080,0.000
TARGET1336,-212.030,-370.505,163.240,0.240,0.339,0.078,0.000
TARGET1337,1754.428,2174.538,-763.392,0.150,0.062,0.226,0.000
TARGET1342,1896.590,2024.788,-267.966,0.256,0.085,0.136,0.000
TARGET1343,1866.784,2104.873,-257.072,0.177,0.060,0.198,0.000
TARGET1345,1971.015,1835.284,-138.882,0.219,0.039,0.216,0.000
TARGET1353,2180.748,1379.317,157.400,0.297,0.026,0.221,0.000
TARGET1356,2351.787,1487.729,714.751,0.309,0.017,0.130,0.000
TARGET1357,2353.247,1474.243,702.849,0.310,0.018,0.132,0.000
TARGET1361,2152.179,1929.260,463.969,0.231,0.049,0.135,0.000
TARGET1366,1849.086,2537.856,158.292,0.232,0.133,0.205,0.000
TARGET1367,1895.954,2292.222,73.198,0.244,0.101,0.222,0.000
TARGET1368,1949.636,2137.513,161.671,0.175,0.059,0.146,0.000
TARGET1370,1884.833,2363.695,108.469,0.240,0.110,0.215,0.000
TARGET1371,1875.699,2398.652,125.599,0.238,0.114,0.211,0.000
TARGET1373,1885.787,2255.728,-5.501,0.248,0.098,0.238,0.000
TARGET1376,1867.650,2166.482,-198.028,0.173,0.065,0.188,0.000
TARGET1377,1830.643,2279.066,-207.769,0.253,0.106,0.282,0.000
TARGET1378,1792.536,2373.841,-272.397,0.250,0.122,0.296,0.000
TARGET1379,1739.208,2607.330,-246.601,0.240,0.157,0.289,0.000
TARGET1380,1733.948,2680.786,-212.920,0.238,0.167,0.282,0.000
TARGET1381,1714.995,2711.004,-233.234,0.236,0.173,0.287,0.000
TARGET1382,1701.476,2742.024,-254.642,0.235,0.179,0.292,0.000
TARGET1383,1688.854,2773.595,-276.731,0.235,0.185,0.297,0.000
TARGET1384,1645.413,2629.160,-684.519,0.302,0.187,0.125,0.000
TARGET1385,-924.495,657.380,-1633.366,0.211,0.194,0.756,0.000
TARGET1386,1978.150,1353.522,2276.567,0.715,0.040,1.054,0.000
TARGET1389,-150.750,916.518,1953.232,0.214,0.125,0.330,0.000
TARGET1390,-19.077,581.373,1725.333,0.216,0.193,0.328,0.000
TARGET1393,1914.837,1670.947,-565.480,0.385,0.070,0.161,0.000
TARGET1397,1999.401,1932.009,132.084,0.232,0.051,0.190,0.000
TARGET1398,1941.662,2170.407,139.169,0.207,0.077,0.173,0.000
TARGET1402,1969.231,1583.967,-467.194,0.526,0.073,0.237,0.000
TARGET1405,1750.974,2535.945,-282.323,0.244,0.147,0.298,0.000
TARGET1408,1879.581,1408.812,2290.247,0.476,0.041,0.740,0.000
TARGET1409,1819.907,2346.621,-253.428,0.499,0.233,0.287,0.000
TARGET1410,1855.428,1983.337,-527.533,0.270,0.085,0.118,0.000
TARGET1411,1824.519,2023.712,-571.694,0.240,0.080,0.102,0.000
TARGET1412,1703.699,2488.735,-624.003,0.347,0.192,0.153,0.000
TARGET1413,1694.416,2213.551,-941.298,0.275,0.117,0.082,0.000
TARGET1422,-823.409,1157.953,-1930.025,0.416,0.132,0.293,0.000
TARGET1434,1927.792,2201.371,118.296,0.205,0.080,0.175,0.000
TARGET1443,1679.586,2517.566,-640.725,0.317,0.176,0.135,0.000
TARGET1444,-417.491,2195.639,1997.138,0.064,0.315,1.130,0.000
TARGET1451,1456.234,3155.197,-1058.975,0.229,0.269,0.469,0.000
TARGET1455,1880.707,1766.367,-635.044,0.234,0.035,0.313,0.000
TARGET1456,1849.079,1981.960,-529.367,0.250,0.066,0.323,0.000
TARGET1459,1952.129,1865.573,-159.564,0.216,0.042,0.218,0.000
TARGET1460,1923.373,2200.368,118.834,0.167,0.064,0.145,0.000
TARGET1462,1935.242,2168.433,141.325,0.179,0.064,0.154,0.000
TARGET1466,1611.141,2102.859,-1549.107,0.295,0.118,0.020,0.000
TARGET1467,1599.631,2143.464,-1611.960,0.336,0.144,0.019,0.000
TARGET1471,1739.944,2279.776,-646.675,0.229,0.103,0.094,0.000
TARGET1472,1797.306,1813.380,-936.624,0.354,0.088,0.099,0.000
TARGET1473,1941.173,1608.012,-521.890,0.261,0.042,0.110,0.000
TARGET1476,1691.870,2536.618,-622.451,0.663,0.388,0.295,0.000
TARGET1477,1703.851,2216.019,-945.248,0.529,0.215,0.153,0.000
TARGET1478,1701.242,2250.370,-967.670,0.621,0.289,0.179,0.000
TARGET1481,2168.594,1529.655,274.905,0.374,0.045,0.254,0.000
TARGET1486,1640.972,2114.936,-1495.227,0.316,0.127,0.023,0.000
TARGET1488,1728.303,2157.853,-919.676,0.366,0.146,0.112,0.000
TARGET1496,1608.092,2594.094,-862.930,0.322,0.196,0.109,0.000
TARGET1504,1618.133,2404.851,-1030.177,0.274,0.144,0.073,0.000
TARGET1505,1768.800,1875.325,-978.193,0.412,0.114,0.111,0.000
TARGET1532,2446.305,3611.461,-1501.626,1.013,0.781,0.046,0.000
TARGET1534,1543.806,2395.982,-1559.314,0.352,0.188,0.021,0.000
TARGET1546,1897.903,1517.578,-1635.510,0.655,0.081,0.023,0.000
TARGET1563,-10336.535,1876.234,4095.424,4.527,0.043,1.718,0.000
TARGET1564,-9016.653,4295.257,-868.291,0.198,0.330,0.100,0.000
TARGET1572,-9207.116,2319.109,-2172.063,0.299,0.126,0.120,0.000
TARGET1579,1914.926,1943.838,-246.106,0.409,0.116,0.218,0.000
TARGET1594,1841.596,1956.006,-567.997,0.278,0.085,0.117,0.000
TARGET1595,1998.808,1853.162,11.856,0.489,0.119,0.302,0.000
TARGET1603,1809.455,2071.007,-569.338,0.237,0.084,0.102,0.000
TARGET1604,1819.525,2073.439,-575.242,0.034,0.018,0.021,0.000
TARGET1606,-10145.073,4716.113,3784.713,0.237,0.154,0.139,0.000
TARGET1609,1654.938,2307.635,-1006.056,0.310,0.146,0.084,0.000
TARGET1613,-11121.824,1522.748,225.632,5.154,0.137,0.260,0.000
TARGET1614,1995.704,1849.846,-24.828,0.531,0.128,0.327,0.000
TARGET1659,1871.781,1995.072,-415.876,0.621,0.184,0.297,0.000
TARGET1662,1707.304,2740.768,-262.671,0.695,0.455,0.406,0.000
TARGET1665,1794.433,2136.520,-618.801,0.027,0.017,0.021,0.000
TARGET1668,-9305.255,5036.823,3610.831,0.183,0.124,0.098,0.000
TARGET1691,-9224.901,5000.757,3558.908,0.306,0.161,0.144,0.000
TARGET1704,1739.847,3722.190,-506.054,0.035,0.035,0.024,0.000
TARGET1705,1560.158,3383.265,-350.442,0.639,0.618,0.363,0.000
TARGET1707,1714.875,2186.498,-879.891,0.288,0.123,0.092,0.000
TARGET1718,1584.113,2256.249,-1589.594,0.510,0.252,0.019,0.000
TARGET1727,1827.912,3761.444,-346.745,0.929,0.942,0.475,0.000
TARGET1739,1850.407,1921.319,-594.583,0.036,0.018,0.021,0.000
TARGET1744,1979.207,1784.861,-182.648,0.448,0.099,0.250,0.000
TARGET1763,1726.779,2083.261,-953.180,0.511,0.194,0.149,0.000
TARGET1802,1865.049,1837.241,-595.995,0.281,0.072,0.114,0.000
TARGET1806,1071.101,3980.114,-318.449,0.034,0.042,0.026,0.000
TARGET1840,-9091.308,2241.778,-2130.268,0.261,0.105,0.101,0.000
TARGET1859,-8823.684,4438.846,4912.752,5.771,1.470,2.977,0.000
TARGET1891,1855.581,1885.466,-601.882,0.396,0.119,0.157,0.000
TARGET1979,1627.487,2855.008,-459.370,0.478,0.340,0.237,0.000
TARGET2048,960.488,4056.182,-355.612,0.031,0.036,0.024,0.000
TARGET2096,-11094.762,1509.329,229.255,0.791,0.043,0.056,0.000
TARGET2145,1371.361,1353.372,-2748.049,0.193,0.030,0.604,0.000
TARGET2180,1080.966,1281.521,-2679.084,0.163,0.040,0.642,0.000
TARGET2189,-763.785,2873.075,1667.345,0.021,0.042,0.076,0.000
TARGET2195,2201.432,1638.582,521.402,0.438,0.074,0.333,0.000
TARGET2213,2000.444,2097.688,223.565,0.199,0.063,0.153,0.000
TARGET2221,1811.125,2055.130,-593.641,0.271,0.096,0.112,0.000
TARGET2222,1960.236,1577.855,-501.105,0.286,0.044,0.122,0.000
TARGET2231,-10608.581,4892.257,1820.173,0.361,0.275,0.110,0.000
TARGET2232,1823.671,1422.650,2290.155,0.882,0.081,1.394,0.000
TARGET2239,1847.975,1944.650,-543.836,0.294,0.090,0.127,0.000
TARGET2252,1768.374,2164.463,-635.239,0.252,0.100,0.102,0.000
TARGET2255,1733.705,2643.235,-229.315,0.238,0.162,0.285,0.000
TARGET2257,1858.902,2506.251,178.426,0.232,0.128,0.201,0.000
TARGET2259,1879.239,2283.073,-6.805,0.247,0.102,0.238,0.000
TARGET2260,1892.797,2291.746,72.455,0.244,0.101,0.222,0.000
TARGET2265,1864.561,2274.721,-85.223,0.250,0.102,0.255,0.000
TARGET2266,1797.465,2391.026,-249.368,0.250,0.124,0.291,0.000
TARGET2270,1635.344,2664.840,-664.719,0.321,0.206,0.132,0.000
TARGET2273,1876.416,1422.730,2289.678,0.735,0.072,1.146,0.000
TARGET2288,1631.897,2607.621,-744.979,0.266,0.163,0.102,0.000
TARGET2289,-320.573,1973.076,2043.541,0.077,0.147,0.734,0.000
TARGET2293,1850.283,1907.860,-560.312,0.280,0.080,0.118,0.000
TARGET2297,-381.371,2081.688,2022.603,0.084,0.209,0.904,0.000
TARGET2298,1976.868,1382.493,2276.139,0.628,0.056,0.946,0.000
TARGET2302,1728.675,2375.410,-568.854,0.236,0.117,0.105,0.000
TARGET2303,1705.897,2470.667,-574.659,0.228,0.123,0.102,0.000
TARGET2304,1783.688,2134.347,-612.982,0.258,0.099,0.108,0.000
TARGET2305,1735.375,2167.618,-798.164,0.249,0.101,0.087,0.000
TARGET2306,1728.339,2046.426,-968.525,0.334,0.116,0.093,0.000
TARGET2307,1694.301,2248.863,-965.753,0.443,0.198,0.128,0.000
TARGET2308,1668.423,2276.412,-983.900,0.275,0.127,0.078,0.000
TARGET2309,1623.665,2406.610,-1031.483,0.265,0.141,0.071,0.000
TARGET2311,1855.785,1437.133,-1318.988,0.723,0.066,0.088,0.000
TARGET2312,1818.305,1822.997,-1235.491,0.365,0.095,0.058,0.000
TARGET2317,1929.841,1639.829,-543.309,0.316,0.053,0.131,0.000
TARGET2325,2217.165,1400.598,336.950,0.565,0.039,0.393,0.000
TARGET2354,1727.639,2008.551,-987.737,0.326,0.109,0.090,0.000
TARGET2355,1730.917,2047.010,-970.456,0.255,0.090,0.071,0.000
TARGET2356,1681.298,2244.866,-962.730,0.368,0.165,0.107,0.000
TARGET2357,1714.169,2117.058,-934.413,0.322,0.123,0.096,0.000
TARGET2358,1725.887,2193.961,-800.320,0.368,0.155,0.131,0.000
TARGET2360,1856.126,1511.732,2285.989,0.430,0.056,0.676,0.000
TARGET2365,1971.578,1819.980,-160.791,0.323,0.080,0.182,0.000
TARGET2367,1577.748,2680.848,-990.491,0.334,0.224,0.096,0.000
TARGET2368,633.379,824.744,2662.289,0.368,0.117,1.237,0.000
TARGET2376,1642.122,2339.240,-1027.298,0.321,0.158,0.085,0.000
TARGET2394,1705.136,2454.682,-597.607,0.227,0.121,0.099,0.000
TARGET2396,1691.448,2501.752,-596.863,0.249,0.139,0.110,0.000
TARGET2397,1735.320,2340.105,-585.758,0.231,0.110,0.101,0.000
TARGET2403,1638.977,2338.897,-1025.590,0.288,0.144,0.077,0.000
TARGET2404,-10932.249,1887.041,6010.633,0.260,0.134,0.172,0.000
TARGET2415,2016.049,1644.612,2230.428,0.919,0.156,1.304,0.000
TARGET2417,1736.669,1974.135,-1004.242,0.347,0.111,0.091,0.000
TARGET2424,2221.044,963.301,2107.517,0.600,0.054,0.779,0.000
TARGET2432,1886.881,1733.638,-613.219,0.317,0.069,0.125,0.000
TARGET2444,1607.623,2618.109,-949.256,0.347,0.215,0.105,0.000
TARGET2445,1607.525,2514.511,-978.053,0.343,0.197,0.099,0.000
TARGET2446,1617.967,2442.446,-1013.585,0.302,0.164,0.083,0.000
TARGET2447,1651.209,2307.066,-1004.208,0.264,0.126,0.073,0.000
TARGET2448,1624.047,2736.210,-629.257,0.253,0.171,0.110,0.000
TARGET2460,1611.011,2806.449,-594.995,0.283,0.202,0.129,0.000
TARGET2465,1745.058,2305.230,-604.891,0.313,0.143,0.133,0.000
TARGET2472,1656.612,2342.126,-1034.683,0.387,0.187,0.100,0.000
TARGET2473,1639.632,2373.420,-1051.104,0.261,0.133,0.067,0.000
TARGET2478,2214.257,1515.431,428.630,0.462,0.058,0.323,0.000
TARGET2481,2217.096,1404.175,319.403,0.482,0.038,0.329,0.000
TARGET2500,1612.783,2112.389,-1588.939,0.413,0.165,0.020,0.000
TARGET2502,1537.086,2774.770,-1055.675,0.325,0.233,0.085,0.000
TARGET2503,1550.243,2743.318,-1033.872,0.327,0.228,0.089,0.000
TARGET2504,1608.664,2477.521,-994.410,0.301,0.169,0.085,0.000
TARGET2505,1591.181,2649.160,-968.865,0.301,0.194,0.089,0.000
TARGET2506,1596.551,2548.322,-959.395,0.300,0.179,0.090,0.000
TARGET2507,1651.833,2579.844,-684.398,0.271,0.162,0.111,0.000
TARGET2508,1664.678,2548.176,-662.924,0.274,0.158,0.114,0.000
TARGET2509,1750.658,2176.008,-719.711,0.270,0.111,0.102,0.000
TARGET2510,1744.870,2243.876,-664.489,0.230,0.100,0.093,0.000
TARGET2526,1740.985,2124.415,-940.490,0.519,0.206,0.153,0.000
TARGET2528,1860.976,1772.231,-694.716,0.275,0.063,0.100,0.000
TARGET2554,1664.845,2275.159,-982.399,0.275,0.127,0.078,0.000
TARGET2561,1717.578,2184.603,-921.936,0.313,0.129,0.094,0.000
TARGET2564,2770.357,3524.779,-1628.648,1.635,1.093,0.033,0.000
TARGET2602,1756.311,1664.659,-1474.693,0.623,0.121,0.040,0.000
TARGET2605,1109.771,3892.709,-324.570,0.624,0.949,0.469,0.000
TARGET2693,1111.177,3861.902,-320.275,0.620,0.932,0.468,0.000
