Enabled,Feature,ID,x,y,z,i,j,k,Dev From Fit,Device Position,Probe,Device Name
Checked,M2_Upper_Left,2,2072.752954,-7671.573614,2471.92147,,,,-0.270184,Device Position 1,38.1,V20003907682
Checked,M2_Upper_Left,21,2431.776492,-7671.355853,2119.962289,,,,-0.222569,Device Position 1,38.1,V20003907682
Checked,M2_Upper_Left,244,-1881.380568,-7670.376308,-2613.400349,,,,-0.21767,Device Position 1,38.1,V20003907682
Checked,M2_Upper_Left,240,-1742.326557,-7670.308723,-2708.173747,,,,-0.214595,Device Position 1,38.1,V20003907682
Checked,M2_Upper_Left,26,2564.641104,-7671.262253,1957.209752,,,,-0.207395,Device Position 1,38.1,V20003907682
Checked,M2_Upper_Left,1,2072.717052,-7671.574212,2472.038584,,,,-0.203477,Device Position 1,38.1,V20003907682
Checked,M2_Upper_Left,25,2538.94175,-7671.281184,1990.442348,,,,-0.197945,Device Position 1,38.1,V20003907682
Checked,M2_Upper_Left,6,2072.73558,-7671.574263,2472.035009,,,,-0.194317,Device Position 1,38.1,V20003907682
Checked,M2_Upper_Left,155,1655.109638,-7669.5622,-2765.620639,,,,-0.179328,Device Position 1,38.1,V20003907682
Checked,M2_Upper_Left,134,2342.97845,-7669.636323,-2214.488569,,,,-0.178223,Device Position 1,38.1,V20003907682
Checked,M2_Upper_Left,24,2512.792252,-7671.300191,2023.383809,,,,-0.174163,Device Position 1,38.1,V20003907682
Checked,M2_Upper_Left,135,2313.824208,-7669.63043,-2244.89066,,,,-0.168451,Device Position 1,38.1,V20003907682
Checked,M2_Upper_Left,22,2459.254579,-7671.337725,2088.121959,,,,-0.165724,Device Position 1,38.1,V20003907682
Checked,M2_Upper_Left,152,1762.285487,-7669.566173,-2698.754721,,,,-0.164814,Device Position 1,38.1,V20003907682
Checked,M2_Upper_Left,145,2001.314584,-7669.584157,-2526.955333,,,,-0.1641,Device Position 1,38.1,V20003907682
Checked,M2_Upper_Left,37,2818.070971,-7671.053107,1570.640698,,,,-0.162752,Device Position 1,38.1,V20003907682
Checked,M2_Upper_Left,144,2034.367674,-7669.587518,-2500.481712,,,,-0.158638,Device Position 1,38.1,V20003907682
Checked,M2_Upper_Left,163,1357.481799,-7669.562574,-2922.898346,,,,-0.157201,Device Position 1,38.1,V20003907682
Checked,M2_Upper_Left,159,1508.330181,-7669.560417,-2848.172095,,,,-0.156228,Device Position 1,38.1,V20003907682
Checked,M2_Upper_Left,149,1866.721555,-7669.57245,-2627.759723,,,,-0.156076,Device Position 1,38.1,V20003907682
Checked,M2_Upper_Left,3,2072.694284,-7671.574605,2472.123864,,,,-0.152732,Device Position 1,38.1,V20003907682
Checked,M2_Upper_Left,156,1618.862705,-7669.561331,-2786.976608,,,,-0.152627,Device Position 1,38.1,V20003907682
Checked,M2_Upper_Left,147,1934.769574,-7669.577662,-2578.174733,,,,-0.152332,Device Position 1,38.1,V20003907682
Checked,M2_Upper_Left,310,-3209.013793,-7671.600307,-269.537321,,,,-0.15183,Device Position 1,38.1,V20003907682
Checked,M2_Upper_Left,246,-1949.138298,-7670.411371,-2563.307486,,,,-0.151063,Device Position 1,38.1,V20003907682
Checked,M2_Upper_Left,247,-1982.575339,-7670.428836,-2537.518688,,,,-0.148731,Device Position 1,38.1,V20003907682
Checked,M2_Upper_Left,14,2228.559695,-7671.485059,2332.677496,,,,-0.14852,Device Position 1,38.1,V20003907682
Checked,M2_Upper_Left,38,2838.358369,-7671.034144,1533.702791,,,,-0.147518,Device Position 1,38.1,V20003907682
Checked,M2_Upper_Left,148,1900.912023,-7669.574914,-2603.19567,,,,-0.146497,Device Position 1,38.1,V20003907682
Checked,M2_Upper_Left,39,2858.125251,-7671.015041,1496.542918,,,,-0.145412,Device Position 1,38.1,V20003907682
Checked,M2_Upper_Left,23,2486.260143,-7671.319178,2055.937692,,,,-0.143453,Device Position 1,38.1,V20003907682
Checked,M2_Upper_Left,29,2639.297224,-7671.205993,1855.44479,,,,-0.13851,Device Position 1,38.1,V20003907682
Checked,M2_Upper_Left,150,1832.199546,-7669.570071,-2651.917823,,,,-0.138207,Device Position 1,38.1,V20003907682
Checked,M2_Upper_Left,158,1545.394755,-7669.56048,-2828.299776,,,,-0.137869,Device Position 1,38.1,V20003907682
Checked,M2_Upper_Left,143,2066.863598,-7669.591394,-2473.769893,,,,-0.136596,Device Position 1,38.1,V20003907682
Checked,M2_Upper_Left,18,2347.204138,-7671.411882,2213.328439,,,,-0.135644,Device Position 1,38.1,V20003907682
Checked,M2_Upper_Left,141,2130.77661,-7669.599722,-2419.04547,,,,-0.135192,Device Position 1,38.1,V20003907682
Checked,M2_Upper_Left,139,2193.348172,-7669.609024,-2362.569352,,,,-0.134669,Device Position 1,38.1,V20003907682
Checked,M2_Upper_Left,342,-3042.680852,-7672.098844,1057.270513,,,,-0.134384,Device Position 1,38.1,V20003907682
Checked,M2_Upper_Left,178,762.275845,-7669.606045,-3130.707386,,,,-0.134326,Device Position 1,38.1,V20003907682
Checked,M2_Upper_Left,339,-3081.703284,-7672.05883,937.143013,,,,-0.133998,Device Position 1,38.1,V20003907682
Checked,M2_Upper_Left,27,2589.928331,-7671.243974,1923.757335,,,,-0.131226,Device Position 1,38.1,V20003907682
Checked,M2_Upper_Left,17,2318.175609,-7671.43036,2243.711288,,,,-0.128753,Device Position 1,38.1,V20003907682
Checked,M2_Upper_Left,354,-2840.652836,-7672.241717,1519.555876,,,,-0.12613,Device Position 1,38.1,V20003907682
Checked,M2_Upper_Left,353,-2860.21116,-7672.230934,1482.339205,,,,-0.125529,Device Position 1,38.1,V20003907682
Checked,M2_Upper_Left,160,1471.014842,-7669.560526,-2867.612582,,,,-0.124533,Device Position 1,38.1,V20003907682
Checked,M2_Upper_Left,7,2072.774314,-7671.574749,2472.095726,,,,-0.122899,Device Position 1,38.1,V20003907682
Checked,M2_Upper_Left,151,1797.383649,-7669.567965,-2675.608664,,,,-0.121324,Device Position 1,38.1,V20003907682
Checked,M2_Upper_Left,357,-2778.982066,-7672.272848,1629.829958,,,,-0.119656,Device Position 1,38.1,V20003907682
Checked,M2_Upper_Left,140,2162.254215,-7669.604241,-2391.027753,,,,-0.118386,Device Position 1,38.1,V20003907682
Checked,M2_Upper_Left,142,2099.035398,-7669.595444,-2446.608301,,,,-0.118054,Device Position 1,38.1,V20003907682
Checked,M2_Upper_Left,30,2663.305962,-7671.187171,1820.855808,,,,-0.117758,Device Position 1,38.1,V20003907682
Checked,M2_Upper_Left,133,2371.682324,-7669.64268,-2183.867926,,,,-0.116774,Device Position 1,38.1,V20003907682
Checked,M2_Upper_Left,166,1241.98182,-7669.566749,-2973.727131,,,,-0.116754,Device Position 1,38.1,V20003907682
Checked,M2_Upper_Left,8,2075.293749,-7671.573137,2469.992571,,,,-0.115111,Device Position 1,38.1,V20003907682
Checked,M2_Upper_Left,309,-3205.246218,-7671.58309,-311.350836,,,,-0.114828,Device Position 1,38.1,V20003907682
Checked,M2_Upper_Left,162,1395.536351,-7669.561669,-2905.014354,,,,-0.114121,Device Position 1,38.1,V20003907682
Checked,M2_Upper_Left,34,2754.587382,-7671.110978,1679.59432,,,,-0.110502,Device Position 1,38.1,V20003907682
Checked,M2_Upper_Left,345,-2999.050933,-7672.13721,1175.675551,,,,-0.107267,Device Position 1,38.1,V20003907682
Checked,M2_Upper_Left,317,-3220.40107,-7671.721478,24.973918,,,,-0.10669,Device Position 1,38.1,V20003907682
Checked,M2_Upper_Left,153,1726.830389,-7669.564568,-2721.598384,,,,-0.10635,Device Position 1,38.1,V20003907682
Checked,M2_Upper_Left,11,2134.681581,-7671.540035,2418.899464,,,,-0.102362,Device Position 1,38.1,V20003907682
Checked,M2_Upper_Left,35,2776.276361,-7671.091956,1643.51514,,,,-0.10036,Device Position 1,38.1,V20003907682
Checked,M2_Upper_Left,348,-2950.760708,-7672.173818,1292.369717,,,,-0.099124,Device Position 1,38.1,V20003907682
Checked,M2_Upper_Left,249,-2048.251387,-7670.464165,-2484.837721,,,,-0.098331,Device Position 1,38.1,V20003907682
Checked,M2_Upper_Left,10,2106.874831,-7671.555771,2443.150403,,,,-0.096971,Device Position 1,38.1,V20003907682
Checked,M2_Upper_Left,130,2455.550187,-7669.662589,-2089.333739,,,,-0.096283,Device Position 1,38.1,V20003907682
Checked,M2_Upper_Left,238,-1670.815943,-7670.276331,-2753.049011,,,,-0.096267,Device Position 1,38.1,V20003907682
Checked,M2_Upper_Left,346,-2983.474236,-7672.149624,1214.776899,,,,-0.096104,Device Position 1,38.1,V20003907682
Checked,M2_Upper_Left,12,2166.940837,-7671.521748,2390.068654,,,,-0.095772,Device Position 1,38.1,V20003907682
Checked,M2_Upper_Left,241,-1777.532225,-7670.326267,-2685.320879,,,,-0.094297,Device Position 1,38.1,V20003907682
Checked,M2_Upper_Left,154,1691.174433,-7669.563213,-2743.863872,,,,-0.093748,Device Position 1,38.1,V20003907682
Checked,M2_Upper_Left,242,-1812.432088,-7670.34311,-2661.870252,,,,-0.093676,Device Position 1,38.1,V20003907682
Checked,M2_Upper_Left,16,2288.670709,-7671.449043,2273.838136,,,,-0.092403,Device Position 1,38.1,V20003907682
Checked,M2_Upper_Left,366,-2569.220089,-7672.354436,1944.353433,,,,-0.092335,Device Position 1,38.1,V20003907682
Checked,M2_Upper_Left,128,2509.329558,-7669.677144,-2024.558466,,,,-0.091217,Device Position 1,38.1,V20003907682
Checked,M2_Upper_Left,233,-1487.578739,-7670.195795,-2856.342394,,,,-0.090511,Device Position 1,38.1,V20003907682
Checked,M2_Upper_Left,355,-2820.634038,-7672.252256,1556.547376,,,,-0.090338,Device Position 1,38.1,V20003907682
Checked,M2_Upper_Left,229,-1336.222319,-7670.133863,-2930.300405,,,,-0.090171,Device Position 1,38.1,V20003907682
Checked,M2_Upper_Left,186,431.445205,-7669.651569,-3192.893493,,,,-0.090119,Device Position 1,38.1,V20003907682
Checked,M2_Upper_Left,180,680.226899,-7669.615963,-3149.519309,,,,-0.090036,Device Position 1,38.1,V20003907682
Checked,M2_Upper_Left,167,1202.956075,-7669.568626,-2989.713484,,,,-0.089145,Device Position 1,38.1,V20003907682
Checked,M2_Upper_Left,15,2258.931121,-7671.46732,2303.37748,,,,-0.08827,Device Position 1,38.1,V20003907682
Checked,M2_Upper_Left,305,-3184.55687,-7671.511835,-478.420563,,,,-0.087143,Device Position 1,38.1,V20003907682
Checked,M2_Upper_Left,31,2686.818968,-7671.168333,1786.037657,,,,-0.086733,Device Position 1,38.1,V20003907682
Checked,M2_Upper_Left,332,-3154.260029,-7671.959539,651.749344,,,,-0.085162,Device Position 1,38.1,V20003907682
Checked,M2_Upper_Left,137,2254.427895,-7669.619213,-2304.538727,,,,-0.08506,Device Position 1,38.1,V20003907682
Checked,M2_Upper_Left,165,1280.703257,-7669.565068,-2957.335938,,,,-0.084911,Device Position 1,38.1,V20003907682
Checked,M2_Upper_Left,323,-3208.729133,-7671.820508,276.922064,,,,-0.084776,Device Position 1,38.1,V20003907682
Checked,M2_Upper_Left,304,-3178.005475,-7671.49372,-520.083215,,,,-0.084495,Device Position 1,38.1,V20003907682
Checked,M2_Upper_Left,20,2404.104635,-7671.375384,2151.489717,,,,-0.083708,Device Position 1,38.1,V20003907682
Checked,M2_Upper_Left,340,-3069.283901,-7672.072408,977.322104,,,,-0.082287,Device Position 1,38.1,V20003907682
Checked,M2_Upper_Left,237,-1634.76255,-7670.259997,-2774.647438,,,,-0.082252,Device Position 1,38.1,V20003907682
Checked,M2_Upper_Left,129,2482.650821,-7669.669801,-2057.143925,,,,-0.079983,Device Position 1,38.1,V20003907682
Checked,M2_Upper_Left,33,2732.516208,-7671.130277,1715.324815,,,,-0.079966,Device Position 1,38.1,V20003907682
Checked,M2_Upper_Left,327,-3189.969898,-7671.883771,444.293456,,,,-0.079717,Device Position 1,38.1,V20003907682
Checked,M2_Upper_Left,324,-3204.863515,-7671.836561,318.854692,,,,-0.079625,Device Position 1,38.1,V20003907682
Checked,M2_Upper_Left,239,-1706.774285,-7670.292939,-2730.901363,,,,-0.078344,Device Position 1,38.1,V20003907682
Checked,M2_Upper_Left,338,-3093.718702,-7672.045249,896.778653,,,,-0.076554,Device Position 1,38.1,V20003907682
Checked,M2_Upper_Left,231,-1412.45606,-7670.164607,-2894.291377,,,,-0.075706,Device Position 1,38.1,V20003907682
Checked,M2_Upper_Left,208,-491.723759,-7669.852308,-3183.414979,,,,-0.075205,Device Position 1,38.1,V20003907682
Checked,M2_Upper_Left,175,884.338903,-7669.592863,-3098.624518,,,,-0.075139,Device Position 1,38.1,V20003907682
Checked,M2_Upper_Left,375,-2524.345673,-7672.367945,2002.403683,,,,-0.074983,Device Position 1,38.1,V20003907682
Checked,M2_Upper_Left,146,1968.247147,-7669.580692,-2552.859022,,,,-0.073658,Device Position 1,38.1,V20003907682
Checked,M2_Upper_Left,341,-3056.280131,-7672.085722,1017.388079,,,,-0.072175,Device Position 1,38.1,V20003907682
Checked,M2_Upper_Left,161,1433.449766,-7669.560852,-2886.587353,,,,-0.071796,Device Position 1,38.1,V20003907682
Checked,M2_Upper_Left,209,-533.435907,-7669.863927,-3176.66362,,,,-0.071684,Device Position 1,38.1,V20003907682
Checked,M2_Upper_Left,350,-2916.105353,-7672.197184,1368.996418,,,,-0.071219,Device Position 1,38.1,V20003907682
Checked,M2_Upper_Left,164,1319.143014,-7669.563631,-2940.450977,,,,-0.07034,Device Position 1,38.1,V20003907682
Checked,M2_Upper_Left,334,-3136.215095,-7671.988832,733.996692,,,,-0.06973,Device Position 1,38.1,V20003907682
Checked,M2_Upper_Left,13,2198.105433,-7671.503758,2361.490009,,,,-0.06962,Device Position 1,38.1,V20003907682
Checked,M2_Upper_Left,360,-2713.170875,-7672.301888,1737.473878,,,,-0.069325,Device Position 1,38.1,V20003907682
Checked,M2_Upper_Left,361,-2690.363517,-7672.311174,1772.655066,,,,-0.067092,Device Position 1,38.1,V20003907682
Checked,M2_Upper_Left,42,2914.512783,-7670.958315,1383.68433,,,,-0.065882,Device Position 1,38.1,V20003907682
Checked,M2_Upper_Left,232,-1450.110686,-7670.180172,-2875.596999,,,,-0.065739,Device Position 1,38.1,V20003907682
Checked,M2_Upper_Left,132,2400.145712,-7669.649051,-2152.681919,,,,-0.065619,Device Position 1,38.1,V20003907682
Checked,M2_Upper_Left,52,3069.620118,-7670.768354,992.954626,,,,-0.065496,Device Position 1,38.1,V20003907682
Checked,M2_Upper_Left,43,2932.320126,-7670.939216,1345.526464,,,,-0.065139,Device Position 1,38.1,V20003907682
Checked,M2_Upper_Left,131,2428.028792,-7669.65572,-2121.243478,,,,-0.064357,Device Position 1,38.1,V20003907682
Checked,M2_Upper_Left,36,2797.459749,-7671.073105,1607.267759,,,,-0.062641,Device Position 1,38.1,V20003907682
Checked,M2_Upper_Left,171,1045.067235,-7669.578717,-3048.354383,,,,-0.062535,Device Position 1,38.1,V20003907682
Checked,M2_Upper_Left,258,-2325.752046,-7670.62692,-2227.156711,,,,-0.061337,Device Position 1,38.1,V20003907682
Checked,M2_Upper_Left,243,-1847.135277,-7670.360242,-2637.930022,,,,-0.058415,Device Position 1,38.1,V20003907682
Checked,M2_Upper_Left,123,2636.420589,-7669.717306,-1856.419841,,,,-0.05818,Device Position 1,38.1,V20003907682
Checked,M2_Upper_Left,157,1582.267308,-7669.560602,-2807.976632,,,,-0.05789,Device Position 1,38.1,V20003907682
Checked,M2_Upper_Left,333,-3145.527005,-7671.974326,692.929436,,,,-0.057621,Device Position 1,38.1,V20003907682
Checked,M2_Upper_Left,351,-2897.967015,-7672.20857,1407.095983,,,,-0.057267,Device Position 1,38.1,V20003907682
Checked,M2_Upper_Left,363,-2643.136306,-7672.329055,1842.482129,,,,-0.056278,Device Position 1,38.1,V20003907682
Checked,M2_Upper_Left,356,-2800.091508,-7672.262466,1593.350275,,,,-0.054275,Device Position 1,38.1,V20003907682
Checked,M2_Upper_Left,303,-3170.948974,-7671.475816,-561.592381,,,,-0.0542,Device Position 1,38.1,V20003907682
Checked,M2_Upper_Left,207,-450.198373,-7669.840948,-3189.605686,,,,-0.053683,Device Position 1,38.1,V20003907682
Checked,M2_Upper_Left,362,-2666.939173,-7672.320188,1807.795047,,,,-0.053637,Device Position 1,38.1,V20003907682
Checked,M2_Upper_Left,374,-2524.392988,-7672.367845,2002.380714,,,,-0.052145,Device Position 1,38.1,V20003907682
Checked,M2_Upper_Left,168,1163.69844,-7669.570734,-3005.21085,,,,-0.049471,Device Position 1,38.1,V20003907682
Checked,M2_Upper_Left,203,-282.923686,-7669.797515,-3208.905528,,,,-0.04916,Device Position 1,38.1,V20003907682
Checked,M2_Upper_Left,127,2535.547183,-7669.684698,-1991.756061,,,,-0.048765,Device Position 1,38.1,V20003907682
Checked,M2_Upper_Left,347,-2967.395267,-7672.161712,1253.750118,,,,-0.047958,Device Position 1,38.1,V20003907682
Checked,M2_Upper_Left,299,-3137.226822,-7671.402467,-726.500774,,,,-0.046739,Device Position 1,38.1,V20003907682
Checked,M2_Upper_Left,330,-3170.195566,-7671.929858,569.114682,,,,-0.046197,Device Position 1,38.1,V20003907682
Checked,M2_Upper_Left,337,-3105.151772,-7672.031419,856.356832,,,,-0.045624,Device Position 1,38.1,V20003907682
Checked,M2_Upper_Left,285,-2952.440814,-7671.138597,-1285.411487,,,,-0.042864,Device Position 1,38.1,V20003907682
Checked,M2_Upper_Left,226,-1220.31827,-7670.089097,-2980.559262,,,,-0.042776,Device Position 1,38.1,V20003907682
Checked,M2_Upper_Left,343,-3028.719674,-7672.111794,1096.987983,,,,-0.042173,Device Position 1,38.1,V20003907682
Checked,M2_Upper_Left,349,-2933.723137,-7672.185488,1330.81292,,,,-0.041634,Device Position 1,38.1,V20003907682
Checked,M2_Upper_Left,311,-3212.390226,-7671.618913,-227.606622,,,,-0.040498,Device Position 1,38.1,V20003907682
Checked,M2_Upper_Left,48,3013.738463,-7670.844175,1151.645636,,,,-0.040241,Device Position 1,38.1,V20003907682
Checked,M2_Upper_Left,248,-2015.62861,-7670.446971,-2511.466682,,,,-0.038751,Device Position 1,38.1,V20003907682
Checked,M2_Upper_Left,118,2751.937567,-7669.763204,-1680.824745,,,,-0.036755,Device Position 1,38.1,V20003907682
Checked,M2_Upper_Left,179,721.416102,-7669.610742,-3140.436496,,,,-0.035255,Device Position 1,38.1,V20003907682
Checked,M2_Upper_Left,50,3042.731625,-7670.806295,1072.671229,,,,-0.034933,Device Position 1,38.1,V20003907682
Checked,M2_Upper_Left,196,11.473851,-7669.729595,-3221.585906,,,,-0.033665,Device Position 1,38.1,V20003907682
Checked,M2_Upper_Left,322,-3212.096242,-7671.804692,235.045138,,,,-0.03297,Device Position 1,38.1,V20003907682
Checked,M2_Upper_Left,32,2709.918604,-7671.149617,1750.89302,,,,-0.032495,Device Position 1,38.1,V20003907682
Checked,M2_Upper_Left,335,-3126.421238,-7672.003254,774.928057,,,,-0.03221,Device Position 1,38.1,V20003907682
Checked,M2_Upper_Left,291,-3044.154431,-7671.252816,-1050.077765,,,,-0.031349,Device Position 1,38.1,V20003907682
Checked,M2_Upper_Left,255,-2236.611667,-7670.572188,-2316.742683,,,,-0.031088,Device Position 1,38.1,V20003907682
Checked,M2_Upper_Left,251,-2112.428935,-7670.500044,-2430.570599,,,,-0.029645,Device Position 1,38.1,V20003907682
Checked,M2_Upper_Left,234,-1524.763877,-7670.211756,-2836.712398,,,,-0.029386,Device Position 1,38.1,V20003907682
Checked,M2_Upper_Left,187,389.645409,-7669.658238,-3198.288003,,,,-0.028679,Device Position 1,38.1,V20003907682
Checked,M2_Upper_Left,318,-3219.90294,-7671.738848,66.898991,,,,-0.028372,Device Position 1,38.1,V20003907682
Checked,M2_Upper_Left,189,305.73578,-7669.672531,-3207.324257,,,,-0.027144,Device Position 1,38.1,V20003907682
Checked,M2_Upper_Left,28,2615.007459,-7671.225638,1889.710362,,,,-0.026482,Device Position 1,38.1,V20003907682
Checked,M2_Upper_Left,228,-1297.828443,-7670.118849,-2947.600877,,,,-0.026455,Device Position 1,38.1,V20003907682
Checked,M2_Upper_Left,236,-1598.463565,-7670.243899,-2795.803477,,,,-0.026217,Device Position 1,38.1,V20003907682
Checked,M2_Upper_Left,4,2072.861134,-7671.575153,2472.149467,,,,-0.025946,Device Position 1,38.1,V20003907682
Checked,M2_Upper_Left,170,1084.795423,-7669.575684,-3034.52566,,,,-0.025218,Device Position 1,38.1,V20003907682
Checked,M2_Upper_Left,331,-3162.543788,-7671.944909,610.46159,,,,-0.024469,Device Position 1,38.1,V20003907682
Checked,M2_Upper_Left,352,-2879.410905,-7672.219604,1444.840097,,,,-0.023651,Device Position 1,38.1,V20003907682
Checked,M2_Upper_Left,210,-574.894463,-7669.875596,-3169.440724,,,,-0.023611,Device Position 1,38.1,V20003907682
Checked,M2_Upper_Left,9,2086.959254,-7671.567335,2460.270529,,,,-0.023276,Device Position 1,38.1,V20003907682
Checked,M2_Upper_Left,290,-3030.180636,-7671.233985,-1089.745349,,,,-0.022893,Device Position 1,38.1,V20003907682
Checked,M2_Upper_Left,235,-1561.747764,-7670.227762,-2816.504616,,,,-0.022625,Device Position 1,38.1,V20003907682
Checked,M2_Upper_Left,47,2998.480074,-7670.863265,1190.875592,,,,-0.022544,Device Position 1,38.1,V20003907682
Checked,M2_Upper_Left,182,597.718274,-7669.62671,-3166.20579,,,,-0.021865,Device Position 1,38.1,V20003907682
Checked,M2_Upper_Left,377,-2524.386573,-7672.367666,2002.438563,,,,-0.021265,Device Position 1,38.1,V20003907682
Checked,M2_Upper_Left,138,2224.144266,-7669.613832,-2333.812875,,,,-0.021021,Device Position 1,38.1,V20003907682
Checked,M2_Upper_Left,319,-3218.781967,-7671.755563,109.028037,,,,-0.020423,Device Position 1,38.1,V20003907682
Checked,M2_Upper_Left,51,3056.495025,-7670.787478,1032.828569,,,,-0.017327,Device Position 1,38.1,V20003907682
Checked,M2_Upper_Left,368,-2533.87977,-7672.364852,1990.396312,,,,-0.017218,Device Position 1,38.1,V20003907682
Checked,M2_Upper_Left,256,-2266.774863,-7670.590544,-2287.244221,,,,-0.016995,Device Position 1,38.1,V20003907682
Checked,M2_Upper_Left,40,2877.457119,-7670.996883,1459.307988,,,,-0.015632,Device Position 1,38.1,V20003907682
Checked,M2_Upper_Left,213,-698.898892,-7669.9121,-3144.339968,,,,-0.015181,Device Position 1,38.1,V20003907682
Checked,M2_Upper_Left,199,-114.875883,-7669.757344,-3219.472781,,,,-0.015013,Device Position 1,38.1,V20003907682
Checked,M2_Upper_Left,194,95.738248,-7669.712091,-3220.272958,,,,-0.014552,Device Position 1,38.1,V20003907682
Checked,M2_Upper_Left,211,-616.29707,-7669.887535,-3161.630414,,,,-0.013377,Device Position 1,38.1,V20003907682
Checked,M2_Upper_Left,172,1005.083768,-7669.581698,-3061.78047,,,,-0.012946,Device Position 1,38.1,V20003907682
Checked,M2_Upper_Left,204,-324.810784,-7669.807963,-3204.940961,,,,-0.012186,Device Position 1,38.1,V20003907682
Checked,M2_Upper_Left,201,-198.963288,-7669.776944,-3215.307309,,,,-0.011847,Device Position 1,38.1,V20003907682
Checked,M2_Upper_Left,306,-3190.609217,-7671.53043,-436.909196,,,,-0.011822,Device Position 1,38.1,V20003907682
Checked,M2_Upper_Left,220,-983.121044,-7670.003705,-3067.175929,,,,-0.011306,Device Position 1,38.1,V20003907682
Checked,M2_Upper_Left,268,-2596.423848,-7670.814432,-1904.695962,,,,-0.010414,Device Position 1,38.1,V20003907682
Checked,M2_Upper_Left,44,2949.639629,-7670.920479,1307.24822,,,,-0.009116,Device Position 1,38.1,V20003907682
Checked,M2_Upper_Left,359,-2735.661392,-7672.29204,1701.887602,,,,-0.009077,Device Position 1,38.1,V20003907682
Checked,M2_Upper_Left,46,2982.720757,-7670.882364,1229.870571,,,,-0.007872,Device Position 1,38.1,V20003907682
Checked,M2_Upper_Left,126,2561.400572,-7669.692444,-1958.52852,,,,-0.006968,Device Position 1,38.1,V20003907682
Checked,M2_Upper_Left,5,2072.845251,-7671.575211,2472.188383,,,,-0.006318,Device Position 1,38.1,V20003907682
Checked,M2_Upper_Left,404,-2524.36436,-7672.36759,2002.492172,,,,-0.005401,Device Position 1,38.1,V20003907682
Checked,M2_Upper_Left,358,-2757.641599,-7672.282279,1665.975893,,,,-0.004123,Device Position 1,38.1,V20003907682
Checked,M2_Upper_Left,222,-1062.904022,-7670.031459,-3040.401687,,,,-0.003517,Device Position 1,38.1,V20003907682
Checked,M2_Upper_Left,59,3147.354705,-7670.638152,708.929399,,,,-0.002735,Device Position 1,38.1,V20003907682
Checked,M2_Upper_Left,55,3106.141971,-7670.71246,872.134882,,,,-0.002114,Device Position 1,38.1,V20003907682
Checked,M2_Upper_Left,301,-3155.204288,-7671.439684,-644.319653,,,,-0.000937,Device Position 1,38.1,V20003907682
Checked,M2_Upper_Left,321,-3214.901102,-7671.788563,193.067188,,,,-0.000886,Device Position 1,38.1,V20003907682
Checked,M2_Upper_Left,19,2376.002297,-7671.39429,2182.59613,,,,-0.000816,Device Position 1,38.1,V20003907682
Checked,M2_Upper_Left,212,-657.58,-7669.899657,-3153.285274,,,,-0.000453,Device Position 1,38.1,V20003907682
Checked,M2_Upper_Left,276,-2781.114869,-7670.966966,-1623.173532,,,,0.0017,Device Position 1,38.1,V20003907682
Checked,M2_Upper_Left,117,2773.707684,-7669.773072,-1644.797943,,,,0.001926,Device Position 1,38.1,V20003907682
Checked,M2_Upper_Left,195,53.621607,-7669.720625,-3221.231693,,,,0.002919,Device Position 1,38.1,V20003907682
Checked,M2_Upper_Left,336,-3116.125483,-7672.017379,815.604198,,,,0.004714,Device Position 1,38.1,V20003907682
Checked,M2_Upper_Left,202,-240.921077,-7669.787001,-3212.419221,,,,0.004729,Device Position 1,38.1,V20003907682
Checked,M2_Upper_Left,198,-72.747107,-7669.747773,-3220.754096,,,,0.004747,Device Position 1,38.1,V20003907682
Checked,M2_Upper_Left,254,-2206.122939,-7670.554192,-2345.857876,,,,0.004802,Device Position 1,38.1,V20003907682
Checked,M2_Upper_Left,197,-30.699156,-7669.738514,-3221.463897,,,,0.004951,Device Position 1,38.1,V20003907682
Checked,M2_Upper_Left,120,2707.050071,-7669.744202,-1752.144642,,,,0.005066,Device Position 1,38.1,V20003907682
Checked,M2_Upper_Left,328,-3183.993705,-7671.899575,486.008738,,,,0.005364,Device Position 1,38.1,V20003907682
Checked,M2_Upper_Left,188,347.793446,-7669.665123,-3203.10701,,,,0.006021,Device Position 1,38.1,V20003907682
Checked,M2_Upper_Left,119,2729.804467,-7669.753636,-1716.552558,,,,0.007752,Device Position 1,38.1,V20003907682
Checked,M2_Upper_Left,253,-2175.314997,-7670.536145,-2374.474393,,,,0.008716,Device Position 1,38.1,V20003907682
Checked,M2_Upper_Left,326,-3195.550147,-7671.868619,402.710373,,,,0.00972,Device Position 1,38.1,V20003907682
Checked,M2_Upper_Left,365,-2594.22495,-7672.345642,1910.972762,,,,0.009969,Device Position 1,38.1,V20003907682
Checked,M2_Upper_Left,53,3082.377915,-7670.749988,952.837093,,,,0.010197,Device Position 1,38.1,V20003907682
Checked,M2_Upper_Left,169,1124.387997,-7669.572821,-3020.160285,,,,0.010747,Device Position 1,38.1,V20003907682
Checked,M2_Upper_Left,344,-3014.234279,-7672.124384,1136.426275,,,,0.010912,Device Position 1,38.1,V20003907682
Checked,M2_Upper_Left,250,-2080.492858,-7670.48238,-2458.033213,,,,0.011844,Device Position 1,38.1,V20003907682
Checked,M2_Upper_Left,376,-2524.411404,-7672.367457,2002.465975,,,,0.01522,Device Position 1,38.1,V20003907682
Checked,M2_Upper_Left,329,-3177.389892,-7671.914915,527.687419,,,,0.016158,Device Position 1,38.1,V20003907682
Checked,M2_Upper_Left,218,-902.618345,-7669.976527,-3091.908952,,,,0.016183,Device Position 1,38.1,V20003907682
Checked,M2_Upper_Left,297,-3117.186291,-7671.365868,-808.327677,,,,0.016479,Device Position 1,38.1,V20003907682
Checked,M2_Upper_Left,41,2896.306714,-7670.977877,1421.596423,,,,0.017222,Device Position 1,38.1,V20003907682
Checked,M2_Upper_Left,367,-2548.231283,-7672.360268,1972.013158,,,,0.018547,Device Position 1,38.1,V20003907682
Checked,M2_Upper_Left,300,-3146.546923,-7671.421506,-685.38358,,,,0.019778,Device Position 1,38.1,V20003907682
Checked,M2_Upper_Left,389,-2524.419765,-7672.367425,2002.463444,,,,0.020204,Device Position 1,38.1,V20003907682
Checked,M2_Upper_Left,230,-1374.555616,-7670.14922,-2912.613034,,,,0.020589,Device Position 1,38.1,V20003907682
Checked,M2_Upper_Left,205,-366.812559,-7669.818618,-3200.406362,,,,0.020813,Device Position 1,38.1,V20003907682
Checked,M2_Upper_Left,289,-3015.704516,-7671.215447,-1129.290712,,,,0.021003,Device Position 1,38.1,V20003907682
Checked,M2_Upper_Left,136,2284.416976,-7669.624385,-2275.021778,,,,0.021274,Device Position 1,38.1,V20003907682
Checked,M2_Upper_Left,391,-2524.395262,-7672.367428,2002.496341,,,,0.021414,Device Position 1,38.1,V20003907682
Checked,M2_Upper_Left,110,2912.457302,-7669.847766,-1384.96071,,,,0.021423,Device Position 1,38.1,V20003907682
Checked,M2_Upper_Left,257,-2296.529903,-7670.609082,-2257.410062,,,,0.022866,Device Position 1,38.1,V20003907682
Checked,M2_Upper_Left,390,-2524.442881,-7672.367388,2002.441522,,,,0.024719,Device Position 1,38.1,V20003907682
Checked,M2_Upper_Left,190,263.920277,-7669.679738,-3211.052539,,,,0.026207,Device Position 1,38.1,V20003907682
Checked,M2_Upper_Left,191,221.846195,-7669.687445,-3214.197016,,,,0.026239,Device Position 1,38.1,V20003907682
Checked,M2_Upper_Left,185,473.207044,-7669.644674,-3187.127317,,,,0.02629,Device Position 1,38.1,V20003907682
Checked,M2_Upper_Left,108,2947.68692,-7669.870949,-1308.485826,,,,0.026615,Device Position 1,38.1,V20003907682
Checked,M2_Upper_Left,214,-739.752997,-7669.924449,-3134.993089,,,,0.026691,Device Position 1,38.1,V20003907682
Checked,M2_Upper_Left,176,843.789457,-7669.596542,-3109.976942,,,,0.027387,Device Position 1,38.1,V20003907682
Checked,M2_Upper_Left,284,-2935.460152,-7671.120296,-1323.890725,,,,0.028192,Device Position 1,38.1,V20003907682
Checked,M2_Upper_Left,312,-3215.179339,-7671.636756,-185.607788,,,,0.029486,Device Position 1,38.1,V20003907682
Checked,M2_Upper_Left,215,-780.618762,-7669.937129,-3125.042631,,,,0.030769,Device Position 1,38.1,V20003907682
Checked,M2_Upper_Left,112,2875.301379,-7669.825408,-1460.409536,,,,0.032812,Device Position 1,38.1,V20003907682
Checked,M2_Upper_Left,54,3094.55695,-7670.731331,912.554495,,,,0.033817,Device Position 1,38.1,V20003907682
Checked,M2_Upper_Left,193,137.736977,-7669.703482,-3218.834292,,,,0.034086,Device Position 1,38.1,V20003907682
Checked,M2_Upper_Left,70,3216.250259,-7670.439963,251.550924,,,,0.034495,Device Position 1,38.1,V20003907682
Checked,M2_Upper_Left,192,179.729354,-7669.695345,-3216.799185,,,,0.034655,Device Position 1,38.1,V20003907682
Checked,M2_Upper_Left,245,-1915.580855,-7670.394683,-2588.731785,,,,0.035202,Device Position 1,38.1,V20003907682
Checked,M2_Upper_Left,124,2611.892871,-7669.708797,-1890.868568,,,,0.035322,Device Position 1,38.1,V20003907682
Checked,M2_Upper_Left,227,-1259.239661,-7670.103783,-2964.384553,,,,0.035544,Device Position 1,38.1,V20003907682
Checked,M2_Upper_Left,277,-2802.115871,-7670.98641,-1586.715422,,,,0.035891,Device Position 1,38.1,V20003907682
Checked,M2_Upper_Left,307,-3196.113369,-7671.548612,-395.161749,,,,0.036326,Device Position 1,38.1,V20003907682
Checked,M2_Upper_Left,295,-3094.984629,-7671.328671,-889.55065,,,,0.036918,Device Position 1,38.1,V20003907682
Checked,M2_Upper_Left,206,-408.523513,-7669.829468,-3195.333943,,,,0.036922,Device Position 1,38.1,V20003907682
Checked,M2_Upper_Left,45,2966.472675,-7670.901611,1268.690111,,,,0.037183,Device Position 1,38.1,V20003907682
Checked,M2_Upper_Left,219,-943.031993,-7669.989921,-3079.817253,,,,0.037714,Device Position 1,38.1,V20003907682
Checked,M2_Upper_Left,385,-2524.4302,-7672.367292,2002.479495,,,,0.038349,Device Position 1,38.1,V20003907682
Checked,M2_Upper_Left,287,-2985.17495,-7671.177641,-1207.694261,,,,0.038952,Device Position 1,38.1,V20003907682
Checked,M2_Upper_Left,80,3221.443648,-7670.269994,-168.925159,,,,0.039111,Device Position 1,38.1,V20003907682
Checked,M2_Upper_Left,283,-2917.91891,-7671.101316,-1362.132201,,,,0.039473,Device Position 1,38.1,V20003907682
Checked,M2_Upper_Left,372,-2524.433647,-7672.367286,2002.477137,,,,0.039588,Device Position 1,38.1,V20003907682
Checked,M2_Upper_Left,259,-2354.799153,-7670.646042,-2196.557801,,,,0.039643,Device Position 1,38.1,V20003907682
Checked,M2_Upper_Left,280,-2862.275312,-7671.043963,-1475.455361,,,,0.040291,Device Position 1,38.1,V20003907682
Checked,M2_Upper_Left,364,-2618.921231,-7672.336987,1876.975537,,,,0.042169,Device Position 1,38.1,V20003907682
Checked,M2_Upper_Left,378,-2524.408762,-7672.36728,2002.514349,,,,0.043177,Device Position 1,38.1,V20003907682
Checked,M2_Upper_Left,384,-2524.447884,-7672.367252,2002.465923,,,,0.043788,Device Position 1,38.1,V20003907682
Checked,M2_Upper_Left,260,-2383.259717,-7670.664581,-2165.639845,,,,0.044106,Device Position 1,38.1,V20003907682
Checked,M2_Upper_Left,382,-2524.461576,-7672.367228,2002.452066,,,,0.045921,Device Position 1,38.1,V20003907682
Checked,M2_Upper_Left,373,-2524.486527,-7672.367197,2002.422746,,,,0.047285,Device Position 1,38.1,V20003907682
Checked,M2_Upper_Left,308,-3201.043377,-7671.566538,-353.275999,,,,0.04864,Device Position 1,38.1,V20003907682
Checked,M2_Upper_Left,279,-2842.728447,-7671.024878,-1512.78655,,,,0.049105,Device Position 1,38.1,V20003907682
Checked,M2_Upper_Left,395,-2524.415113,-7672.367249,2002.516128,,,,0.049261,Device Position 1,38.1,V20003907682
Checked,M2_Upper_Left,314,-3218.997427,-7671.671505,-101.329866,,,,0.049706,Device Position 1,38.1,V20003907682
Checked,M2_Upper_Left,264,-2493.359131,-7670.739508,-2037.880756,,,,0.051302,Device Position 1,38.1,V20003907682
Checked,M2_Upper_Left,398,-2524.401227,-7672.367245,2002.537798,,,,0.051826,Device Position 1,38.1,V20003907682
Checked,M2_Upper_Left,315,-3220.06924,-7671.688603,-59.314118,,,,0.052986,Device Position 1,38.1,V20003907682
Checked,M2_Upper_Left,200,-156.945836,-7669.766708,-3217.730489,,,,0.053005,Device Position 1,38.1,V20003907682
Checked,M2_Upper_Left,270,-2645.43408,-7670.853002,-1836.119995,,,,0.053641,Device Position 1,38.1,V20003907682
Checked,M2_Upper_Left,266,-2545.826923,-7670.777196,-1971.931564,,,,0.053838,Device Position 1,38.1,V20003907682
Checked,M2_Upper_Left,320,-3217.18226,-7671.77235,151.042144,,,,0.054964,Device Position 1,38.1,V20003907682
Checked,M2_Upper_Left,371,-2524.400133,-7672.367172,2002.546911,,,,0.056626,Device Position 1,38.1,V20003907682
Checked,M2_Upper_Left,403,-2524.424477,-7672.367152,2002.519668,,,,0.0588,Device Position 1,38.1,V20003907682
Checked,M2_Upper_Left,381,-2524.464051,-7672.36713,2002.469711,,,,0.058815,Device Position 1,38.1,V20003907682
Checked,M2_Upper_Left,409,-2524.461711,-7672.367136,2002.473901,,,,0.059582,Device Position 1,38.1,V20003907682
Checked,M2_Upper_Left,68,3208.652055,-7670.475322,335.395394,,,,0.059711,Device Position 1,38.1,V20003907682
Checked,M2_Upper_Left,273,-2715.409733,-7670.910252,-1730.963691,,,,0.062698,Device Position 1,38.1,V20003907682
Checked,M2_Upper_Left,412,-2521.380708,-7672.368037,2006.365441,,,,0.063499,Device Position 1,38.1,V20003907682
Checked,M2_Upper_Left,221,-1023.185612,-7670.017232,-3054.095577,,,,0.063826,Device Position 1,38.1,V20003907682
Checked,M2_Upper_Left,67,3204.02819,-7670.493105,377.203241,,,,0.06431,Device Position 1,38.1,V20003907682
Checked,M2_Upper_Left,174,924.86089,-7669.588264,-3086.95952,,,,0.065061,Device Position 1,38.1,V20003907682
Checked,M2_Upper_Left,122,2660.468577,-7669.725981,-1822.074134,,,,0.065817,Device Position 1,38.1,V20003907682
Checked,M2_Upper_Left,296,-3106.416589,-7671.347604,-848.919109,,,,0.065831,Device Position 1,38.1,V20003907682
Checked,M2_Upper_Left,316,-3220.603462,-7671.70562,-17.233771,,,,0.066289,Device Position 1,38.1,V20003907682
Checked,M2_Upper_Left,262,-2439.266891,-7670.702156,-2102.367922,,,,0.06642,Device Position 1,38.1,V20003907682
Checked,M2_Upper_Left,73,3223.602019,-7670.387844,125.57928,,,,0.066551,Device Position 1,38.1,V20003907682
Checked,M2_Upper_Left,274,-2737.827239,-7670.929385,-1695.290495,,,,0.066743,Device Position 1,38.1,V20003907682
Checked,M2_Upper_Left,252,-2144.067756,-7670.518215,-2402.820539,,,,0.066846,Device Position 1,38.1,V20003907682
Checked,M2_Upper_Left,87,3192.475656,-7670.158485,-461.962464,,,,0.067291,Device Position 1,38.1,V20003907682
Checked,M2_Upper_Left,173,965.110455,-7669.584566,-3074.657316,,,,0.067338,Device Position 1,38.1,V20003907682
Checked,M2_Upper_Left,109,2930.328472,-7669.85911,-1346.929124,,,,0.068043,Device Position 1,38.1,V20003907682
Checked,M2_Upper_Left,292,-3057.723094,-7671.272529,-1010.239719,,,,0.070753,Device Position 1,38.1,V20003907682
Checked,M2_Upper_Left,411,-2523.800234,-7672.367324,2003.328144,,,,0.071421,Device Position 1,38.1,V20003907682
Checked,M2_Upper_Left,267,-2571.352309,-7670.796163,-1938.553435,,,,0.072585,Device Position 1,38.1,V20003907682
Checked,M2_Upper_Left,116,2795.107734,-7669.783078,-1608.378683,,,,0.073639,Device Position 1,38.1,V20003907682
Checked,M2_Upper_Left,49,3028.58924,-7670.825725,1112.313008,,,,0.073694,Device Position 1,38.1,V20003907682
Checked,M2_Upper_Left,72,3221.722116,-7670.405068,167.508397,,,,0.073703,Device Position 1,38.1,V20003907682
Checked,M2_Upper_Left,88,3186.146885,-7670.143052,-503.642745,,,,0.074581,Device Position 1,38.1,V20003907682
Checked,M2_Upper_Left,79,3223.43035,-7670.286377,-126.933171,,,,0.075307,Device Position 1,38.1,V20003907682
Checked,M2_Upper_Left,396,-2524.465599,-7672.367027,2002.494478,,,,0.075404,Device Position 1,38.1,V20003907682
Checked,M2_Upper_Left,261,-2411.531674,-7670.683512,-2134.149452,,,,0.075812,Device Position 1,38.1,V20003907682
Checked,M2_Upper_Left,217,-862.066629,-7669.962935,-3103.550355,,,,0.07585,Device Position 1,38.1,V20003907682
Checked,M2_Upper_Left,413,-2518.820261,-7672.368723,2009.606784,,,,0.07712,Device Position 1,38.1,V20003907682
Checked,M2_Upper_Left,393,-2524.43991,-7672.367011,2002.53111,,,,0.078003,Device Position 1,38.1,V20003907682
Checked,M2_Upper_Left,60,3156.37854,-7670.620058,667.933056,,,,0.078338,Device Position 1,38.1,V20003907682
Checked,M2_Upper_Left,216,-821.370388,-7669.949808,-3114.600242,,,,0.078862,Device Position 1,38.1,V20003907682
Checked,M2_Upper_Left,402,-2524.460003,-7672.366982,2002.507359,,,,0.079012,Device Position 1,38.1,V20003907682
Checked,M2_Upper_Left,370,-2524.422166,-7672.367007,2002.555313,,,,0.079116,Device Position 1,38.1,V20003907682
Checked,M2_Upper_Left,74,3224.959083,-7670.37065,83.514199,,,,0.079738,Device Position 1,38.1,V20003907682
Checked,M2_Upper_Left,298,-3127.574544,-7671.384877,-767.470913,,,,0.080507,Device Position 1,38.1,V20003907682
Checked,M2_Upper_Left,392,-2524.436565,-7672.366983,2002.539554,,,,0.080622,Device Position 1,38.1,V20003907682
Checked,M2_Upper_Left,56,3117.334493,-7670.69408,831.526045,,,,0.082429,Device Position 1,38.1,V20003907682
Checked,M2_Upper_Left,62,3172.723558,-7670.583331,585.26316,,,,0.082866,Device Position 1,38.1,V20003907682
Checked,M2_Upper_Left,286,-2969.168963,-7671.158956,-1246.625325,,,,0.083211,Device Position 1,38.1,V20003907682
Checked,M2_Upper_Left,66,3198.872885,-7670.510966,418.953406,,,,0.083326,Device Position 1,38.1,V20003907682
Checked,M2_Upper_Left,369,-2526.03164,-7672.366474,2000.528229,,,,0.083637,Device Position 1,38.1,V20003907682
Checked,M2_Upper_Left,325,-3200.607869,-7671.852907,360.752166,,,,0.08413,Device Position 1,38.1,V20003907682
Checked,M2_Upper_Left,410,-2524.486103,-7672.366929,2002.482691,,,,0.084163,Device Position 1,38.1,V20003907682
Checked,M2_Upper_Left,184,514.669902,-7669.637931,-3180.791642,,,,0.084258,Device Position 1,38.1,V20003907682
Checked,M2_Upper_Left,288,-3000.717723,-7671.196927,-1168.685517,,,,0.084538,Device Position 1,38.1,V20003907682
Checked,M2_Upper_Left,293,-3070.68987,-7671.29142,-970.191217,,,,0.084939,Device Position 1,38.1,V20003907682
Checked,M2_Upper_Left,282,-2899.885343,-7671.082504,-1400.209778,,,,0.085258,Device Position 1,38.1,V20003907682
Checked,M2_Upper_Left,89,3179.291338,-7670.12781,-545.155761,,,,0.085693,Device Position 1,38.1,V20003907682
Checked,M2_Upper_Left,69,3212.762646,-7670.457661,293.51212,,,,0.08597,Device Position 1,38.1,V20003907682
Checked,M2_Upper_Left,125,2586.982629,-7669.700303,-1924.830751,,,,0.086091,Device Position 1,38.1,V20003907682
Checked,M2_Upper_Left,387,-2524.503503,-7672.366891,2002.466283,,,,0.087619,Device Position 1,38.1,V20003907682
Checked,M2_Upper_Left,177,803.100752,-7669.600432,-3120.754018,,,,0.088039,Device Position 1,38.1,V20003907682
Checked,M2_Upper_Left,386,-2524.495038,-7672.366874,2002.479045,,,,0.088905,Device Position 1,38.1,V20003907682
Checked,M2_Upper_Left,272,-2692.564789,-7670.891364,-1766.344774,,,,0.091694,Device Position 1,38.1,V20003907682
Checked,M2_Upper_Left,397,-2524.481187,-7672.366876,2002.502348,,,,0.092511,Device Position 1,38.1,V20003907682
Checked,M2_Upper_Left,313,-3217.420865,-7671.654407,-143.407954,,,,0.092977,Device Position 1,38.1,V20003907682
Checked,M2_Upper_Left,401,-2524.497557,-7672.366829,2002.483898,,,,0.093893,Device Position 1,38.1,V20003907682
Checked,M2_Upper_Left,113,2855.983456,-7669.814394,-1497.895384,,,,0.095289,Device Position 1,38.1,V20003907682
Checked,M2_Upper_Left,406,-2524.442572,-7672.366816,2002.562625,,,,0.099654,Device Position 1,38.1,V20003907682
Checked,M2_Upper_Left,394,-2524.482425,-7672.366804,2002.513938,,,,0.100676,Device Position 1,38.1,V20003907682
Checked,M2_Upper_Left,181,639.083778,-7669.620292,-3158.281986,,,,0.102365,Device Position 1,38.1,V20003907682
Checked,M2_Upper_Left,275,-2759.75922,-7670.948725,-1659.420722,,,,0.104057,Device Position 1,38.1,V20003907682
Checked,M2_Upper_Left,379,-2524.52541,-7672.366725,2002.466147,,,,0.104712,Device Position 1,38.1,V20003907682
Checked,M2_Upper_Left,58,3137.967662,-7670.656912,749.909172,,,,0.105718,Device Position 1,38.1,V20003907682
Checked,M2_Upper_Left,61,3164.856705,-7670.601669,626.608282,,,,0.107025,Device Position 1,38.1,V20003907682
Checked,M2_Upper_Left,405,-2524.475377,-7672.366773,2002.534342,,,,0.107817,Device Position 1,38.1,V20003907682
Checked,M2_Upper_Left,82,3215.97324,-7670.237411,-252.78321,,,,0.108906,Device Position 1,38.1,V20003907682
Checked,M2_Upper_Left,408,-2524.462127,-7672.366703,2002.553721,,,,0.109459,Device Position 1,38.1,V20003907682
Checked,M2_Upper_Left,75,3225.785089,-7670.353507,41.443086,,,,0.111312,Device Position 1,38.1,V20003907682
Checked,M2_Upper_Left,269,-2621.210047,-7670.834319,-1870.643225,,,,0.111529,Device Position 1,38.1,V20003907682
Checked,M2_Upper_Left,78,3224.872642,-7670.302932,-84.835074,,,,0.112664,Device Position 1,38.1,V20003907682
Checked,M2_Upper_Left,223,-1102.541018,-7670.045039,-3026.350253,,,,0.112927,Device Position 1,38.1,V20003907682
Checked,M2_Upper_Left,302,-3163.5052,-7671.458684,-602.932558,,,,0.113961,Device Position 1,38.1,V20003907682
Checked,M2_Upper_Left,271,-2669.289364,-7670.872481,-1801.37025,,,,0.115159,Device Position 1,38.1,V20003907682
Checked,M2_Upper_Left,399,-2524.499956,-7672.366686,2002.516912,,,,0.116267,Device Position 1,38.1,V20003907682
Checked,M2_Upper_Left,71,3219.3172,-7670.422567,209.639307,,,,0.116415,Device Position 1,38.1,V20003907682
Checked,M2_Upper_Left,281,-2881.352078,-7671.063611,-1438.023416,,,,0.116719,Device Position 1,38.1,V20003907682
Checked,M2_Upper_Left,121,2684.155199,-7669.734809,-1787.158301,,,,0.118106,Device Position 1,38.1,V20003907682
Checked,M2_Upper_Left,380,-2524.504479,-7672.366634,2002.514191,,,,0.118125,Device Position 1,38.1,V20003907682
Checked,M2_Upper_Left,63,3180.119691,-7670.565132,543.802292,,,,0.124707,Device Position 1,38.1,V20003907682
Checked,M2_Upper_Left,278,-2822.746214,-7671.006192,-1549.913453,,,,0.12882,Device Position 1,38.1,V20003907682
Checked,M2_Upper_Left,94,3136.899631,-7670.053958,-751.223288,,,,0.129574,Device Position 1,38.1,V20003907682
Checked,M2_Upper_Left,99,3081.115006,-7669.984474,-954.077235,,,,0.131686,Device Position 1,38.1,V20003907682
Checked,M2_Upper_Left,91,3163.95615,-7670.097578,-628.027861,,,,0.132268,Device Position 1,38.1,V20003907682
Checked,M2_Upper_Left,224,-1142.30888,-7670.05938,-3011.558868,,,,0.132723,Device Position 1,38.1,V20003907682
Checked,M2_Upper_Left,383,-2524.48703,-7672.366455,2002.563098,,,,0.134805,Device Position 1,38.1,V20003907682
Checked,M2_Upper_Left,102,3041.263259,-7669.944628,-1074.096897,,,,0.137205,Device Position 1,38.1,V20003907682
Checked,M2_Upper_Left,407,-2524.538797,-7672.366395,2002.502199,,,,0.137587,Device Position 1,38.1,V20003907682
Checked,M2_Upper_Left,81,3219.040609,-7670.253419,-210.968954,,,,0.13914,Device Position 1,38.1,V20003907682
Checked,M2_Upper_Left,111,2894.236956,-7669.836202,-1422.836277,,,,0.140408,Device Position 1,38.1,V20003907682
Checked,M2_Upper_Left,114,2836.215653,-7669.803502,-1535.018834,,,,0.141188,Device Position 1,38.1,V20003907682
Checked,M2_Upper_Left,101,3055.085486,-7669.957744,-1034.242604,,,,0.142727,Device Position 1,38.1,V20003907682
Checked,M2_Upper_Left,76,3226.062199,-7670.336423,-0.688675,,,,0.143301,Device Position 1,38.1,V20003907682
Checked,M2_Upper_Left,400,-2524.501589,-7672.366439,2002.559074,,,,0.143721,Device Position 1,38.1,V20003907682
Checked,M2_Upper_Left,225,-1181.256279,-7670.073556,-2996.483448,,,,0.145374,Device Position 1,38.1,V20003907682
Checked,M2_Upper_Left,388,-2524.507184,-7672.366329,2002.557893,,,,0.147375,Device Position 1,38.1,V20003907682
Checked,M2_Upper_Left,263,-2466.589467,-7670.721222,-2070.363007,,,,0.149301,Device Position 1,38.1,V20003907682
Checked,M2_Upper_Left,57,3127.957126,-7670.675559,790.85627,,,,0.149913,Device Position 1,38.1,V20003907682
Checked,M2_Upper_Left,93,3146.492248,-7670.068232,-710.208898,,,,0.15285,Device Position 1,38.1,V20003907682
Checked,M2_Upper_Left,294,-3083.209289,-7671.310513,-929.917904,,,,0.155585,Device Position 1,38.1,V20003907682
Checked,M2_Upper_Left,77,3225.770036,-7670.319609,-42.739429,,,,0.155614,Device Position 1,38.1,V20003907682
Checked,M2_Upper_Left,265,-2519.920578,-7670.758857,-2005.103042,,,,0.15604,Device Position 1,38.1,V20003907682
Checked,M2_Upper_Left,95,3126.81361,-7670.039435,-792.167397,,,,0.161152,Device Position 1,38.1,V20003907682
Checked,M2_Upper_Left,97,3105.060786,-7670.011641,-873.35607,,,,0.167427,Device Position 1,38.1,V20003907682
Checked,M2_Upper_Left,103,3027.045115,-7669.931756,-1113.536891,,,,0.16886,Device Position 1,38.1,V20003907682
Checked,M2_Upper_Left,65,3193.226295,-7670.528936,460.745262,,,,0.170964,Device Position 1,38.1,V20003907682
Checked,M2_Upper_Left,85,3203.583701,-7670.189088,-378.656537,,,,0.174218,Device Position 1,38.1,V20003907682
Checked,M2_Upper_Left,90,3171.976931,-7670.112319,-586.564076,,,,0.175716,Device Position 1,38.1,V20003907682
Checked,M2_Upper_Left,86,3198.362458,-7670.173496,-420.314408,,,,0.177394,Device Position 1,38.1,V20003907682
Checked,M2_Upper_Left,105,2996.908654,-7669.906592,-1192.119724,,,,0.178207,Device Position 1,38.1,V20003907682
Checked,M2_Upper_Left,96,3116.222974,-7670.025356,-832.809705,,,,0.178768,Device Position 1,38.1,V20003907682
Checked,M2_Upper_Left,64,3186.956733,-7670.547102,502.450102,,,,0.181335,Device Position 1,38.1,V20003907682
Checked,M2_Upper_Left,183,556.357226,-7669.630804,-3173.906257,,,,0.184977,Device Position 1,38.1,V20003907682
Checked,M2_Upper_Left,83,3212.444767,-7670.220831,-294.895784,,,,0.19225,Device Position 1,38.1,V20003907682
Checked,M2_Upper_Left,115,2815.951586,-7669.792681,-1571.924698,,,,0.196472,Device Position 1,38.1,V20003907682
Checked,M2_Upper_Left,92,3155.557584,-7670.082323,-669.170338,,,,0.205719,Device Position 1,38.1,V20003907682
Checked,M2_Upper_Left,84,3208.320459,-7670.204874,-336.718344,,,,0.206577,Device Position 1,38.1,V20003907682
Checked,M2_Upper_Left,100,3068.424176,-7669.970533,-994.291518,,,,0.210449,Device Position 1,38.1,V20003907682
Checked,M2_Upper_Left,106,2981.052815,-7669.893725,-1231.295209,,,,0.234766,Device Position 1,38.1,V20003907682
Checked,M2_Upper_Left,104,3012.272495,-7669.918625,-1152.996961,,,,0.235242,Device Position 1,38.1,V20003907682
Checked,M2_Upper_Left,98,3093.430189,-7669.997291,-913.859038,,,,0.243268,Device Position 1,38.1,V20003907682
Checked,M2_Upper_Left,107,2964.734082,-7669.881709,-1270.03741,,,,0.249073,Device Position 1,38.1,V20003907682
