CODE1,-988.485,-2100.196,1277.875,0.022,0.018,0.015,0.000
CODE2,384.634,-888.946,177.609,0.129,0.038,0.064,0.000
CODE3,-4181.196,-3351.555,-664.413,0.019,0.024,0.024,0.000
CODE9,-7448.626,1607.826,-3771.550,0.051,0.055,0.108,0.000
CODE11,-9341.543,2430.823,-2019.519,0.072,0.053,0.130,0.000
CODE12,-5856.097,-3521.970,-3055.830,0.013,0.018,0.015,0.000
CODE13,-2273.945,-2129.039,1665.504,0.013,0.014,0.014,0.000
CODE16,-5665.482,1802.773,4062.880,0.014,0.013,0.014,0.000
CODE18,-5852.624,1903.693,3959.911,0.032,0.024,0.019,0.000
CODE20,-9333.649,873.500,783.267,0.018,0.033,0.018,0.000
CODE21,-9355.057,809.743,792.530,0.015,0.013,0.030,0.000
CODE24,-5803.440,-3310.034,-1714.841,0.018,0.052,0.077,0.000
CODE25,-1971.531,-3070.796,680.558,0.015,0.021,0.014,0.000
CODE26,-4830.447,-3962.826,-1948.579,0.015,0.024,0.018,0.000
CODE28,-2310.463,-2157.117,1401.379,0.017,0.045,0.017,0.000
CODE29,-5828.968,1924.957,3890.236,0.042,0.016,0.029,0.000
CODE30,-9299.339,843.064,761.060,0.017,0.011,0.033,0.000
CODE31,-5780.102,-3241.754,-1728.265,0.024,0.040,0.018,0.000
CODE36,-485.866,-1057.328,-1609.227,0.134,0.096,0.091,0.000
CODE39,-3374.590,-1957.540,-4217.045,0.135,0.156,0.185,0.000
CODE40,-3354.090,-1978.119,-4197.693,0.045,0.148,0.239,0.000
CODE51,-6025.844,-3298.528,-1713.810,0.012,0.016,0.015,0.000
CODE52,-5417.946,-2762.094,-1011.679,0.009,0.011,0.010,0.000
CODE53,-4282.265,-1635.451,-5184.995,0.081,0.180,0.386,0.000
CODE54,-3107.865,-2042.599,1066.328,0.010,0.011,0.009,0.000
CODE57,-5181.472,-2497.582,-4891.804,0.037,0.068,0.103,0.000
CODE58,-9907.316,3288.698,794.548,0.128,0.062,0.044,0.000
CODE62,-2773.251,-1665.524,1578.340,0.011,0.011,0.010,0.000
CODE63,-3575.368,-787.976,2198.058,0.011,0.009,0.010,0.000
CODE64,-4615.842,-2185.970,115.730,0.009,0.010,0.009,0.000
CODE65,-8511.118,743.953,1082.882,0.011,0.009,0.009,0.000
CODE66,-8904.452,-18.243,-1.377,0.012,0.011,0.010,0.000
CODE67,-6213.221,1477.121,3174.822,0.010,0.009,0.010,0.000
CODE68,-5131.561,1028.322,3292.116,0.010,0.010,0.011,0.000
CODE82,-7333.865,3518.199,4085.016,0.049,0.057,0.126,0.000
CODE88,-9723.413,2354.664,1789.460,0.159,0.035,0.052,0.000
CODE89,-9506.137,2102.109,2122.540,0.177,0.052,0.053,0.000
CODE97,-2378.666,-2997.705,-4132.096,0.032,0.045,0.050,0.000
CODE98,-434.897,-2415.424,-2370.039,0.109,0.107,0.097,0.000
CODE99,-1654.091,-3045.000,-2727.630,0.023,0.028,0.024,0.000
CODE100,-933.292,-447.154,1480.658,0.027,0.019,0.024,0.000
CODE101,-2036.024,632.551,2333.810,0.020,0.015,0.017,0.000
CODE102,-3110.523,1116.783,3352.654,0.025,0.016,0.022,0.000
CODE103,-6489.005,-1907.610,-3642.765,0.017,0.016,0.018,0.000
CODE104,-7606.671,-1071.509,-2686.840,0.016,0.017,0.019,0.000
CODE105,-8679.854,-585.667,-1663.114,0.016,0.017,0.018,0.000
CODE106,-9937.109,1960.021,1384.812,0.020,0.016,0.025,0.000
CODE107,-10080.385,1681.933,-950.707,0.052,0.033,0.055,0.000
CODE108,-4202.510,3634.907,3766.851,0.071,0.029,0.041,0.000
CODE109,-6759.816,2949.585,4249.871,0.027,0.025,0.033,0.000
CODE110,1434.530,-1094.395,-1038.046,0.174,0.081,0.056,0.000
CODE115,-3220.586,-2331.167,-4344.202,0.048,0.062,0.073,0.000
CODE116,-4036.501,-2095.313,-5079.494,0.040,0.058,0.077,0.000
CODE117,-203.783,-1348.164,-1622.287,0.089,0.059,0.051,0.000
CODE118,397.504,-656.432,-1080.561,0.116,0.061,0.051,0.000
CODE120,-9472.219,640.182,659.238,0.014,0.011,0.014,0.000
CODE123,-10245.477,3854.657,4974.205,0.640,0.279,0.360,0.000
CODE127,-8547.490,4942.858,5911.357,0.043,0.311,0.569,0.000
CODE128,-7913.665,4956.374,5537.693,0.066,0.262,0.446,0.000
CODE129,-7895.299,5218.717,5429.684,0.067,0.238,0.378,0.000
CODE133,-9642.868,2724.465,1250.339,0.043,0.035,0.040,0.000
CODE134,-9459.077,2313.388,1636.345,0.020,0.018,0.027,0.000
CODE135,-7601.110,-1727.965,-2377.559,0.018,0.017,0.018,0.000
CODE136,-7636.138,-2277.619,-2151.187,0.019,0.017,0.016,0.000
CODE137,-2153.805,-486.672,2750.213,0.019,0.014,0.021,0.000
CODE138,-2110.164,57.870,2517.944,0.018,0.014,0.019,0.000
CODE150,-9187.396,5199.957,5166.031,0.052,0.419,0.659,0.000
CODE155,-7969.336,4997.281,5302.289,0.061,0.223,0.364,0.000
CODE194,-12088.261,3716.875,2793.569,0.672,0.136,0.054,0.000
CODE195,-11556.053,3546.520,2214.988,0.283,0.080,0.046,0.000
CODE200,-12106.320,3459.430,2899.929,0.671,0.119,0.050,0.000
CODE201,-11714.603,3368.952,2449.565,0.345,0.084,0.049,0.000
CODE205,-11461.177,3742.121,3326.758,0.543,0.164,0.111,0.000
CODE206,-11861.718,4192.336,2706.288,0.272,0.094,0.053,0.000
CODE211,-11449.378,4024.693,3209.089,0.395,0.141,0.092,0.000
CODE212,-11578.059,4274.930,2961.400,0.265,0.096,0.054,0.000
CODE213,-11731.158,2990.800,2320.336,0.524,0.066,0.059,0.000
CSB-045-1,-9701.699,2843.494,1143.577,0.043,0.036,0.039,0.000
CSB-045-2,-9689.772,2816.400,1168.728,0.043,0.037,0.041,0.000
CSB-045-3,-9677.534,2788.913,1194.390,0.043,0.036,0.040,0.000
CSB-045-4,-9665.453,2761.579,1219.952,0.043,0.037,0.041,0.000
CSB-045-5,-9448.353,2275.701,1676.172,0.026,0.023,0.031,0.000
CSB-045-6,-9436.583,2248.682,1701.108,0.023,0.034,0.073,0.000
CSB-045-7,-9424.438,2222.120,1726.562,0.018,0.017,0.036,0.000
CSB-045-8,-9412.137,2194.101,1752.513,0.018,0.017,0.028,0.000
CSB-045-9,-7595.262,-1576.819,-2447.559,0.020,0.018,0.019,0.000
CSB-045-10,-7597.508,-1612.797,-2432.850,0.018,0.017,0.018,0.000
CSB-045-11,-7599.856,-1648.986,-2417.860,0.018,0.016,0.017,0.000
CSB-045-12,-7602.110,-1684.683,-2403.039,0.015,0.016,0.016,0.000
CSB-045-13,-7643.766,-2331.198,-2136.547,0.016,0.016,0.015,0.000
CSB-045-14,-7646.041,-2367.232,-2121.701,0.031,0.020,0.019,0.000
CSB-045-15,-7648.035,-2403.526,-2106.944,0.029,0.019,0.017,0.000
CSB-045-16,-7650.623,-2439.409,-2091.749,0.033,0.022,0.020,0.000
CSB-045-17,-2159.731,-641.264,2819.817,0.018,0.013,0.021,0.000
CSB-045-18,-2157.445,-605.037,2805.001,0.020,0.015,0.027,0.000
CSB-045-19,-2154.249,-569.581,2789.616,0.018,0.014,0.021,0.000
CSB-045-20,-2151.361,-533.958,2774.417,0.018,0.013,0.020,0.000
CSB-045-21,-2100.068,109.779,2500.006,0.020,0.014,0.019,0.000
CSB-045-22,-2096.768,145.479,2484.290,0.018,0.014,0.019,0.000
CSB-045-23,-2093.913,181.581,2468.969,0.019,0.014,0.018,0.000
CSB-045-24,-2090.824,217.356,2453.416,0.019,0.014,0.019,0.000
NUGGET133_1,-9656.950,2725.788,1234.818,0.043,0.035,0.040,0.000
NUGGET133_5,-9655.782,2712.030,1242.500,0.043,0.034,0.038,0.000
NUGGET133_15,-9637.456,2714.193,1260.880,0.043,0.035,0.040,0.000
NUGGET133_A,-9649.406,2698.018,1255.846,0.043,0.034,0.038,0.000
NUGGET133_B,-9633.031,2735.182,1255.904,0.043,0.035,0.040,0.000
NUGGET133_C,-9637.714,2745.490,1246.188,0.043,0.035,0.040,0.000
NUGGET133_D,-9647.252,2735.627,1240.438,0.043,0.034,0.038,0.000
NUGGET134_2,-9476.830,2311.248,1618.685,0.022,0.021,0.029,0.000
NUGGET134_5,-9472.056,2301.002,1628.561,0.021,0.020,0.028,0.000
NUGGET134_15,-9453.699,2303.048,1646.746,0.019,0.017,0.025,0.000
NUGGET134_A,-9465.707,2286.851,1641.767,0.020,0.018,0.026,0.000
NUGGET134_B,-9449.185,2324.036,1641.847,0.019,0.017,0.026,0.000
NUGGET134_C,-9453.835,2334.306,1632.195,0.019,0.017,0.025,0.000
NUGGET134_D,-9463.458,2324.574,1626.473,0.019,0.017,0.025,0.000
NUGGET135_1,-7590.308,-1718.078,-2392.661,0.019,0.018,0.020,0.000
NUGGET135_6,-7587.500,-1738.486,-2388.249,0.019,0.017,0.018,0.000
NUGGET135_15,-7602.366,-1742.198,-2371.086,0.019,0.017,0.018,0.000
NUGGET135_A,-7588.275,-1752.145,-2382.444,0.019,0.017,0.018,0.000
NUGGET135_B,-7612.042,-1722.629,-2367.878,0.019,0.017,0.018,0.000
NUGGET135_C,-7611.316,-1708.919,-2373.609,0.018,0.017,0.018,0.000
NUGGET135_D,-7600.845,-1713.449,-2383.093,0.018,0.017,0.018,0.000
NUGGET136_2,-7621.506,-2269.381,-2169.758,0.019,0.017,0.016,0.000
NUGGET136_6,-7622.673,-2288.061,-2162.015,0.019,0.017,0.016,0.000
NUGGET136_15,-7637.571,-2291.802,-2144.848,0.019,0.017,0.016,0.000
NUGGET136_A,-7623.549,-2301.846,-2156.328,0.019,0.017,0.016,0.000
NUGGET136_B,-7647.032,-2272.201,-2141.477,0.019,0.017,0.016,0.000
NUGGET136_C,-7646.136,-2258.505,-2147.165,0.020,0.018,0.017,0.000
NUGGET136_D,-7635.663,-2263.078,-2156.667,0.019,0.017,0.016,0.000
NUGGET137_3,-2144.436,-500.546,2745.084,0.019,0.014,0.021,0.000
NUGGET137_6,-2139.575,-488.518,2735.961,0.019,0.014,0.021,0.000
NUGGET137_15,-2153.196,-472.167,2744.596,0.019,0.014,0.021,0.000
NUGGET137_A,-2138.582,-474.797,2730.240,0.019,0.014,0.021,0.000
NUGGET137_B,-2164.771,-482.416,2760.325,0.019,0.014,0.021,0.000
NUGGET137_C,-2165.765,-496.138,2766.101,0.020,0.014,0.021,0.000
NUGGET137_D,-2155.316,-500.792,2756.599,0.020,0.014,0.021,0.000
NUGGET138_4,-2096.964,42.211,2509.479,0.018,0.014,0.020,0.000
NUGGET138_6,-2095.902,55.901,2503.658,0.018,0.014,0.019,0.000
NUGGET138_15,-2109.563,72.452,2512.257,0.019,0.014,0.019,0.000
NUGGET138_A,-2094.836,69.613,2497.812,0.018,0.014,0.019,0.000
NUGGET138_B,-2121.179,62.332,2528.118,0.018,0.014,0.019,0.000
NUGGET138_C,-2122.261,48.639,2533.935,0.018,0.014,0.019,0.000
NUGGET138_D,-2111.808,43.843,2524.476,0.018,0.014,0.019,0.000
TARGET1,-7423.365,-46.962,892.398,0.010,0.008,0.008,0.000
TARGET2,-7708.362,87.763,866.849,0.010,0.008,0.009,0.000
TARGET3,-7207.748,11.500,1084.712,0.009,0.008,0.008,0.000
TARGET4,-7670.568,248.333,1063.924,0.010,0.008,0.009,0.000
TARGET5,-6938.772,95.159,1333.119,0.009,0.007,0.008,0.000
TARGET6,-7452.068,305.953,1257.040,0.010,0.008,0.009,0.000
TARGET7,-7224.350,229.493,1309.915,0.009,0.008,0.008,0.000
TARGET8,-6724.395,159.290,1525.883,0.009,0.007,0.008,0.000
TARGET9,-7184.018,388.926,1504.119,0.010,0.008,0.008,0.000
TARGET10,-6967.336,452.293,1697.409,0.010,0.008,0.009,0.000
TARGET11,-6736.563,376.022,1749.245,0.009,0.007,0.008,0.000
TARGET12,-7162.640,684.656,1829.623,0.010,0.008,0.009,0.000
TARGET13,-6891.475,769.691,2074.554,0.010,0.008,0.009,0.000
TARGET14,-5823.777,1984.311,3860.792,0.016,0.012,0.015,0.000
TARGET15,-4586.880,-481.605,2011.607,0.010,0.009,0.009,0.000
TARGET16,-4874.949,-354.850,1995.860,0.010,0.009,0.009,0.000
TARGET17,-4861.460,-572.657,1770.823,0.010,0.008,0.009,0.000
TARGET18,-5306.164,-51.218,2088.601,0.010,0.009,0.009,0.000
TARGET19,-5326.415,-350.971,1759.801,0.010,0.008,0.009,0.000
TARGET20,-5522.725,-122.933,1896.369,0.010,0.008,0.009,0.000
TARGET21,-5768.879,170.380,2072.372,0.010,0.009,0.009,0.000
TARGET22,-6237.476,311.661,1962.965,0.010,0.008,0.009,0.000
TARGET23,-6295.878,-147.728,1441.629,0.009,0.007,0.009,0.000
TARGET24,-5742.064,-3216.469,-1776.754,0.009,0.013,0.010,0.000
TARGET25,-6040.626,80.360,1828.072,0.009,0.008,0.009,0.000
TARGET26,-4369.195,-410.129,2199.338,0.010,0.009,0.009,0.000
TARGET27,-5108.747,-284.293,1947.233,0.010,0.009,0.009,0.000
TARGET28,-5796.595,-209.496,1654.555,0.010,0.008,0.009,0.000
TARGET29,-5807.836,6.931,1878.620,0.010,0.008,0.009,0.000
TARGET30,-6282.101,-364.405,1215.547,0.009,0.007,0.009,0.000
TARGET31,-6257.628,13.967,1636.290,0.009,0.007,0.009,0.000
TARGET32,-6452.498,243.518,1770.409,0.010,0.008,0.009,0.000
TARGET33,-6527.483,-74.256,1388.685,0.009,0.007,0.009,0.000
TARGET34,-6697.434,539.225,1943.588,0.010,0.008,0.009,0.000
TARGET35,-6481.722,605.265,2134.341,0.010,0.008,0.009,0.000
TARGET36,-6918.816,1133.638,2436.184,0.011,0.009,0.010,0.000
TARGET37,-2271.446,-2130.485,1352.960,0.012,0.013,0.010,0.000
TARGET38,-5030.431,38.251,2328.323,0.010,0.009,0.009,0.000
TARGET39,-5318.613,166.612,2310.518,0.010,0.009,0.009,0.000
TARGET40,-5550.809,237.635,2260.763,0.010,0.009,0.009,0.000
TARGET41,-5963.601,398.345,2205.009,0.010,0.009,0.009,0.000
TARGET48,-9294.494,901.335,732.645,0.014,0.010,0.017,0.000
TARGET49,-7646.906,537.802,1388.960,0.010,0.008,0.009,0.000
TARGET50,-5502.601,925.222,2994.940,0.010,0.009,0.010,0.000
TARGET51,-5993.058,761.882,2565.952,0.010,0.009,0.009,0.000
TARGET52,-6188.970,996.044,2699.892,0.010,0.009,0.010,0.000
TARGET56,-7704.898,-421.810,307.851,0.010,0.009,0.009,0.000
TARGET57,-7491.759,-365.124,501.554,0.010,0.009,0.009,0.000
TARGET58,-6249.138,530.470,2185.757,0.010,0.009,0.009,0.000
TARGET59,-6209.452,694.879,2378.570,0.010,0.009,0.009,0.000
TARGET60,-6403.326,926.266,2510.709,0.010,0.009,0.010,0.000
TARGET61,-5721.357,855.624,2808.225,0.010,0.009,0.010,0.000
TARGET62,-5228.395,1020.631,3234.508,0.011,0.010,0.011,0.000
TARGET63,-7690.405,-128.392,641.362,0.010,0.008,0.009,0.000
TARGET64,-4628.380,-1154.737,1264.098,0.009,0.008,0.009,0.000
TARGET65,-4388.499,-707.325,1873.551,0.010,0.009,0.009,0.000
TARGET66,-3939.797,-1217.200,1554.118,0.010,0.009,0.008,0.000
TARGET67,-5075.821,-642.970,1581.312,0.010,0.008,0.009,0.000
TARGET68,-5150.303,-958.498,1198.680,0.010,0.008,0.009,0.000
TARGET69,-4879.868,-867.108,1443.801,0.010,0.009,0.009,0.000
TARGET70,-4916.362,-1028.206,1248.847,0.010,0.008,0.009,0.000
TARGET71,-4661.396,-799.976,1632.088,0.010,0.008,0.009,0.000
TARGET72,-4426.748,-869.628,1679.579,0.010,0.009,0.009,0.000
TARGET73,-4414.398,-1084.632,1453.254,0.010,0.008,0.009,0.000
TARGET74,-4212.091,-1310.858,1311.739,0.010,0.009,0.008,0.000
TARGET75,-4138.671,-994.184,1693.931,0.010,0.009,0.009,0.000
TARGET76,-3722.305,-1147.444,1739.845,0.010,0.009,0.009,0.000
TARGET77,-3487.472,-1214.243,1785.137,0.010,0.009,0.009,0.000
TARGET78,-3473.712,-1428.988,1559.128,0.010,0.010,0.009,0.000
TARGET79,-2999.162,-1557.146,1654.282,0.011,0.010,0.010,0.000
TARGET80,-6010.614,-278.040,1462.165,0.010,0.008,0.009,0.000
TARGET81,-6085.259,-593.844,1077.838,0.010,0.008,0.010,0.000
TARGET82,-5815.846,-505.007,1325.966,0.010,0.008,0.009,0.000
TARGET83,-5852.174,-666.362,1130.181,0.010,0.008,0.010,0.000
TARGET84,-5597.190,-442.692,1514.198,0.010,0.008,0.009,0.000
TARGET85,-5565.311,-795.592,1149.032,0.010,0.008,0.009,0.000
TARGET86,-5366.955,-1022.195,1010.194,0.010,0.008,0.009,0.000
TARGET87,-3647.310,-829.979,2117.738,0.010,0.009,0.009,0.000
TARGET88,-3448.196,-1051.586,1979.611,0.011,0.009,0.010,0.000
TARGET89,-3230.549,-982.399,2160.338,0.011,0.010,0.011,0.000
TARGET90,-3197.289,-1336.254,1796.804,0.011,0.010,0.010,0.000
TARGET91,-2978.356,-1264.051,1981.426,0.011,0.010,0.011,0.000
TARGET92,-2994.142,-1047.073,2205.968,0.012,0.010,0.012,0.000
TARGET93,-5363.637,-514.586,1564.296,0.010,0.008,0.009,0.000
TARGET94,-5349.832,-730.034,1338.946,0.010,0.008,0.009,0.000
TARGET95,-5760.487,689.486,2616.844,0.010,0.009,0.009,0.000
TARGET96,-5268.834,853.998,3044.764,0.010,0.009,0.010,0.000
TARGET97,-4836.105,-191.498,2188.849,0.010,0.009,0.009,0.000
TARGET98,-3937.460,-705.260,2105.447,0.010,0.009,0.009,0.000
TARGET99,-3430.254,-755.578,2303.676,0.011,0.009,0.011,0.000
TARGET100,-2957.921,-881.615,2399.063,0.012,0.010,0.013,0.000
TARGET101,-3675.356,-470.132,2484.172,0.011,0.009,0.011,0.000
TARGET102,-2504.295,-1387.972,2075.649,0.013,0.011,0.014,0.000
TARGET103,-4815.254,110.329,2515.472,0.010,0.009,0.009,0.000
TARGET104,-4615.377,-122.293,2375.781,0.010,0.009,0.010,0.000
TARGET105,-4382.118,-191.107,2423.012,0.010,0.009,0.010,0.000
TARGET106,-4093.022,-316.570,2437.618,0.010,0.009,0.010,0.000
TARGET107,-3441.869,-536.905,2528.444,0.012,0.010,0.012,0.000
TARGET108,-3152.640,-659.517,2539.746,0.012,0.010,0.012,0.000
TARGET109,-2702.450,-1167.068,2217.880,0.013,0.011,0.015,0.000
TARGET110,-4342.466,-25.889,2615.378,0.010,0.010,0.010,0.000
TARGET111,-3888.460,-21.122,2846.839,0.012,0.010,0.012,0.000
TARGET112,-3876.889,-241.370,2623.971,0.011,0.010,0.011,0.000
TARGET113,-3898.359,-541.014,2299.030,0.010,0.009,0.009,0.000
TARGET114,-3402.563,-372.155,2719.795,0.013,0.011,0.013,0.000
TARGET115,-7009.210,-220.902,949.641,0.010,0.008,0.009,0.000
TARGET116,-6765.958,-510.163,776.225,0.009,0.008,0.009,0.000
TARGET117,-6977.334,-575.515,578.836,0.010,0.008,0.009,0.000
TARGET118,-6494.213,-428.801,1023.801,0.009,0.008,0.009,0.000
TARGET120,-8151.629,105.240,613.401,0.010,0.008,0.009,0.000
TARGET121,-7225.454,-282.170,753.926,0.010,0.008,0.009,0.000
TARGET122,-7261.751,-441.783,556.202,0.010,0.009,0.009,0.000
TARGET123,-6741.613,-135.280,1199.416,0.009,0.007,0.008,0.000
TARGET124,-6779.322,-296.051,1002.841,0.009,0.008,0.009,0.000
TARGET125,-7377.485,619.907,1635.864,0.010,0.008,0.009,0.000
TARGET126,-8662.437,-189.719,-36.708,0.012,0.011,0.010,0.000
TARGET127,-7935.321,165.647,813.066,0.010,0.008,0.009,0.000
TARGET128,-8188.584,-53.311,415.841,0.010,0.008,0.009,0.000
TARGET129,-8414.378,25.546,361.002,0.011,0.009,0.009,0.000
TARGET130,-7858.267,480.367,1200.339,0.010,0.008,0.009,0.000
TARGET131,-8126.813,398.479,948.152,0.010,0.008,0.009,0.000
TARGET132,-7661.213,756.005,1612.205,0.010,0.008,0.009,0.000
TARGET133,-7888.103,833.922,1559.150,0.010,0.008,0.009,0.000
TARGET134,-8140.680,614.376,1172.238,0.010,0.008,0.009,0.000
TARGET135,-8171.404,-266.636,189.904,0.011,0.010,0.009,0.000
TARGET136,-8298.737,1008.611,1495.665,0.011,0.009,0.009,0.000
TARGET137,-8370.943,692.797,1114.824,0.011,0.009,0.009,0.000
TARGET138,-8086.006,1070.340,1689.602,0.011,0.009,0.010,0.000
TARGET139,-8104.894,777.527,1368.386,0.011,0.008,0.009,0.000
TARGET140,-7620.349,917.337,1806.380,0.010,0.009,0.009,0.000
TARGET141,-7405.268,980.728,1998.797,0.010,0.009,0.009,0.000
TARGET142,-7903.923,-189.527,442.520,0.010,0.009,0.010,0.000
TARGET143,-3512.834,-2095.015,803.030,0.010,0.010,0.009,0.000
TARGET144,-4017.089,-2041.934,601.069,0.010,0.010,0.009,0.000
TARGET145,-3981.290,-1882.350,799.190,0.009,0.010,0.008,0.000
TARGET146,-4251.454,-1973.447,554.315,0.009,0.010,0.009,0.000
TARGET147,-4180.719,-1660.273,942.569,0.009,0.009,0.008,0.000
TARGET148,-4453.386,-1749.671,698.339,0.009,0.009,0.009,0.000
TARGET149,-4668.951,-1817.210,506.219,0.009,0.009,0.009,0.000
TARGET150,-4468.600,-1537.220,927.265,0.009,0.009,0.009,0.000
TARGET151,-4956.466,-1691.076,491.358,0.009,0.009,0.009,0.000
TARGET152,-4702.980,-1468.024,878.824,0.009,0.009,0.009,0.000
TARGET153,-4920.650,-1531.761,689.824,0.009,0.009,0.009,0.000
TARGET154,-5189.243,-1620.204,442.519,0.009,0.009,0.009,0.000
TARGET155,-4902.805,-1242.760,1020.527,0.010,0.009,0.009,0.000
TARGET156,-5116.874,-1309.838,829.779,0.009,0.008,0.009,0.000
TARGET157,-5389.088,-1394.791,584.338,0.009,0.009,0.010,0.000
TARGET158,-5636.219,-1110.220,763.034,0.010,0.008,0.010,0.000
TARGET159,-5850.857,-1173.580,571.004,0.010,0.008,0.010,0.000
TARGET160,-5837.902,-880.171,903.768,0.010,0.008,0.010,0.000
TARGET161,-6297.525,-656.089,888.368,0.010,0.008,0.010,0.000
TARGET162,-7247.758,-653.962,328.861,0.010,0.009,0.010,0.000
TARGET163,-7174.133,904.033,2052.764,0.010,0.008,0.009,0.000
TARGET164,-2818.163,-2153.212,1087.070,0.011,0.012,0.011,0.000
TARGET165,-3022.704,-1931.978,1231.411,0.011,0.011,0.010,0.000
TARGET166,-3238.969,-2003.443,1044.199,0.010,0.010,0.009,0.000
TARGET167,-3273.051,-1653.576,1413.758,0.010,0.010,0.009,0.000
TARGET168,-3527.591,-1882.674,1032.640,0.010,0.010,0.009,0.000
TARGET169,-3490.574,-1722.400,1228.943,0.010,0.010,0.009,0.000
TARGET170,-3763.268,-1816.647,985.538,0.010,0.010,0.008,0.000
TARGET171,-3688.524,-1502.454,1370.662,0.010,0.009,0.009,0.000
TARGET172,-3963.927,-1592.119,1130.959,0.010,0.009,0.008,0.000
TARGET173,-3978.602,-1379.725,1357.010,0.010,0.009,0.008,0.000
TARGET174,-5403.778,-1182.363,812.851,0.010,0.008,0.009,0.000
TARGET175,-3598.928,-145.675,2859.712,0.012,0.011,0.013,0.000
TARGET176,-3848.105,145.402,3038.154,0.013,0.011,0.013,0.000
TARGET177,-4123.471,46.319,2800.110,0.012,0.010,0.012,0.000
TARGET178,-4321.654,276.551,2938.300,0.012,0.011,0.012,0.000
TARGET179,-4538.951,202.400,2752.309,0.010,0.010,0.010,0.000
TARGET180,-4825.970,329.395,2736.795,0.010,0.009,0.009,0.000
TARGET182,-3036.873,-1719.312,1458.618,0.011,0.010,0.010,0.000
TARGET183,-7743.033,-578.149,109.440,0.010,0.009,0.010,0.000
TARGET184,-4974.547,-2549.131,-504.908,0.009,0.011,0.009,0.000
TARGET185,-5183.916,-2613.191,-699.639,0.009,0.011,0.010,0.000
TARGET186,-4995.593,-2340.837,-273.814,0.009,0.010,0.009,0.000
TARGET187,-5226.645,-2266.722,-318.591,0.009,0.010,0.009,0.000
TARGET188,-5152.521,-1968.868,66.841,0.009,0.009,0.009,0.000
TARGET189,-5440.272,-1840.578,51.023,0.009,0.009,0.010,0.000
TARGET190,-8381.055,-326.674,-10.059,0.011,0.010,0.010,0.000
TARGET191,-4291.538,663.999,3348.174,0.012,0.012,0.012,0.000
TARGET192,-4332.298,498.022,3159.415,0.012,0.012,0.012,0.000
TARGET193,-4940.929,-1902.660,260.371,0.009,0.009,0.009,0.000
TARGET194,-5450.796,-2692.322,-947.992,0.009,0.011,0.010,0.000
TARGET195,-5951.844,-2625.816,-1165.890,0.009,0.011,0.011,0.000
TARGET196,-5663.686,-2756.551,-1149.955,0.009,0.011,0.010,0.000
TARGET197,-6394.291,-2605.703,-1410.722,0.011,0.012,0.012,0.000
TARGET198,-6158.653,-1904.774,-440.659,0.009,0.009,0.010,0.000
TARGET199,-5641.308,-2110.212,-375.256,0.009,0.010,0.010,0.000
TARGET200,-6633.499,-2048.712,-895.459,0.010,0.010,0.012,0.000
TARGET201,-6404.470,-2123.835,-844.228,0.009,0.010,0.011,0.000
TARGET202,-6116.099,-2254.306,-823.921,0.009,0.010,0.011,0.000
TARGET203,-5702.356,-2412.876,-765.016,0.009,0.010,0.010,0.000
TARGET204,-5472.624,-2485.674,-716.350,0.009,0.010,0.010,0.000
TARGET205,-5916.344,-2473.942,-964.012,0.009,0.011,0.010,0.000
TARGET206,-5930.979,-2832.179,-1400.590,0.010,0.012,0.011,0.000
TARGET207,-6430.384,-2757.630,-1615.866,0.013,0.013,0.013,0.000
TARGET208,-6597.385,-2385.217,-1271.985,0.011,0.011,0.013,0.000
TARGET209,-6142.761,-2888.647,-1597.315,0.011,0.013,0.013,0.000
TARGET210,-6408.144,-2965.177,-1853.643,0.012,0.014,0.013,0.000
TARGET211,-6883.233,-2252.971,-1291.881,0.013,0.011,0.014,0.000
TARGET212,-5436.601,-2330.820,-513.780,0.009,0.010,0.010,0.000
TARGET213,-5423.594,-2051.001,-181.218,0.009,0.010,0.010,0.000
TARGET214,-5673.236,-1767.991,0.840,0.009,0.009,0.010,0.000
TARGET215,-5890.619,-1825.171,-190.770,0.009,0.009,0.010,0.000
TARGET216,-6848.280,-2100.946,-1089.578,0.012,0.011,0.013,0.000
TARGET217,-3073.992,-2382.319,702.647,0.010,0.012,0.009,0.000
TARGET218,-3037.952,-2222.211,900.761,0.010,0.011,0.010,0.000
TARGET219,-3310.012,-2317.078,656.624,0.010,0.011,0.009,0.000
TARGET220,-3728.951,-2163.800,614.149,0.010,0.011,0.009,0.000
TARGET221,-2292.471,-2338.027,1138.113,0.012,0.013,0.012,0.000
TARGET222,-2583.660,-2218.114,1130.058,0.011,0.012,0.011,0.000
TARGET223,-2545.144,-2057.717,1326.553,0.011,0.012,0.011,0.000
TARGET224,-2746.721,-1838.951,1469.472,0.011,0.011,0.011,0.000
TARGET225,-4433.644,-1375.714,1124.456,0.010,0.009,0.009,0.000
TARGET226,-2777.785,-1486.843,1838.100,0.012,0.011,0.011,0.000
TARGET227,-4468.653,-2038.316,364.383,0.009,0.010,0.009,0.000
TARGET228,-5279.180,332.011,2503.562,0.010,0.009,0.009,0.000
TARGET229,-4043.422,371.112,3173.135,0.012,0.013,0.013,0.000
TARGET230,-2527.209,-1766.519,1654.902,0.012,0.012,0.012,0.000
TARGET231,-2541.515,-1551.528,1881.585,0.012,0.011,0.013,0.000
TARGET232,-3043.370,-2193.348,-3890.222,0.030,0.041,0.049,0.000
TARGET233,-2754.790,-2103.635,-3648.920,0.030,0.038,0.045,0.000
TARGET234,-2522.810,-2035.811,-3450.779,0.031,0.039,0.047,0.000
TARGET235,-2239.162,-1947.715,-3204.376,0.031,0.035,0.040,0.000
TARGET236,-7971.471,-498.965,55.637,0.011,0.010,0.010,0.000
TARGET237,-2008.659,-1875.727,-3000.219,0.031,0.033,0.038,0.000
TARGET238,-1729.714,-1786.375,-2748.745,0.031,0.034,0.039,0.000
TARGET239,-2928.780,-1916.060,-3817.979,0.033,0.042,0.052,0.000
TARGET240,-2409.471,-1760.474,-3374.698,0.036,0.041,0.050,0.000
TARGET241,-1898.136,-1599.661,-2922.138,0.042,0.039,0.044,0.000
TARGET242,-1776.238,-1403.451,-2824.124,0.041,0.038,0.044,0.000
TARGET245,-8581.691,627.703,913.728,0.011,0.009,0.009,0.000
TARGET246,-8621.982,471.651,719.294,0.011,0.009,0.009,0.000
TARGET247,-8608.136,256.948,493.379,0.011,0.009,0.010,0.000
TARGET248,-8625.755,-33.573,161.138,0.011,0.009,0.010,0.000
TARGET249,-8887.501,-111.341,-94.261,0.012,0.011,0.011,0.000
TARGET250,-9057.510,492.089,464.596,0.012,0.009,0.010,0.000
TARGET251,-9080.929,121.619,40.317,0.012,0.011,0.011,0.000
TARGET252,-9322.393,416.479,209.968,0.013,0.011,0.011,0.000
TARGET253,-8814.584,194.641,293.256,0.011,0.009,0.010,0.000
TARGET254,-5748.236,468.346,2394.876,0.010,0.010,0.009,0.000
TARGET255,-5473.442,558.880,2635.373,0.010,0.009,0.010,0.000
TARGET256,-5257.859,631.922,2823.863,0.010,0.009,0.010,0.000
TARGET257,-4981.648,724.141,3061.083,0.010,0.009,0.010,0.000
TARGET258,-4786.711,496.295,2928.352,0.010,0.010,0.010,0.000
TARGET259,-4566.115,567.056,3112.538,0.011,0.010,0.011,0.000
TARGET260,-8338.577,331.344,744.113,0.011,0.008,0.009,0.000
TARGET261,-6565.252,-741.215,638.967,0.010,0.008,0.010,0.000
TARGET262,-6334.956,-816.308,689.947,0.010,0.008,0.010,0.000
TARGET263,-7046.986,-884.929,191.746,0.010,0.009,0.010,0.000
TARGET264,-7110.142,-2177.803,-1344.764,0.014,0.012,0.015,0.000
TARGET265,-7310.729,-1953.152,-1204.625,0.015,0.012,0.015,0.000
TARGET266,-6353.985,-1684.809,-302.563,0.009,0.009,0.011,0.000
TARGET267,-6085.278,-1606.184,-53.370,0.009,0.009,0.010,0.000
TARGET268,-5601.547,-1461.074,390.287,0.009,0.009,0.010,0.000
TARGET269,-6369.842,-1474.980,-71.245,0.010,0.009,0.011,0.000
TARGET270,-6602.746,-1399.578,-124.016,0.010,0.009,0.011,0.000
TARGET271,-6335.424,-1318.311,127.361,0.010,0.009,0.011,0.000
TARGET272,-6120.012,-1257.800,321.710,0.009,0.008,0.010,0.000
TARGET273,-6800.944,-1172.639,15.250,0.010,0.009,0.012,0.000
TARGET274,-6532.087,-1092.907,265.802,0.010,0.008,0.011,0.000
TARGET275,-6319.598,-1029.792,461.350,0.010,0.008,0.011,0.000
TARGET276,-7296.121,-1099.741,-203.676,0.011,0.010,0.012,0.000
TARGET277,-6047.725,-947.522,710.070,0.010,0.008,0.010,0.000
TARGET278,-6817.118,-960.156,245.462,0.010,0.009,0.011,0.000
TARGET279,-6780.873,-802.447,443.644,0.010,0.008,0.010,0.000
TARGET280,-7724.773,-791.144,-119.263,0.011,0.011,0.011,0.000
TARGET281,-7458.053,-715.412,131.579,0.011,0.009,0.010,0.000
TARGET282,-2566.617,-2431.063,900.453,0.011,0.013,0.010,0.000
TARGET283,-2783.637,-2503.173,711.823,0.011,0.013,0.010,0.000
TARGET284,-3056.993,-2593.475,471.995,0.010,0.012,0.009,0.000
TARGET285,-3273.867,-2662.953,281.779,0.010,0.012,0.010,0.000
TARGET286,-3547.329,-2750.165,39.335,0.010,0.012,0.009,0.000
TARGET287,-3760.616,-2817.710,-151.595,0.010,0.012,0.010,0.000
TARGET288,-4033.051,-2902.649,-397.120,0.010,0.012,0.010,0.000
TARGET289,-4250.663,-2969.021,-593.997,0.009,0.012,0.010,0.000
TARGET290,-3097.740,-1805.551,-3973.189,0.039,0.048,0.060,0.000
TARGET291,-2802.584,-1720.525,-3725.615,0.041,0.048,0.058,0.000
TARGET292,-2574.306,-1648.724,-3531.045,0.042,0.047,0.057,0.000
TARGET293,-2285.786,-1564.414,-3279.992,0.054,0.050,0.056,0.000
TARGET294,-3666.806,-1658.628,-4462.233,0.039,0.050,0.068,0.000
TARGET295,-2062.142,-1490.094,-3082.127,0.057,0.051,0.058,0.000
TARGET296,-3372.649,-1570.163,-4225.480,0.039,0.048,0.063,0.000
TARGET297,-3134.902,-1501.345,-4030.073,0.040,0.046,0.061,0.000
TARGET298,-2846.039,-1412.057,-3788.433,0.058,0.061,0.076,0.000
TARGET299,-2612.895,-1342.562,-3589.306,0.059,0.059,0.073,0.000
TARGET300,-3550.857,-1382.333,-4388.601,0.038,0.047,0.066,0.000
TARGET301,-2328.661,-1252.420,-3342.473,0.057,0.049,0.058,0.000
TARGET302,-2099.537,-1184.891,-3139.104,0.058,0.049,0.059,0.000
TARGET303,-1504.126,-1718.435,-2540.883,0.032,0.033,0.038,0.000
TARGET304,-1395.005,-1441.655,-2459.488,0.042,0.037,0.041,0.000
TARGET305,-1556.100,-1331.302,-2621.942,0.041,0.036,0.040,0.000
TARGET307,-737.179,-1470.672,-1809.320,0.072,0.054,0.048,0.000
TARGET308,-1006.900,-1559.216,-2071.694,0.065,0.051,0.046,0.000
TARGET309,-1229.288,-1628.523,-2283.901,0.039,0.036,0.038,0.000
TARGET310,-900.181,-1283.276,-1987.602,0.071,0.051,0.047,0.000
TARGET311,-782.817,-1087.593,-1884.039,0.078,0.051,0.048,0.000
TARGET312,-1057.974,-1172.262,-2152.132,0.069,0.049,0.048,0.000
TARGET313,-1276.076,-1245.261,-2359.569,0.046,0.037,0.040,0.000
TARGET314,-343.932,-618.020,-1464.567,0.092,0.053,0.049,0.000
TARGET315,-609.023,-709.303,-1732.002,0.083,0.054,0.053,0.000
TARGET316,-827.036,-776.891,-1948.123,0.081,0.054,0.055,0.000
TARGET317,-1097.495,-866.314,-2210.837,0.083,0.055,0.056,0.000
TARGET318,-1319.874,-935.809,-2423.007,0.080,0.054,0.057,0.000
TARGET319,-1594.390,-1024.557,-2679.837,0.078,0.055,0.059,0.000
TARGET320,-507.940,-431.331,-1643.066,0.089,0.052,0.053,0.000
TARGET321,-1820.409,-1094.649,-2887.656,0.077,0.058,0.064,0.000
TARGET322,-993.150,-589.870,-2123.673,0.083,0.053,0.056,0.000
TARGET323,-665.685,-321.729,-1808.926,0.103,0.055,0.055,0.000
TARGET324,-1488.536,-747.180,-2596.058,0.077,0.052,0.058,0.000
TARGET325,-878.209,-392.916,-2019.114,0.083,0.050,0.055,0.000
TARGET326,-1991.416,-906.755,-3058.169,0.075,0.055,0.064,0.000
TARGET327,-1153.586,-478.752,-2286.882,0.081,0.051,0.056,0.000
TARGET328,-1370.207,-551.641,-2493.197,0.077,0.050,0.057,0.000
TARGET329,-1650.938,-637.168,-2756.023,0.078,0.053,0.062,0.000
TARGET330,-1870.833,-711.503,-2957.931,0.073,0.052,0.063,0.000
TARGET331,-2155.949,-795.952,-3215.397,0.074,0.054,0.065,0.000
TARGET332,-2380.369,-869.740,-3413.966,0.072,0.054,0.066,0.000
TARGET333,-1419.293,-241.742,-2554.495,0.097,0.053,0.062,0.000
TARGET334,-1692.415,-331.671,-2809.965,0.077,0.050,0.062,0.000
TARGET335,-1918.819,-402.726,-3018.093,0.074,0.050,0.064,0.000
TARGET336,-2198.777,-491.639,-3270.568,0.072,0.050,0.064,0.000
TARGET337,-2427.002,-559.024,-3472.829,0.070,0.049,0.065,0.000
TARGET338,-1590.202,-53.945,-2724.183,0.100,0.056,0.071,0.000
TARGET339,-2091.835,-215.119,-3185.510,0.092,0.054,0.069,0.000
TARGET340,-1473.892,141.663,-2620.019,0.096,0.048,0.061,0.000
TARGET341,-1754.976,55.806,-2883.043,0.094,0.051,0.067,0.000
TARGET342,-1973.551,-18.607,-3084.102,0.091,0.051,0.068,0.000
TARGET343,-2483.044,-176.186,-3539.660,0.102,0.070,0.100,0.000
TARGET344,-1195.786,-174.246,-2341.131,0.101,0.056,0.064,0.000
TARGET345,-7816.129,1151.243,1935.456,0.011,0.009,0.010,0.000
TARGET346,-7602.379,1217.626,2130.198,0.011,0.009,0.010,0.000
TARGET347,-2259.202,-103.602,-3342.078,0.089,0.051,0.069,0.000
TARGET348,-3526.435,-2383.947,469.760,0.010,0.011,0.009,0.000
TARGET349,-4000.663,-2252.584,371.019,0.009,0.010,0.009,0.000
TARGET350,-4216.833,-2320.825,177.771,0.009,0.010,0.009,0.000
TARGET351,-4505.329,-2196.605,163.944,0.009,0.010,0.009,0.000
TARGET352,-9095.908,335.186,267.309,0.012,0.010,0.011,0.000
TARGET353,-3563.722,-2541.369,270.831,0.010,0.012,0.009,0.000
TARGET354,-3798.320,-2473.868,225.131,0.010,0.011,0.009,0.000
TARGET355,-4738.798,-2125.279,117.798,0.009,0.010,0.009,0.000
TARGET356,-5403.837,-1683.666,250.434,0.009,0.009,0.010,0.000
TARGET357,-7489.096,-1370.887,-635.383,0.012,0.011,0.012,0.000
TARGET358,-2251.194,-1670.712,1890.641,0.014,0.013,0.016,0.000
TARGET359,-3922.990,-923.674,1879.522,0.011,0.009,0.009,0.000
TARGET360,-4957.136,-2185.871,-72.963,0.009,0.010,0.009,0.000
TARGET361,-5909.231,-2189.425,-624.578,0.009,0.010,0.010,0.000
TARGET362,-5928.546,-1980.597,-392.629,0.009,0.009,0.010,0.000
TARGET363,-5871.612,-1542.708,143.332,0.009,0.009,0.011,0.000
TARGET364,-6836.038,-1819.504,-751.009,0.010,0.010,0.011,0.000
TARGET365,-6569.835,-1743.127,-499.683,0.009,0.009,0.011,0.000
TARGET366,-7525.990,-1022.709,-258.350,0.011,0.010,0.011,0.000
TARGET367,-8201.594,-924.805,-574.093,0.015,0.013,0.013,0.000
TARGET368,-8220.748,-712.050,-343.079,0.013,0.012,0.011,0.000
TARGET369,-8444.981,-632.532,-396.708,0.013,0.013,0.012,0.000
TARGET370,-8180.226,-558.799,-143.515,0.012,0.011,0.010,0.000
TARGET371,-8646.915,-399.838,-263.152,0.013,0.015,0.012,0.000
TARGET372,-5912.207,1085.652,2940.738,0.010,0.009,0.010,0.000
TARGET373,-6198.495,1218.096,2920.972,0.010,0.009,0.010,0.000
TARGET374,-5203.278,1325.094,3553.130,0.011,0.010,0.011,0.000
TARGET375,-5444.617,1619.812,3722.200,0.012,0.011,0.012,0.000
TARGET376,-5425.477,1252.932,3366.232,0.011,0.010,0.011,0.000
TARGET377,-5701.283,1160.851,3129.101,0.010,0.009,0.010,0.000
TARGET378,-5887.660,-1332.129,372.183,0.010,0.009,0.011,0.000
TARGET379,-4489.978,-2404.973,-67.250,0.009,0.011,0.009,0.000
TARGET380,-4771.454,-2769.272,-648.788,0.009,0.011,0.010,0.000
TARGET381,-4705.521,-2467.745,-258.939,0.009,0.011,0.009,0.000
TARGET382,-4985.335,-2832.420,-844.949,0.009,0.012,0.010,0.000
TARGET383,-4050.229,-2695.371,-164.651,0.010,0.012,0.009,0.000
TARGET384,-4014.700,-2538.193,36.315,0.009,0.011,0.009,0.000
TARGET385,-4284.520,-2625.642,-210.655,0.009,0.011,0.009,0.000
TARGET386,-4501.213,-2688.250,-402.724,0.009,0.011,0.009,0.000
TARGET387,-4302.700,-1125.277,-5012.571,0.042,0.050,0.075,0.000
TARGET388,-3723.035,-1270.807,-4538.249,0.041,0.051,0.073,0.000
TARGET389,-1202.576,796.071,-2370.277,0.116,0.046,0.064,0.000
TARGET390,-1524.651,450.832,-2675.775,0.120,0.051,0.069,0.000
TARGET391,-717.011,954.784,-1889.304,0.128,0.047,0.061,0.000
TARGET392,-1300.850,518.659,-2462.254,0.116,0.050,0.066,0.000
TARGET393,-1031.264,608.966,-2200.383,0.122,0.050,0.064,0.000
TARGET394,-241.380,1112.276,-1399.468,0.142,0.051,0.064,0.000
TARGET395,-813.656,678.225,-1985.057,0.128,0.050,0.063,0.000
TARGET396,-548.030,768.117,-1716.676,0.134,0.051,0.061,0.000
TARGET397,-335.541,836.278,-1498.068,0.140,0.051,0.060,0.000
TARGET398,-1257.304,214.376,-2413.296,0.120,0.054,0.065,0.000
TARGET399,-75.737,925.201,-1224.910,0.147,0.053,0.059,0.000
TARGET400,-981.028,299.403,-2145.122,0.126,0.054,0.064,0.000
TARGET401,-768.904,372.773,-1934.973,0.131,0.054,0.062,0.000
TARGET402,-1094.762,103.061,-2251.805,0.125,0.058,0.066,0.000
TARGET403,-498.131,457.640,-1661.789,0.138,0.054,0.060,0.000
TARGET404,-288.189,530.835,-1445.721,0.153,0.055,0.056,0.000
TARGET405,-608.969,261.618,-1770.759,0.137,0.057,0.061,0.000
TARGET406,-23.131,615.114,-1167.227,0.145,0.053,0.055,0.000
TARGET407,-131.926,419.146,-1279.904,0.143,0.055,0.055,0.000
TARGET408,-926.062,-83.574,-2079.065,0.132,0.061,0.065,0.000
TARGET409,-707.750,-15.222,-1863.052,0.132,0.060,0.063,0.000
TARGET410,-443.419,74.035,-1596.429,0.137,0.059,0.058,0.000
TARGET411,-227.662,142.267,-1374.205,0.143,0.059,0.056,0.000
TARGET412,-395.532,-234.164,-1536.110,0.130,0.061,0.057,0.000
TARGET413,-4773.936,1020.112,3465.955,0.011,0.010,0.011,0.000
TARGET414,-4541.798,-2842.181,-605.940,0.009,0.012,0.010,0.000
TARGET415,-4484.699,893.046,3483.257,0.012,0.012,0.013,0.000
TARGET416,-4732.141,1189.380,3656.450,0.012,0.011,0.012,0.000
TARGET417,-4926.651,1421.964,3790.067,0.012,0.012,0.012,0.000
TARGET418,-4762.556,797.140,3246.947,0.011,0.010,0.011,0.000
TARGET419,-5007.244,1090.169,3418.022,0.011,0.010,0.011,0.000
TARGET420,-1091.077,992.925,-2262.170,0.121,0.047,0.068,0.000
TARGET421,-2025.531,292.075,-3141.073,0.088,0.048,0.068,0.000
TARGET422,-878.517,1066.056,-2051.758,0.126,0.047,0.067,0.000
TARGET423,-1799.075,361.789,-2932.808,0.094,0.049,0.068,0.000
TARGET424,-607.865,1151.267,-1778.334,0.134,0.049,0.068,0.000
TARGET425,-400.631,1224.106,-1564.656,0.142,0.052,0.071,0.000
TARGET426,31.070,231.845,-1102.481,0.155,0.061,0.057,0.000
TARGET427,-7260.424,-943.564,-4.345,0.011,0.010,0.011,0.000
TARGET428,-7012.833,-1232.689,-181.513,0.011,0.009,0.012,0.000
TARGET429,-7279.468,-1309.544,-433.668,0.011,0.010,0.012,0.000
TARGET430,-6817.823,-1455.053,-317.483,0.010,0.009,0.011,0.000
TARGET431,-7084.268,-1531.206,-568.702,0.011,0.010,0.012,0.000
TARGET432,-7293.749,-1592.603,-770.392,0.012,0.010,0.013,0.000
TARGET433,-6855.968,-1608.524,-517.810,0.010,0.009,0.011,0.000
TARGET434,-5058.865,399.403,2688.533,0.010,0.009,0.009,0.000
TARGET435,-5213.521,1549.383,3771.020,0.012,0.011,0.012,0.000
TARGET436,-4173.275,-638.142,2057.574,0.011,0.009,0.009,0.000
TARGET437,-9879.707,2581.509,1789.897,0.185,0.054,0.038,0.000
TARGET438,-7935.630,-850.921,-319.765,0.013,0.012,0.012,0.000
TARGET439,-6156.065,1384.277,3112.095,0.011,0.010,0.011,0.000
TARGET440,-5668.482,1551.283,3537.949,0.011,0.010,0.011,0.000
TARGET441,-5709.776,1382.843,3347.970,0.011,0.010,0.011,0.000
TARGET442,-5942.626,1455.422,3297.749,0.011,0.010,0.011,0.000
TARGET444,-5020.992,-2984.910,-1046.916,0.009,0.012,0.010,0.000
TARGET445,-4522.363,-3048.750,-839.357,0.009,0.012,0.010,0.000
TARGET446,-4731.832,-3113.032,-1034.257,0.009,0.013,0.010,0.000
TARGET447,-134.778,1308.893,-1285.103,0.165,0.060,0.080,0.000
TARGET448,-8568.879,928.533,1244.600,0.011,0.009,0.010,0.000
TARGET449,-5251.872,-2912.393,-1093.966,0.009,0.012,0.010,0.000
TARGET450,-6677.248,839.067,2267.967,0.010,0.010,0.010,0.000
TARGET451,-7136.060,1068.120,2245.067,0.010,0.009,0.010,0.000
TARGET452,-5478.689,-3328.837,-1730.064,0.011,0.015,0.012,0.000
TARGET453,-5499.763,-3123.606,-1493.694,0.010,0.013,0.011,0.000
TARGET454,-5730.124,-3049.727,-1542.028,0.010,0.013,0.011,0.000
TARGET455,-8778.475,860.261,1040.913,0.012,0.009,0.010,0.000
TARGET456,-8845.734,550.162,663.283,0.012,0.009,0.010,0.000
TARGET457,-7329.628,1302.813,2376.247,0.012,0.010,0.011,0.000
TARGET458,-5211.472,-3254.463,-1481.582,0.010,0.014,0.011,0.000
TARGET459,-5463.259,-2974.366,-1292.241,0.009,0.012,0.011,0.000
TARGET460,-6659.955,-2681.448,-1666.519,0.015,0.013,0.015,0.000
TARGET461,-6180.996,-2551.410,-1215.414,0.010,0.011,0.012,0.000
TARGET462,-6860.742,-2459.893,-1525.377,0.014,0.012,0.015,0.000
TARGET463,-6379.152,-2332.954,-1075.930,0.010,0.011,0.012,0.000
TARGET464,-6368.833,-1971.007,-643.533,0.009,0.010,0.011,0.000
TARGET466,-6104.730,2084.826,3836.833,0.013,0.013,0.014,0.000
TARGET467,-5862.154,1782.768,3666.417,0.012,0.011,0.012,0.000
TARGET468,-6147.247,1915.977,3647.758,0.012,0.011,0.012,0.000
TARGET469,-6379.476,1989.711,3596.705,0.013,0.012,0.012,0.000
TARGET470,-6139.300,1691.920,3429.441,0.012,0.010,0.011,0.000
TARGET471,-6352.961,1620.908,3243.658,0.011,0.010,0.011,0.000
TARGET472,-6637.072,1753.566,3222.005,0.013,0.011,0.012,0.000
TARGET473,-6429.998,1291.728,2869.733,0.010,0.010,0.010,0.000
TARGET474,-6839.459,1457.440,2811.718,0.012,0.010,0.011,0.000
TARGET475,-6647.829,1224.306,2680.877,0.011,0.011,0.010,0.000
TARGET478,-189.335,1617.691,-1337.496,0.194,0.059,0.082,0.000
TARGET479,-5001.116,-3191.827,-1283.311,0.010,0.013,0.011,0.000
TARGET480,-7114.064,1369.841,2568.037,0.012,0.010,0.011,0.000
TARGET481,-7755.029,-1445.351,-890.206,0.014,0.011,0.013,0.000
TARGET482,-7773.849,-1235.459,-658.523,0.013,0.011,0.013,0.000
TARGET483,-6687.457,1059.471,2489.932,0.010,0.010,0.010,0.000
TARGET484,-6596.076,1920.870,3411.372,0.013,0.011,0.012,0.000
TARGET485,-6868.018,1828.061,3169.619,0.013,0.011,0.012,0.000
TARGET486,-6627.131,1531.610,3004.304,0.012,0.011,0.011,0.000
TARGET487,-7082.642,1758.807,2980.611,0.012,0.010,0.011,0.000
TARGET488,-7124.381,1592.258,2788.777,0.013,0.010,0.011,0.000
TARGET489,-9013.559,1157.058,1210.604,0.012,0.010,0.011,0.000
TARGET490,-8100.304,1289.621,1910.566,0.011,0.010,0.010,0.000
TARGET491,-8326.492,1370.547,1858.987,0.012,0.010,0.011,0.000
TARGET492,-9057.695,1000.731,1015.706,0.012,0.010,0.011,0.000
TARGET493,-5172.916,1718.725,3958.837,0.013,0.012,0.013,0.000
TARGET494,-7738.809,-1080.083,-457.447,0.012,0.011,0.012,0.000
TARGET496,-7355.087,1668.037,2734.924,0.013,0.010,0.012,0.000
TARGET497,-7572.374,1603.686,2544.815,0.013,0.010,0.012,0.000
TARGET499,-9660.045,2254.984,2170.101,0.680,0.182,0.162,0.000
TARGET500,-8809.144,1227.674,1413.282,0.012,0.010,0.011,0.000
TARGET501,-9280.290,1080.422,959.677,0.013,0.010,0.011,0.000
TARGET502,-8582.407,1147.127,1468.322,0.012,0.009,0.010,0.000
TARGET505,-3023.014,-1224.554,-3954.886,0.066,0.065,0.083,0.000
TARGET506,-2502.494,-1065.752,-3510.470,0.077,0.071,0.090,0.000
TARGET507,-3423.552,-1186.795,-4296.650,0.063,0.066,0.090,0.000
TARGET508,-3192.415,-1113.614,-4107.097,0.065,0.065,0.087,0.000
TARGET509,-2897.591,-1028.330,-3859.950,0.074,0.070,0.091,0.000
TARGET510,-2670.014,-955.963,-3665.756,0.075,0.065,0.084,0.000
TARGET511,-3471.417,-877.441,-4356.385,0.065,0.063,0.089,0.000
TARGET512,-3233.708,-808.192,-4161.036,0.069,0.062,0.087,0.000
TARGET513,-2944.560,-718.963,-3918.954,0.069,0.063,0.089,0.000
TARGET514,-2711.783,-650.474,-3719.955,0.071,0.062,0.086,0.000
TARGET515,-3122.756,-530.773,-4081.616,0.068,0.061,0.089,0.000
TARGET516,-2603.711,-374.553,-3638.360,0.072,0.058,0.084,0.000
TARGET517,-3000.402,-334.390,-3986.087,0.075,0.060,0.090,0.000
TARGET518,-2772.741,-261.434,-3791.796,0.077,0.059,0.088,0.000
TARGET519,-9367.120,2061.394,2569.973,0.149,0.034,0.034,0.000
TARGET520,-9048.465,785.792,790.063,0.012,0.009,0.010,0.000
TARGET521,-9874.010,4232.971,1060.439,0.185,0.082,0.059,0.000
TARGET522,-7044.972,-1880.129,-951.513,0.013,0.011,0.013,0.000
TARGET523,-7330.688,-1745.333,-972.208,0.013,0.011,0.014,0.000
TARGET526,-9976.204,3904.614,1123.602,0.218,0.081,0.059,0.000
TARGET527,-10023.805,3587.790,1213.911,0.222,0.075,0.058,0.000
TARGET528,-4060.501,-651.844,-4849.230,0.075,0.069,0.108,0.000
TARGET529,-4364.408,-736.899,-5084.407,0.079,0.074,0.118,0.000
TARGET530,-4188.122,-847.755,-4939.811,0.067,0.068,0.104,0.000
TARGET531,-3764.597,-967.968,-4592.638,0.068,0.068,0.098,0.000
TARGET532,-4004.450,-1036.229,-4781.937,0.067,0.070,0.102,0.000
TARGET533,-8541.208,1307.291,1662.310,0.012,0.009,0.011,0.000
TARGET534,-7612.814,1438.182,2351.857,0.012,0.010,0.011,0.000
TARGET537,-448.600,1528.881,-1610.143,0.266,0.082,0.134,0.000
TARGET539,-9947.887,3969.080,1067.142,0.655,0.294,0.079,0.000
TARGET540,-1699.144,638.784,-2843.328,0.166,0.076,0.119,0.000
TARGET541,-2201.262,478.942,-3305.390,0.103,0.063,0.100,0.000
TARGET542,-2712.092,320.304,-3758.062,0.133,0.078,0.129,0.000
TARGET543,-2304.307,201.921,-3392.031,0.105,0.068,0.103,0.000
TARGET544,-2533.627,132.742,-3595.310,0.101,0.068,0.106,0.000
TARGET545,-2817.609,43.739,-3842.024,0.098,0.067,0.107,0.000
TARGET546,-3050.666,-27.141,-4041.174,0.132,0.085,0.138,0.000
TARGET547,-3340.687,-115.679,-4284.030,0.128,0.088,0.145,0.000
TARGET548,-3578.081,-183.815,-4479.246,0.090,0.066,0.108,0.000
TARGET549,-3871.966,-271.964,-4715.757,0.080,0.066,0.110,0.000
TARGET550,-3295.692,-420.171,-4233.428,0.086,0.065,0.098,0.000
TARGET551,-3528.366,-493.548,-4424.561,0.084,0.067,0.102,0.000
TARGET552,-3827.698,-579.191,-4665.662,0.082,0.069,0.107,0.000
TARGET553,-8003.321,-1158.516,-715.946,0.015,0.012,0.014,0.000
TARGET554,-7559.282,-1666.631,-1024.411,0.014,0.012,0.014,0.000
TARGET555,-7492.977,3153.621,4063.789,0.041,0.041,0.106,0.000
TARGET556,-7661.902,2906.875,4028.038,0.038,0.033,0.101,0.000
TARGET557,-7721.784,2807.514,3990.833,0.038,0.028,0.096,0.000
TARGET558,-7729.942,2795.920,3986.572,0.039,0.028,0.097,0.000
TARGET559,-7741.043,2800.766,3996.916,0.038,0.028,0.096,0.000
TARGET560,-7749.509,2788.422,3991.745,0.038,0.028,0.096,0.000
TARGET561,-7842.098,1515.385,2297.410,0.013,0.011,0.012,0.000
TARGET562,-8059.048,1452.129,2103.967,0.012,0.010,0.012,0.000
TARGET564,-927.935,1369.860,-2098.372,0.207,0.066,0.110,0.000
TARGET565,-3652.502,-690.627,-4516.886,0.070,0.065,0.097,0.000
TARGET566,-4410.588,-431.558,-5136.076,0.094,0.077,0.130,0.000
TARGET567,-4112.149,-342.427,-4905.474,0.086,0.069,0.114,0.000
TARGET575,-7726.303,2820.381,4003.414,0.044,0.029,0.108,0.000
TARGET576,-7738.921,2784.021,3982.118,0.041,0.028,0.101,0.000
TARGET577,-7899.952,2544.874,3882.040,0.059,0.111,0.226,0.000
TARGET578,-2931.002,736.510,-3956.621,0.153,0.075,0.144,0.000
TARGET579,-2883.176,431.572,-3909.883,0.159,0.085,0.147,0.000
TARGET580,-3109.627,357.543,-4103.445,0.156,0.087,0.153,0.000
TARGET581,-3405.704,272.018,-4351.282,0.151,0.088,0.161,0.000
TARGET582,-3637.390,200.813,-4541.517,0.145,0.086,0.160,0.000
TARGET583,-3937.242,115.363,-4783.068,0.141,0.090,0.169,0.000
TARGET584,-4172.332,41.235,-4968.695,0.138,0.093,0.177,0.000
TARGET585,-3231.973,160.906,-4202.052,0.156,0.091,0.159,0.000
TARGET586,-3760.965,4.810,-4636.865,0.146,0.093,0.166,0.000
TARGET587,-4297.933,-155.775,-5060.109,0.083,0.068,0.121,0.000
TARGET588,-7391.286,3384.585,4088.434,0.046,0.053,0.123,0.000
TARGET589,-7231.928,3812.696,4048.842,0.048,0.058,0.114,0.000
TARGET592,-4531.110,1776.199,4576.386,0.113,0.084,0.088,0.000
TARGET601,-5841.317,1974.862,3911.199,0.030,0.041,0.027,0.000
TARGET602,-7744.173,2821.530,4015.260,0.057,0.039,0.148,0.000
TARGET603,-7341.710,3374.590,4077.827,0.040,0.087,0.149,0.000
TARGET606,-3453.371,578.260,-4397.476,0.168,0.099,0.201,0.000
TARGET607,-3164.249,669.001,-4155.607,0.172,0.095,0.191,0.000
TARGET608,-5852.143,1971.638,3901.175,0.034,0.046,0.028,0.000
TARGET609,-1146.230,1300.826,-2314.516,0.197,0.066,0.114,0.000
TARGET610,-1210.258,1684.999,-2371.656,0.220,0.060,0.120,0.000
TARGET611,-4995.861,-2827.304,-846.652,0.031,0.025,0.036,0.000
TARGET616,-2339.057,-2097.182,1403.400,0.343,0.333,0.074,0.000
TARGET618,-7329.316,4685.258,4983.698,0.091,0.225,0.375,0.000
TARGET620,-7343.602,4691.202,4997.471,0.091,0.226,0.377,0.000
TARGET623,-2932.356,-3472.233,-1217.689,0.024,0.052,0.050,0.000
TARGET626,-2311.139,-2156.013,1401.586,0.522,0.617,0.137,0.000
TARGET627,-5865.033,1964.750,3894.506,0.052,0.096,0.047,0.000
TARGET628,-5862.975,1957.071,3910.274,0.052,0.097,0.048,0.000
TARGET629,-7379.191,2932.667,3968.761,0.079,0.035,0.154,0.000
TARGET630,-7760.122,2792.691,4001.491,0.052,0.034,0.133,0.000
TARGET632,-1367.177,906.322,-2530.067,0.223,0.082,0.130,0.000
TARGET633,-1584.904,835.401,-2737.282,0.213,0.082,0.133,0.000
TARGET634,-2083.156,674.716,-3201.145,0.180,0.081,0.129,0.000
TARGET635,-1866.305,749.247,-3000.774,0.234,0.091,0.148,0.000
TARGET636,-2592.433,516.898,-3657.192,0.175,0.086,0.143,0.000
TARGET637,-2369.321,590.140,-3459.046,0.108,0.063,0.102,0.000
TARGET638,-1416.537,1211.974,-2577.349,0.216,0.072,0.127,0.000
TARGET639,-1639.025,1143.657,-2789.290,0.205,0.072,0.131,0.000
TARGET640,-1913.204,1054.222,-3046.762,0.227,0.081,0.146,0.000
TARGET641,-2138.379,984.380,-3254.391,0.173,0.072,0.126,0.000
TARGET642,-2418.605,894.815,-3507.210,0.170,0.074,0.134,0.000
TARGET643,-2646.950,824.115,-3709.690,0.168,0.076,0.140,0.000
TARGET644,-1320.435,1488.185,-2482.045,0.217,0.065,0.123,0.000
TARGET645,-1815.347,1331.364,-2954.533,0.228,0.072,0.141,0.000
TARGET647,-998.653,1757.934,-2161.531,0.231,0.060,0.116,0.000
TARGET648,-1486.245,1599.276,-2640.119,0.241,0.066,0.133,0.000
TARGET673,-662.898,1460.466,-1830.823,0.253,0.082,0.138,0.000
TARGET709,-2288.594,-2139.331,1401.618,0.108,0.104,0.022,0.000
TARGET713,-5836.289,1987.727,3858.779,0.075,0.097,0.062,0.000
TARGET716,-10022.833,3073.784,1464.698,0.231,0.048,0.060,0.000
TARGET722,-10035.203,3441.365,1272.907,0.240,0.058,0.073,0.000
TARGET723,-9300.981,2062.893,2703.767,0.165,0.058,0.035,0.000
TARGET724,-7156.902,4300.144,3932.996,0.078,0.151,0.233,0.000
TARGET725,-9892.485,2600.509,1834.129,0.290,0.036,0.067,0.000
TARGET726,-10775.479,3702.298,4498.780,0.888,0.290,0.302,0.000
TARGET727,-10790.340,3700.097,4484.578,0.887,0.289,0.300,0.000
TARGET728,-3412.134,-1983.738,-4168.660,0.203,0.245,0.289,0.000
TARGET730,-1983.475,-3076.578,672.132,0.315,0.139,0.328,0.000
TARGET731,-3877.026,696.470,-4746.186,0.178,0.112,0.264,0.000
TARGET732,-2827.951,1012.329,-3869.205,0.182,0.086,0.177,0.000
TARGET733,-4226.055,350.653,-5018.425,0.175,0.131,0.290,0.000
TARGET734,-4524.097,260.231,-5248.561,0.169,0.138,0.307,0.000
TARGET735,-3985.025,419.520,-4828.592,0.180,0.126,0.276,0.000
TARGET736,-3691.833,508.383,-4592.794,0.186,0.120,0.260,0.000
TARGET737,-2368.895,-2083.967,1394.379,0.402,0.366,0.066,0.000
TARGET744,-7062.768,3703.724,3994.645,0.162,0.214,0.438,0.000
TARGET745,-7273.946,3635.935,4061.371,0.173,0.258,0.552,0.000
TARGET748,-834.987,1647.087,-2001.210,0.257,0.070,0.129,0.000
TARGET749,-4476.458,-44.571,-5203.396,0.280,0.205,0.416,0.000
TARGET751,-7145.747,4516.208,3842.891,0.081,0.161,0.232,0.000
TARGET753,-1702.218,1527.695,-2846.658,0.530,0.112,0.257,0.000
TARGET754,-2317.834,1171.323,-3416.712,0.491,0.135,0.295,0.000
TARGET755,-3523.830,966.132,-4460.214,0.183,0.107,0.254,0.000
TARGET758,-3348.783,855.805,-4313.179,0.190,0.111,0.250,0.000
TARGET759,-7067.141,3683.419,3995.232,0.285,0.349,0.736,0.000
TARGET768,-1196.623,-1863.031,-982.941,0.117,0.372,0.392,0.000
TARGET813,-2014.251,-3053.783,667.493,0.168,0.094,0.104,0.000
TARGET840,-5797.435,-3255.119,-1727.652,0.377,0.869,0.421,0.000
TARGET899,-9989.236,-406.082,197.524,0.162,0.391,0.117,0.000
